PARCEL_ID,STREET,Current_Connection,COMACT,Wtr_Supp,DOM_WATER,SDATE,Sold_2021,low2_dbld_values,charge_1000_gals,low 2 x base(4.53),calc minimum 180,Oct_Cost_Num,April_Cost,Calc_Tot_Ann_Cost, Tot_Ann_Cost_num ,
5810001,ABBOTTSFORD,TOASewer,RES,PUBLIC,PUBLIC,19-Feb-03,N/A,46,$4.53 ,$208.38 ,$208.38 ,$208.38 ,$257.50 ,$465.88 ,$465.88 ,
5810002,ABBOTTSFORD,TOASewer,RES,PUBLIC,PUBLIC,10-Dec-15,N/A,36,$4.53 ,$163.08 ,$180.00 ,$180.00 ,$257.50 ,$437.50 ,$437.50 ,
5810003,ABBOTTSFORD,TOASewer,RES,PUBLIC,PUBLIC,16-Dec-14,N/A,28,$4.53 ,$126.84 ,$180.00 ,$180.00 ,$257.50 ,$437.50 ,$437.50 ,
5810004,ABBOTTSFORD,TOASewer,RES,PUBLIC,PUBLIC,31-Jul-18,N/A,34,$4.53 ,$154.02 ,$180.00 ,$180.00 ,$257.50 ,$437.50 ,$437.50 ,
5810005,ABBOTTSFORD,TOASewer,RES,PUBLIC,PUBLIC,3-Dec-19,N/A,40,$4.53 ,$181.20 ,$181.20 ,$181.20 ,$257.50 ,$438.70 ,$438.70 ,
5810006,ABBOTTSFORD,TOASewer,RES,PUBLIC,PUBLIC,28-May-03,N/A,24,$4.53 ,$108.72 ,$180.00 ,$180.00 ,$257.50 ,$437.50 ,$437.50 ,
1010001,ACORN GLEN,TOASewer,RES,PUBLIC,PUBLIC,20-Apr-21,Y,N/A,N/A,N/A,,$257.50 ,$257.50 ,$515.00 ,$515.00 ,
1010002,ACORN GLEN,TOASewer,RES,PUBLIC,PUBLIC,20-Mar-06,N/A,38,$4.53 ,$172.14 ,$180.00 ,$180.00 ,$257.50 ,$437.50 ,$437.50 ,
1010003,ACORN GLEN,TOASewer,RES,PUBLIC,PUBLIC,28-Jun-85,N/A,46,$4.53 ,$208.38 ,$208.38 ,$208.38 ,$257.50 ,$465.88 ,$465.88 ,
1010004,ACORN GLEN,TOASewer,RES,PUBLIC,PUBLIC,25-Jun-21,Y,N/A,N/A,N/A,,$257.50 ,$257.50 ,$515.00 ,$515.00 ,
1010005,ACORN GLEN,TOASewer,RES,PUBLIC,PUBLIC,19-Oct-18,N/A,24,$4.53 ,$108.72 ,$180.00 ,$180.00 ,$257.50 ,$437.50 ,$437.50 ,
1010006,ACORN GLEN,TOASewer,RES,PUBLIC,PUBLIC,29-Apr-14,N/A,28,$4.53 ,$126.84 ,$180.00 ,$180.00 ,$257.50 ,$437.50 ,$437.50 ,
1010007,ACORN GLEN,TOASewer,RES,PUBLIC,PUBLIC,5-Apr-02,N/A,52,$4.53 ,$235.56 ,$235.56 ,$235.56 ,$257.50 ,$493.06 ,$493.06 ,
1010008,ACORN GLEN,TOASewer,RES,PUBLIC,PUBLIC,31-Oct-14,N/A,14,$4.53 ,$63.42 ,$180.00 ,$180.00 ,$257.50 ,$437.50 ,$437.50 ,
1010009,ACORN GLEN,TOASewer,RES,PUBLIC,PUBLIC,18-Aug-98,N/A,32,$4.53 ,$144.96 ,$180.00 ,$180.00 ,$257.50 ,$437.50 ,$437.50 ,
1010010,ACORN GLEN,TOASewer,RES,PUBLIC,PUBLIC,22-Sep-05,N/A,58,$4.53 ,$262.74 ,$262.74 ,$262.74 ,$257.50 ,$520.24 ,$520.24 ,
6100002,ALCOTT WAY,TOASewer,RES,PUBLIC,PUBLIC,2-May-11,N/A,48,$4.53 ,$217.44 ,$217.44 ,$217.44 ,$257.50 ,$474.94 ,$474.94 ,
6100006,ALCOTT WAY,TOASewer,RES,PUBLIC,PUBLIC,27-May-10,N/A,54,$4.53 ,$244.62 ,$244.62 ,$244.62 ,$257.50 ,$502.12 ,$502.12 ,
6100010,ALCOTT WAY,TOASewer,RES,PUBLIC,PUBLIC,23-Mar-05,N/A,36,$4.53 ,$163.08 ,$180.00 ,$180.00 ,$257.50 ,$437.50 ,$437.50 ,
6100015,ALCOTT WAY,TOASewer,RES,PUBLIC,PUBLIC,12-Oct-04,N/A,40,$4.53 ,$181.20 ,$181.20 ,$181.20 ,$257.50 ,$438.70 ,$438.70 ,
6100016,ALCOTT WAY,TOASewer,RES,PUBLIC,PUBLIC,29-Aug-14,N/A,92,$4.53 ,$416.76 ,$416.76 ,$416.76 ,$257.50 ,$674.26 ,$674.26 ,
6100018,ALCOTT WAY,TOASewer,RES,PUBLIC,PUBLIC,20-Jun-16,N/A,82,$4.53 ,$371.46 ,$371.46 ,$371.46 ,$257.50 ,$628.96 ,$628.96 ,
6100019,ALCOTT WAY,TOASewer,RES,PUBLIC,PUBLIC,16-Oct-15,N/A,114,$4.53 ,$516.42 ,$516.42 ,$516.42 ,$257.50 ,$773.92 ,$773.92 ,
6100022,ALCOTT WAY,TOASewer,RES,PUBLIC,PUBLIC,2-Oct-15,N/A,4,$4.53 ,$18.12 ,$180.00 ,$180.00 ,$257.50 ,$437.50 ,$437.50 ,
6100025,ALCOTT WAY,TOASewer,RES,PUBLIC,PUBLIC,13-Dec-21,Y,N/A,N/A,N/A,,$257.50 ,$257.50 ,$515.00 ,$515.00 ,
6100026,ALCOTT WAY,TOASewer,RES,PUBLIC,PUBLIC,16-Jun-14,N/A,74,$4.53 ,$335.22 ,$335.22 ,$335.22 ,$257.50 ,$592.72 ,$592.72 ,
6100029,ALCOTT WAY,TOASewer,RES,PUBLIC,PUBLIC,27-Jan-16,N/A,52,$4.53 ,$235.56 ,$235.56 ,$235.56 ,$257.50 ,$493.06 ,$493.06 ,
6100030,ALCOTT WAY,TOASewer,RES,PUBLIC,PUBLIC,10-Mar-16,N/A,84,$4.53 ,$380.52 ,$380.52 ,$380.52 ,$257.50 ,$638.02 ,$638.02 ,
6100033,ALCOTT WAY,TOASewer,RES,PUBLIC,PUBLIC,9-May-11,N/A,52,$4.53 ,$235.56 ,$235.56 ,$235.56 ,$257.50 ,$493.06 ,$493.06 ,
6100034,ALCOTT WAY,TOASewer,RES,PUBLIC,PUBLIC,25-Jul-16,N/A,52,$4.53 ,$235.56 ,$235.56 ,$235.56 ,$257.50 ,$493.06 ,$493.06 ,
6100038,ALCOTT WAY,TOASewer,RES,PUBLIC,PUBLIC,7-Jan-05,N/A,92,$4.53 ,$416.76 ,$416.76 ,$416.76 ,$257.50 ,$674.26 ,$674.26 ,
1020001,ALDER LANE,TOASewer,RES,PUBLIC,PUBLIC,28-Apr-86,N/A,32,$4.53 ,$144.96 ,$180.00 ,$180.00 ,$257.50 ,$437.50 ,$437.50 ,
1020002,ALDER LANE,TOASewer,RES,PUBLIC,PUBLIC,29-Dec-17,N/A,30,$4.53 ,$135.90 ,$180.00 ,$180.00 ,$257.50 ,$437.50 ,$437.50 ,
1020003,ALDER LANE,TOASewer,RES,PUBLIC,PUBLIC,1-Oct-15,N/A,30,$4.53 ,$135.90 ,$180.00 ,$180.00 ,$257.50 ,$437.50 ,$437.50 ,
1020004,ALDER LANE,TOASewer,RES,PUBLIC,PUBLIC,1-Apr-19,N/A,58,$4.53 ,$262.74 ,$262.74 ,$262.74 ,$257.50 ,$520.24 ,$520.24 ,
1020005,ALDER LANE,TOASewer,RES,PUBLIC,PUBLIC,9-Mar-99,N/A,12,$4.53 ,$54.36 ,$180.00 ,$180.00 ,$257.50 ,$437.50 ,$437.50 ,
1020006,ALDER LANE,TOASewer,RES,PUBLIC,PUBLIC,7-Jun-11,N/A,12,$4.53 ,$54.36 ,$180.00 ,$180.00 ,$257.50 ,$437.50 ,$437.50 ,
1020007,ALDER LANE,TOASewer,RES,PUBLIC,PUBLIC,22-May-15,N/A,46,$4.53 ,$208.38 ,$208.38 ,$208.38 ,$257.50 ,$465.88 ,$465.88 ,
1020008,ALDER LANE,TOASewer,RES,PUBLIC,PUBLIC,22-Mar-19,N/A,52,$4.53 ,$235.56 ,$235.56 ,$235.56 ,$257.50 ,$493.06 ,$493.06 ,
1020009,ALDER LANE,TOASewer,RES,PUBLIC,PUBLIC,22-Dec-86,N/A,38,$4.53 ,$172.14 ,$180.00 ,$180.00 ,$257.50 ,$437.50 ,$437.50 ,
1020010,ALDER LANE,TOASewer,RES,PUBLIC,PUBLIC,30-Nov-16,N/A,12,$4.53 ,$54.36 ,$180.00 ,$180.00 ,$257.50 ,$437.50 ,$437.50 ,
1040001,ALPINE MEADOW LANE,TOASewer,RES,PUBLIC,PUBLIC,19-Mar-04,N/A,14,$4.53 ,$63.42 ,$180.00 ,$180.00 ,$257.50 ,$437.50 ,$437.50 ,
1040002,ALPINE MEADOW LANE,TOASewer,RES,PUBLIC,PUBLIC,21-Oct-04,N/A,28,$4.53 ,$126.84 ,$180.00 ,$180.00 ,$257.50 ,$437.50 ,$437.50 ,
1040003,ALPINE MEADOW LANE,TOASewer,RES,PUBLIC,PUBLIC,15-May-19,N/A,26,$4.53 ,$117.78 ,$180.00 ,$180.00 ,$257.50 ,$437.50 ,$437.50 ,
1040004,ALPINE MEADOW LANE,TOASewer,RES,PUBLIC,PUBLIC,27-Aug-19,N/A,24,$4.53 ,$108.72 ,$180.00 ,$180.00 ,$257.50 ,$437.50 ,$437.50 ,
1040005,ALPINE MEADOW LANE,TOASewer,RES,PUBLIC,PUBLIC,1-Oct-07,N/A,36,$4.53 ,$163.08 ,$180.00 ,$180.00 ,$257.50 ,$437.50 ,$437.50 ,
1040006,ALPINE MEADOW LANE,TOASewer,RES,PUBLIC,PUBLIC,30-Jul-19,N/A,38,$4.53 ,$172.14 ,$180.00 ,$180.00 ,$257.50 ,$437.50 ,$437.50 ,
1040007,ALPINE MEADOW LANE,TOASewer,RES,PUBLIC,PUBLIC,4-May-18,N/A,20,$4.53 ,$90.60 ,$180.00 ,$180.00 ,$257.50 ,$437.50 ,$437.50 ,
1040008,ALPINE MEADOW LANE,TOASewer,RES,PUBLIC,PUBLIC,16-Aug-19,N/A,8,$4.53 ,$36.24 ,$180.00 ,$180.00 ,$257.50 ,$437.50 ,$437.50 ,
1040009,ALPINE MEADOW LANE,TOASewer,RES,PUBLIC,PUBLIC,27-Jul-93,N/A,26,$4.53 ,$117.78 ,$180.00 ,$180.00 ,$257.50 ,$437.50 ,$437.50 ,
1040010,ALPINE MEADOW LANE,TOASewer,RES,PUBLIC,PUBLIC,19-Jun-17,N/A,24,$4.53 ,$108.72 ,$180.00 ,$180.00 ,$257.50 ,$437.50 ,$437.50 ,
1040011,ALPINE MEADOW LANE,TOASewer,RES,PUBLIC,PUBLIC,13-Jun-18,N/A,58,$4.53 ,$262.74 ,$262.74 ,$262.74 ,$257.50 ,$520.24 ,$520.24 ,
1040012,ALPINE MEADOW LANE,TOASewer,RES,PUBLIC,PUBLIC,3-Jun-14,N/A,0,$4.53 , $-   ,$180.00 ,$180.00 ,$257.50 ,$437.50 ,$437.50 ,
1040013,ALPINE MEADOW LANE,TOASewer,RES,PUBLIC,PUBLIC,26-Sep-19,N/A,32,$4.53 ,$144.96 ,$180.00 ,$180.00 ,$257.50 ,$437.50 ,$437.50 ,
1060049,ANVIL DRIVE,TOASewer,RES,PUBLIC,PUBLIC,31-Dec-14,N/A,28,$4.53 ,$126.84 ,$180.00 ,$180.00 ,$257.50 ,$437.50 ,$437.50 ,
1060051,ANVIL DRIVE,TOASewer,RES,PUBLIC,PUBLIC,18-May-10,N/A,72,$4.53 ,$326.16 ,$326.16 ,$326.16 ,$257.50 ,$583.66 ,$583.66 ,
1060054,ANVIL DRIVE,TOASewer,RES,PUBLIC,PUBLIC,27-Jul-09,N/A,84,$4.53 ,$380.52 ,$380.52 ,$380.52 ,$257.50 ,$638.02 ,$638.02 ,
1060059,ANVIL DRIVE,TOASewer,RES,PUBLIC,PUBLIC,2-Apr-87,N/A,38,$4.53 ,$172.14 ,$180.00 ,$180.00 ,$257.50 ,$437.50 ,$437.50 ,
1060064,ANVIL DRIVE,TOASewer,RES,PUBLIC,PUBLIC,24-Jun-80,N/A,36,$4.53 ,$163.08 ,$180.00 ,$180.00 ,$257.50 ,$437.50 ,$437.50 ,
1060065,ANVIL DRIVE,TOASewer,RES,PUBLIC,PUBLIC,28-Sep-20,N/A,32,$4.53 ,$144.96 ,$180.00 ,$180.00 ,$257.50 ,$437.50 ,$437.50 ,
1060069,ANVIL DRIVE,TOASewer,RES,PUBLIC,PUBLIC,17-May-05,N/A,86,$4.53 ,$389.58 ,$389.58 ,$389.58 ,$257.50 ,$647.08 ,$647.08 ,
1060075,ANVIL DRIVE,TOASewer,RES,PUBLIC,PUBLIC,3-Jun-08,N/A,136,$4.53 ,$616.08 ,$616.08 ,$616.08 ,$257.50 ,$873.58 ,$873.58 ,
1060076,ANVIL DRIVE,TOASewer,RES,PUBLIC,PUBLIC,15-Sep-82,N/A,30,$4.53 ,$135.90 ,$180.00 ,$180.00 ,$257.50 ,$437.50 ,$437.50 ,
1060079,ANVIL DRIVE,TOASewer,RES,PUBLIC,PUBLIC,18-Nov-10,N/A,30,$4.53 ,$135.90 ,$180.00 ,$180.00 ,$257.50 ,$437.50 ,$437.50 ,
1060081,ANVIL DRIVE,TOASewer,RES,PUBLIC,PUBLIC,17-Jun-81,N/A,90,$4.53 ,$407.70 ,$407.70 ,$407.70 ,$257.50 ,$665.20 ,$665.20 ,
1060086,ANVIL DRIVE,TOASewer,RES,PUBLIC,PUBLIC,5-Dec-05,N/A,40,$4.53 ,$181.20 ,$181.20 ,$181.20 ,$257.50 ,$438.70 ,$438.70 ,
1060089,ANVIL DRIVE,TOASewer,RES,PUBLIC,PUBLIC,18-Sep-18,N/A,44,$4.53 ,$199.32 ,$199.32 ,$199.32 ,$257.50 ,$456.82 ,$456.82 ,
1060092,ANVIL DRIVE,TOASewer,RES,PUBLIC,PUBLIC,16-Jun-10,N/A,88,$4.53 ,$398.64 ,$398.64 ,$398.64 ,$257.50 ,$656.14 ,$656.14 ,
1060104,ANVIL DRIVE,TOASewer,RES,PUBLIC,PUBLIC,22-Oct-13,N/A,58,$4.53 ,$262.74 ,$262.74 ,$262.74 ,$257.50 ,$520.24 ,$520.24 ,
1060107,ANVIL DRIVE,TOASewer,RES,PUBLIC,PUBLIC,4-Dec-89,N/A,90,$4.53 ,$407.70 ,$407.70 ,$407.70 ,$257.50 ,$665.20 ,$665.20 ,
1060112,ANVIL DRIVE,TOASewer,RES,PUBLIC,PUBLIC,8-Apr-83,N/A,58,$4.53 ,$262.74 ,$262.74 ,$262.74 ,$257.50 ,$520.24 ,$520.24 ,
1060113,ANVIL DRIVE,TOASewer,RES,PUBLIC,PUBLIC,26-Apr-05,N/A,90,$4.53 ,$407.70 ,$407.70 ,$407.70 ,$257.50 ,$665.20 ,$665.20 ,
1060118,ANVIL DRIVE,TOASewer,RES,PUBLIC,PUBLIC,13-Aug-09,N/A,54,$4.53 ,$244.62 ,$244.62 ,$244.62 ,$257.50 ,$502.12 ,$502.12 ,
1060121,ANVIL DRIVE,TOASewer,RES,PUBLIC,PUBLIC,28-Nov-95,N/A,72,$4.53 ,$326.16 ,$326.16 ,$326.16 ,$257.50 ,$583.66 ,$583.66 ,
1060122,ANVIL DRIVE,TOASewer,RES,PUBLIC,PUBLIC,9-May-11,N/A,16,$4.53 ,$72.48 ,$180.00 ,$180.00 ,$257.50 ,$437.50 ,$437.50 ,
1060128,ANVIL DRIVE,TOASewer,RES,PUBLIC,PUBLIC,15-Apr-83,N/A,72,$4.53 ,$326.16 ,$326.16 ,$326.16 ,$257.50 ,$583.66 ,$583.66 ,
1060133,ANVIL DRIVE,TOASewer,RES,PUBLIC,PUBLIC,17-Sep-07,N/A,48,$4.53 ,$217.44 ,$217.44 ,$217.44 ,$257.50 ,$474.94 ,$474.94 ,
1060134,ANVIL DRIVE,TOASewer,RES,PUBLIC,PUBLIC,4-May-83,N/A,40,$4.53 ,$181.20 ,$181.20 ,$181.20 ,$257.50 ,$438.70 ,$438.70 ,
1060139,ANVIL DRIVE,TOASewer,RES,PUBLIC,PUBLIC,4-Oct-17,N/A,50,$4.53 ,$226.50 ,$226.50 ,$226.50 ,$257.50 ,$484.00 ,$484.00 ,
1060142,ANVIL DRIVE,TOASewer,RES,PUBLIC,PUBLIC,1-Jul-16,N/A,40,$4.53 ,$181.20 ,$181.20 ,$181.20 ,$257.50 ,$438.70 ,$438.70 ,
1060143,ANVIL DRIVE,TOASewer,RES,PUBLIC,PUBLIC,23-Nov-98,N/A,134,$4.53 ,$607.02 ,$607.02 ,$607.02 ,$257.50 ,$864.52 ,$864.52 ,
1060147,ANVIL DRIVE,TOASewer,RES,PUBLIC,PUBLIC,4-Dec-18,N/A,22,$4.53 ,$99.66 ,$180.00 ,$180.00 ,$257.50 ,$437.50 ,$437.50 ,
1060151,ANVIL DRIVE,TOASewer,RES,PUBLIC,PUBLIC,4-Oct-83,N/A,36,$4.53 ,$163.08 ,$180.00 ,$180.00 ,$257.50 ,$437.50 ,$437.50 ,
1070001,APPLEWOOD LANE,TOASewer,RES,PUBLIC,PUBLIC,24-May-21,Y,N/A,N/A,N/A,,$257.50 ,$257.50 ,$515.00 ,$515.00 ,
1070002,APPLEWOOD LANE,TOASewer,RES,PUBLIC,PUBLIC,1-Aug-97,N/A,30,$4.53 ,$135.90 ,$180.00 ,$180.00 ,$257.50 ,$437.50 ,$437.50 ,
1070003,APPLEWOOD LANE,TOASewer,RES,PUBLIC,PUBLIC,6-Jan-04,N/A,12,$4.53 ,$54.36 ,$180.00 ,$180.00 ,$257.50 ,$437.50 ,$437.50 ,
1070004,APPLEWOOD LANE,TOASewer,RES,PUBLIC,PUBLIC,8-Jul-21,Y,N/A,N/A,N/A,,$257.50 ,$257.50 ,$515.00 ,$515.00 ,
1070005,APPLEWOOD LANE,TOASewer,RES,PUBLIC,PUBLIC,20-Nov-81,N/A,24,$4.53 ,$108.72 ,$180.00 ,$180.00 ,$257.50 ,$437.50 ,$437.50 ,
1070006,APPLEWOOD LANE,TOASewer,RES,PUBLIC,PUBLIC,5-Oct-20,N/A,22,$4.53 ,$99.66 ,$180.00 ,$180.00 ,$257.50 ,$437.50 ,$437.50 ,
1070007,APPLEWOOD LANE,TOASewer,RES,PUBLIC,PUBLIC,27-Oct-05,N/A,50,$4.53 ,$226.50 ,$226.50 ,$226.50 ,$257.50 ,$484.00 ,$484.00 ,
1070008,APPLEWOOD LANE,TOASewer,RES,PUBLIC,PUBLIC,24-Feb-21,Y,N/A,N/A,N/A,,$257.50 ,$257.50 ,$515.00 ,$515.00 ,
1070009,APPLEWOOD LANE,TOASewer,RES,PUBLIC,PUBLIC,12-Dec-16,N/A,12,$4.53 ,$54.36 ,$180.00 ,$180.00 ,$257.50 ,$437.50 ,$437.50 ,
1070010,APPLEWOOD LANE,TOASewer,RES,PUBLIC,PUBLIC,30-Sep-09,N/A,24,$4.53 ,$108.72 ,$180.00 ,$180.00 ,$257.50 ,$437.50 ,$437.50 ,
1070011,APPLEWOOD LANE,TOASewer,RES,PUBLIC,PUBLIC,19-Jun-12,N/A,40,$4.53 ,$181.20 ,$181.20 ,$181.20 ,$257.50 ,$438.70 ,$438.70 ,
1070012,APPLEWOOD LANE,TOASewer,RES,PUBLIC,PUBLIC,18-Aug-16,N/A,8,$4.53 ,$36.24 ,$180.00 ,$180.00 ,$257.50 ,$437.50 ,$437.50 ,
1070013,APPLEWOOD LANE,TOASewer,RES,PUBLIC,PUBLIC,8-Nov-02,N/A,12,$4.53 ,$54.36 ,$180.00 ,$180.00 ,$257.50 ,$437.50 ,$437.50 ,
1070014,APPLEWOOD LANE,TOASewer,RES,PUBLIC,PUBLIC,31-Jan-13,N/A,10,$4.53 ,$45.30 ,$180.00 ,$180.00 ,$257.50 ,$437.50 ,$437.50 ,
1070015,APPLEWOOD LANE,TOASewer,RES,PUBLIC,PUBLIC,26-May-20,N/A,12,$4.53 ,$54.36 ,$180.00 ,$180.00 ,$257.50 ,$437.50 ,$437.50 ,
1070016,APPLEWOOD LANE,TOASewer,RES,PUBLIC,PUBLIC,2-Jul-18,N/A,96,$4.53 ,$434.88 ,$434.88 ,$434.88 ,$257.50 ,$692.38 ,$692.38 ,
1070017,APPLEWOOD LANE,TOASewer,RES,PUBLIC,PUBLIC,8-Jul-05,N/A,34,$4.53 ,$154.02 ,$180.00 ,$180.00 ,$257.50 ,$437.50 ,$437.50 ,
1070018,APPLEWOOD LANE,TOASewer,RES,PUBLIC,PUBLIC,25-Jul-86,N/A,20,$4.53 ,$90.60 ,$180.00 ,$180.00 ,$257.50 ,$437.50 ,$437.50 ,
1070019,APPLEWOOD LANE,TOASewer,RES,PUBLIC,PUBLIC,2-Dec-20,N/A,34,$4.53 ,$154.02 ,$180.00 ,$180.00 ,$257.50 ,$437.50 ,$437.50 ,
1070020,APPLEWOOD LANE,TOASewer,RES,PUBLIC,PUBLIC,25-May-18,N/A,18,$4.53 ,$81.54 ,$180.00 ,$180.00 ,$257.50 ,$437.50 ,$437.50 ,
1070021,APPLEWOOD LANE,TOASewer,RES,PUBLIC,PUBLIC,18-May-99,N/A,22,$4.53 ,$99.66 ,$180.00 ,$180.00 ,$257.50 ,$437.50 ,$437.50 ,
1070022,APPLEWOOD LANE,TOASewer,RES,PUBLIC,PUBLIC,20-Sep-94,N/A,30,$4.53 ,$135.90 ,$180.00 ,$180.00 ,$257.50 ,$437.50 ,$437.50 ,
1070023,APPLEWOOD LANE,TOASewer,RES,PUBLIC,PUBLIC,7-Dec-20,N/A,6,$4.53 ,$27.18 ,$180.00 ,$180.00 ,$257.50 ,$437.50 ,$437.50 ,
1070024,APPLEWOOD LANE,TOASewer,RES,PUBLIC,PUBLIC,22-Apr-19,N/A,36,$4.53 ,$163.08 ,$180.00 ,$180.00 ,$257.50 ,$437.50 ,$437.50 ,
1070025,APPLEWOOD LANE,TOASewer,RES,PUBLIC,PUBLIC,3-Jun-20,N/A,32,$4.53 ,$144.96 ,$180.00 ,$180.00 ,$257.50 ,$437.50 ,$437.50 ,
1070026,APPLEWOOD LANE,TOASewer,RES,PUBLIC,PUBLIC,26-Nov-03,N/A,18,$4.53 ,$81.54 ,$180.00 ,$180.00 ,$257.50 ,$437.50 ,$437.50 ,
1070027,APPLEWOOD LANE,TOASewer,RES,PUBLIC,PUBLIC,10-Sep-07,N/A,58,$4.53 ,$262.74 ,$262.74 ,$262.74 ,$257.50 ,$520.24 ,$520.24 ,
1070028,APPLEWOOD LANE,TOASewer,RES,PUBLIC,PUBLIC,15-Dec-21,Y,N/A,N/A,N/A,,$257.50 ,$257.50 ,$515.00 ,$515.00 ,
1070029,APPLEWOOD LANE,TOASewer,RES,PUBLIC,PUBLIC,4-Jan-21,Y,N/A,N/A,N/A,,$257.50 ,$257.50 ,$515.00 ,$515.00 ,
1070030,APPLEWOOD LANE,TOASewer,RES,PUBLIC,PUBLIC,2-Nov-87,N/A,34,$4.53 ,$154.02 ,$180.00 ,$180.00 ,$257.50 ,$437.50 ,$437.50 ,
1070031,APPLEWOOD LANE,TOASewer,RES,PUBLIC,PUBLIC,20-Aug-09,N/A,0,$4.53 , $-   ,$180.00 ,$180.00 ,$257.50 ,$437.50 ,$437.50 ,
1070032,APPLEWOOD LANE,TOASewer,RES,PUBLIC,PUBLIC,15-May-92,N/A,16,$4.53 ,$72.48 ,$180.00 ,$180.00 ,$257.50 ,$437.50 ,$437.50 ,
1070033,APPLEWOOD LANE,TOASewer,RES,PUBLIC,PUBLIC,16-Oct-20,N/A,16,$4.53 ,$72.48 ,$180.00 ,$180.00 ,$257.50 ,$437.50 ,$437.50 ,
1070034,APPLEWOOD LANE,TOASewer,RES,PUBLIC,PUBLIC,18-Jun-91,N/A,0,$4.53 , $-   ,$180.00 ,$180.00 ,$257.50 ,$437.50 ,$437.50 ,
1070035,APPLEWOOD LANE,TOASewer,RES,PUBLIC,PUBLIC,22-Oct-93,N/A,34,$4.53 ,$154.02 ,$180.00 ,$180.00 ,$257.50 ,$437.50 ,$437.50 ,
1070036,APPLEWOOD LANE,TOASewer,RES,PUBLIC,PUBLIC,2-Oct-80,N/A,18,$4.53 ,$81.54 ,$180.00 ,$180.00 ,$257.50 ,$437.50 ,$437.50 ,
1070037,APPLEWOOD LANE,TOASewer,RES,PUBLIC,PUBLIC,28-May-19,N/A,42,$4.53 ,$190.26 ,$190.26 ,$190.26 ,$257.50 ,$447.76 ,$447.76 ,
1070038,APPLEWOOD LANE,TOASewer,RES,PUBLIC,PUBLIC,25-Feb-20,N/A,6,$4.53 ,$27.18 ,$180.00 ,$180.00 ,$257.50 ,$437.50 ,$437.50 ,
1070039,APPLEWOOD LANE,TOASewer,RES,PUBLIC,PUBLIC,1-Aug-97,N/A,22,$4.53 ,$99.66 ,$180.00 ,$180.00 ,$257.50 ,$437.50 ,$437.50 ,
1070040,APPLEWOOD LANE,TOASewer,RES,PUBLIC,PUBLIC,5-Sep-17,N/A,16,$4.53 ,$72.48 ,$180.00 ,$180.00 ,$257.50 ,$437.50 ,$437.50 ,
1070041,APPLEWOOD LANE,TOASewer,RES,PUBLIC,PUBLIC,18-Dec-14,N/A,32,$4.53 ,$144.96 ,$180.00 ,$180.00 ,$257.50 ,$437.50 ,$437.50 ,
1070042,APPLEWOOD LANE,TOASewer,RES,PUBLIC,PUBLIC,19-Jul-21,Y,N/A,N/A,N/A,,$257.50 ,$257.50 ,$515.00 ,$515.00 ,
1070043,APPLEWOOD LANE,TOASewer,RES,PUBLIC,PUBLIC,6-May-21,Y,N/A,N/A,N/A,,$257.50 ,$257.50 ,$515.00 ,$515.00 ,
1070044,APPLEWOOD LANE,TOASewer,RES,PUBLIC,PUBLIC,6-Apr-15,N/A,24,$4.53 ,$108.72 ,$180.00 ,$180.00 ,$257.50 ,$437.50 ,$437.50 ,
1070045,APPLEWOOD LANE,TOASewer,RES,PUBLIC,PUBLIC,31-May-13,N/A,20,$4.53 ,$90.60 ,$180.00 ,$180.00 ,$257.50 ,$437.50 ,$437.50 ,
1070046,APPLEWOOD LANE,TOASewer,RES,PUBLIC,PUBLIC,2-Sep-11,N/A,34,$4.53 ,$154.02 ,$180.00 ,$180.00 ,$257.50 ,$437.50 ,$437.50 ,
1070047,APPLEWOOD LANE,TOASewer,RES,PUBLIC,PUBLIC,9-May-17,N/A,52,$4.53 ,$235.56 ,$235.56 ,$235.56 ,$257.50 ,$493.06 ,$493.06 ,
1070048,APPLEWOOD LANE,TOASewer,RES,PUBLIC,PUBLIC,1-Feb-91,N/A,28,$4.53 ,$126.84 ,$180.00 ,$180.00 ,$257.50 ,$437.50 ,$437.50 ,
5820010,ARBOR ROAD,TOASewer,RES,PUBLIC,PUBLIC,16-Sep-16,N/A,38,$4.53 ,$172.14 ,$180.00 ,$180.00 ,$257.50 ,$437.50 ,$437.50 ,
5820020,ARBOR ROAD,TOASewer,RES,WELL,PRIVATE,N/A,N/A,N/A,N/A,N/A,,$257.50 ,$257.50 ,$515.00 ,$515.00 ,
1100004,ARDSLEY WAY,TOASewer,RES,PUBLIC,PUBLIC,22-Sep-16,N/A,50,$4.53 ,$226.50 ,$226.50 ,$226.50 ,$257.50 ,$484.00 ,$484.00 ,
1100005,ARDSLEY WAY,TOASewer,RES,PUBLIC,PUBLIC,18-Jul-91,N/A,40,$4.53 ,$181.20 ,$181.20 ,$181.20 ,$257.50 ,$438.70 ,$438.70 ,
1100010,ARDSLEY WAY,TOASewer,RES,PUBLIC,PUBLIC,16-May-94,N/A,50,$4.53 ,$226.50 ,$226.50 ,$226.50 ,$257.50 ,$484.00 ,$484.00 ,
1100015,ARDSLEY WAY,TOASewer,RES,PUBLIC,PUBLIC,5-Jul-05,N/A,78,$4.53 ,$353.34 ,$353.34 ,$353.34 ,$257.50 ,$610.84 ,$610.84 ,
1100016,ARDSLEY WAY,TOASewer,RES,PUBLIC,PUBLIC,15-May-20,N/A,66,$4.53 ,$298.98 ,$298.98 ,$298.98 ,$257.50 ,$556.48 ,$556.48 ,
1100017,ARDSLEY WAY,TOASewer,RES,PUBLIC,PUBLIC,19-Sep-83,N/A,36,$4.53 ,$163.08 ,$180.00 ,$180.00 ,$257.50 ,$437.50 ,$437.50 ,
1110010,ARIEL WAY,TOASewer,RES,PUBLIC,PUBLIC,16-Aug-17,N/A,90,$4.53 ,$407.70 ,$407.70 ,$407.70 ,$257.50 ,$665.20 ,$665.20 ,
1110015,ARIEL WAY,TOASewer,RES,PUBLIC,PUBLIC,30-Sep-08,N/A,60,$4.53 ,$271.80 ,$271.80 ,$271.80 ,$257.50 ,$529.30 ,$529.30 ,
1110016,ARIEL WAY,TOASewer,RES,PUBLIC,PUBLIC,16-Dec-85,N/A,34,$4.53 ,$154.02 ,$180.00 ,$180.00 ,$257.50 ,$437.50 ,$437.50 ,
1110020,ARIEL WAY,TOASewer,RES,PUBLIC,PUBLIC,20-Jun-00,N/A,56,$4.53 ,$253.68 ,$253.68 ,$253.68 ,$257.50 ,$511.18 ,$511.18 ,
1110023,ARIEL WAY,TOASewer,RES,PUBLIC,PUBLIC,19-Feb-13,N/A,42,$4.53 ,$190.26 ,$190.26 ,$190.26 ,$257.50 ,$447.76 ,$447.76 ,
1110028,ARIEL WAY,TOASewer,RES,PUBLIC,PUBLIC,1-Feb-99,N/A,36,$4.53 ,$163.08 ,$180.00 ,$180.00 ,$257.50 ,$437.50 ,$437.50 ,
1110029,ARIEL WAY,TOASewer,RES,PUBLIC,PUBLIC,24-Mar-14,N/A,48,$4.53 ,$217.44 ,$217.44 ,$217.44 ,$257.50 ,$474.94 ,$474.94 ,
1110033,ARIEL WAY,TOASewer,RES,PUBLIC,PUBLIC,5-Oct-04,N/A,62,$4.53 ,$280.86 ,$280.86 ,$280.86 ,$257.50 ,$538.36 ,$538.36 ,
1110036,ARIEL WAY,TOASewer,RES,PUBLIC,PUBLIC,14-Jan-13,N/A,86,$4.53 ,$389.58 ,$389.58 ,$389.58 ,$257.50 ,$647.08 ,$647.08 ,
1110037,ARIEL WAY,TOASewer,RES,PUBLIC,PUBLIC,29-May-18,N/A,86,$4.53 ,$389.58 ,$389.58 ,$389.58 ,$257.50 ,$647.08 ,$647.08 ,
1110040,ARIEL WAY,TOASewer,RES,PUBLIC,PUBLIC,21-Jan-92,N/A,46,$4.53 ,$208.38 ,$208.38 ,$208.38 ,$257.50 ,$465.88 ,$465.88 ,
6260002,ARLINGTON DRIVE,TOASewer,RES,PUBLIC,PUBLIC,28-Jul-20,N/A,30,$4.53 ,$135.90 ,$180.00 ,$180.00 ,$257.50 ,$437.50 ,$437.50 ,
6260003,ARLINGTON DRIVE,TOASewer,RES,PUBLIC,PUBLIC,25-Sep-18,N/A,34,$4.53 ,$154.02 ,$180.00 ,$180.00 ,$257.50 ,$437.50 ,$437.50 ,
6260004,ARLINGTON DRIVE,TOASewer,RES,PUBLIC,PUBLIC,9-Nov-20,N/A,40,$4.53 ,$181.20 ,$181.20 ,$181.20 ,$257.50 ,$438.70 ,$438.70 ,
6260005,ARLINGTON DRIVE,TOASewer,RES,PUBLIC,PUBLIC,27-Jun-06,N/A,50,$4.53 ,$226.50 ,$226.50 ,$226.50 ,$257.50 ,$484.00 ,$484.00 ,
6260006,ARLINGTON DRIVE,TOASewer,RES,PUBLIC,PUBLIC,27-Dec-21,Y,N/A,N/A,N/A,,$257.50 ,$257.50 ,$515.00 ,$515.00 ,
6260007,ARLINGTON DRIVE,TOASewer,RES,PUBLIC,PUBLIC,31-Aug-18,N/A,98,$4.53 ,$443.94 ,$443.94 ,$443.94 ,$257.50 ,$701.44 ,$701.44 ,
6260009,ARLINGTON DRIVE,TOASewer,RES,PUBLIC,PUBLIC,20-Sep-18,N/A,58,$4.53 ,$262.74 ,$262.74 ,$262.74 ,$257.50 ,$520.24 ,$520.24 ,
6260010,ARLINGTON DRIVE,TOASewer,RES,PUBLIC,PUBLIC,1-Oct-20,N/A,56,$4.53 ,$253.68 ,$253.68 ,$253.68 ,$257.50 ,$511.18 ,$511.18 ,
6260011,ARLINGTON DRIVE,TOASewer,RES,PUBLIC,PUBLIC,13-Jun-12,N/A,74,$4.53 ,$335.22 ,$335.22 ,$335.22 ,$257.50 ,$592.72 ,$592.72 ,
6260012,ARLINGTON DRIVE,TOASewer,RES,PUBLIC,PUBLIC,19-Oct-09,N/A,46,$4.53 ,$208.38 ,$208.38 ,$208.38 ,$257.50 ,$465.88 ,$465.88 ,
6260015,ARLINGTON DRIVE,TOASewer,RES,PUBLIC,PUBLIC,19-Nov-07,N/A,44,$4.53 ,$199.32 ,$199.32 ,$199.32 ,$257.50 ,$456.82 ,$456.82 ,
6260016,ARLINGTON DRIVE,TOASewer,RES,PUBLIC,PUBLIC,19-May-09,N/A,92,$4.53 ,$416.76 ,$416.76 ,$416.76 ,$257.50 ,$674.26 ,$674.26 ,
6260017,ARLINGTON DRIVE,TOASewer,RES,PUBLIC,PUBLIC,16-Jun-06,N/A,72,$4.53 ,$326.16 ,$326.16 ,$326.16 ,$257.50 ,$583.66 ,$583.66 ,
6260019,ARLINGTON DRIVE,TOASewer,RES,PUBLIC,PUBLIC,19-Jun-09,N/A,56,$4.53 ,$253.68 ,$253.68 ,$253.68 ,$257.50 ,$511.18 ,$511.18 ,
6260021,ARLINGTON DRIVE,TOASewer,RES,PUBLIC,PUBLIC,28-May-13,N/A,112,$4.53 ,$507.36 ,$507.36 ,$507.36 ,$257.50 ,$764.86 ,$764.86 ,
6260022,ARLINGTON DRIVE,TOASewer,RES,PUBLIC,PUBLIC,7-Aug-06,N/A,44,$4.53 ,$199.32 ,$199.32 ,$199.32 ,$257.50 ,$456.82 ,$456.82 ,
6260023,ARLINGTON DRIVE,TOASewer,RES,PUBLIC,PUBLIC,15-Aug-17,N/A,54,$4.53 ,$244.62 ,$244.62 ,$244.62 ,$257.50 ,$502.12 ,$502.12 ,
6260025,ARLINGTON DRIVE,TOASewer,RES,PUBLIC,PUBLIC,3-Aug-15,N/A,66,$4.53 ,$298.98 ,$298.98 ,$298.98 ,$257.50 ,$556.48 ,$556.48 ,
6260027,ARLINGTON DRIVE,TOASewer,RES,PUBLIC,PUBLIC,7-Dec-06,N/A,62,$4.53 ,$280.86 ,$280.86 ,$280.86 ,$257.50 ,$538.36 ,$538.36 ,
6260029,ARLINGTON DRIVE,TOASewer,RES,PUBLIC,PUBLIC,1-Jun-07,N/A,68,$4.53 ,$308.04 ,$308.04 ,$308.04 ,$257.50 ,$565.54 ,$565.54 ,
6260031,ARLINGTON DRIVE,TOASewer,RES,PUBLIC,PUBLIC,4-Aug-08,N/A,138,$4.53 ,$625.14 ,$625.14 ,$625.14 ,$257.50 ,$882.64 ,$882.64 ,
6260032,ARLINGTON DRIVE,TOASewer,RES,PUBLIC,PUBLIC,1-May-18,N/A,78,$4.53 ,$353.34 ,$353.34 ,$353.34 ,$257.50 ,$610.84 ,$610.84 ,
6260033,ARLINGTON DRIVE,TOASewer,RES,PUBLIC,PUBLIC,21-Jan-16,N/A,112,$4.53 ,$507.36 ,$507.36 ,$507.36 ,$257.50 ,$764.86 ,$764.86 ,
6260035,ARLINGTON DRIVE,TOASewer,RES,PUBLIC,PUBLIC,2-Dec-09,N/A,48,$4.53 ,$217.44 ,$217.44 ,$217.44 ,$257.50 ,$474.94 ,$474.94 ,
6260036,ARLINGTON DRIVE,TOASewer,RES,PUBLIC,PUBLIC,17-Jun-08,N/A,56,$4.53 ,$253.68 ,$253.68 ,$253.68 ,$257.50 ,$511.18 ,$511.18 ,
6260037,ARLINGTON DRIVE,TOASewer,RES,PUBLIC,PUBLIC,21-May-09,N/A,92,$4.53 ,$416.76 ,$416.76 ,$416.76 ,$257.50 ,$674.26 ,$674.26 ,
6260038,ARLINGTON DRIVE,TOASewer,RES,PUBLIC,PUBLIC,17-Aug-06,N/A,96,$4.53 ,$434.88 ,$434.88 ,$434.88 ,$257.50 ,$692.38 ,$692.38 ,
6260042,ARLINGTON DRIVE,TOASewer,RES,PUBLIC,PUBLIC,25-Aug-08,N/A,126,$4.53 ,$570.78 ,$570.78 ,$570.78 ,$257.50 ,$828.28 ,$828.28 ,
6260044,ARLINGTON DRIVE,TOASewer,RES,PUBLIC,PUBLIC,12-Sep-13,N/A,68,$4.53 ,$308.04 ,$308.04 ,$308.04 ,$257.50 ,$565.54 ,$565.54 ,
1120001,ARROWHEAD COURT,TOASewer,RES,PUBLIC,PUBLIC,15-Oct-07,N/A,12,$4.53 ,$54.36 ,$180.00 ,$180.00 ,$257.50 ,$437.50 ,$437.50 ,
1120002,ARROWHEAD COURT,TOASewer,RES,PUBLIC,PUBLIC,17-Jun-91,N/A,28,$4.53 ,$126.84 ,$180.00 ,$180.00 ,$257.50 ,$437.50 ,$437.50 ,
1120003,ARROWHEAD COURT,TOASewer,RES,PUBLIC,PUBLIC,2-Jan-20,N/A,40,$4.53 ,$181.20 ,$181.20 ,$181.20 ,$257.50 ,$438.70 ,$438.70 ,
1120004,ARROWHEAD COURT,TOASewer,RES,PUBLIC,PUBLIC,15-Apr-03,N/A,10,$4.53 ,$45.30 ,$180.00 ,$180.00 ,$257.50 ,$437.50 ,$437.50 ,
1120005,ARROWHEAD COURT,TOASewer,RES,PUBLIC,PUBLIC,3-Nov-15,N/A,24,$4.53 ,$108.72 ,$180.00 ,$180.00 ,$257.50 ,$437.50 ,$437.50 ,
1120006,ARROWHEAD COURT,TOASewer,RES,PUBLIC,PUBLIC,3-Feb-20,N/A,18,$4.53 ,$81.54 ,$180.00 ,$180.00 ,$257.50 ,$437.50 ,$437.50 ,
1120007,ARROWHEAD COURT,TOASewer,RES,PUBLIC,PUBLIC,22-Nov-16,N/A,32,$4.53 ,$144.96 ,$180.00 ,$180.00 ,$257.50 ,$437.50 ,$437.50 ,
1120008,ARROWHEAD COURT,TOASewer,RES,PUBLIC,PUBLIC,7-Jul-87,N/A,4,$4.53 ,$18.12 ,$180.00 ,$180.00 ,$257.50 ,$437.50 ,$437.50 ,
1120009,ARROWHEAD COURT,TOASewer,RES,PUBLIC,PUBLIC,1-Jan-01,N/A,30,$4.53 ,$135.90 ,$180.00 ,$180.00 ,$257.50 ,$437.50 ,$437.50 ,
1150001,ASHFORD DRIVE,TOASewer,RES,PUBLIC,PUBLIC,12-Mar-19,N/A,22,$4.53 ,$99.66 ,$180.00 ,$180.00 ,$257.50 ,$437.50 ,$437.50 ,
1150002,ASHFORD DRIVE,TOASewer,RES,PUBLIC,PUBLIC,13-Jul-21,Y,N/A,N/A,N/A,,$257.50 ,$257.50 ,$515.00 ,$515.00 ,
1150003,ASHFORD DRIVE,TOASewer,RES,PUBLIC,PUBLIC,9-Nov-20,N/A,36,$4.53 ,$163.08 ,$180.00 ,$180.00 ,$257.50 ,$437.50 ,$437.50 ,
1150004,ASHFORD DRIVE,TOASewer,RES,PUBLIC,PUBLIC,25-Oct-19,N/A,32,$4.53 ,$144.96 ,$180.00 ,$180.00 ,$257.50 ,$437.50 ,$437.50 ,
1150005,ASHFORD DRIVE,TOASewer,RES,PUBLIC,PUBLIC,28-Jun-16,N/A,0,$4.53 , $-   ,$180.00 ,$180.00 ,$257.50 ,$437.50 ,$437.50 ,
1150006,ASHFORD DRIVE,TOASewer,RES,PUBLIC,PUBLIC,29-Jun-92,N/A,42,$4.53 ,$190.26 ,$190.26 ,$190.26 ,$257.50 ,$447.76 ,$447.76 ,
1150007,ASHFORD DRIVE,TOASewer,RES,PUBLIC,PUBLIC,12-Feb-09,N/A,54,$4.53 ,$244.62 ,$244.62 ,$244.62 ,$257.50 ,$502.12 ,$502.12 ,
1150008,ASHFORD DRIVE,TOASewer,RES,PUBLIC,PUBLIC,26-May-10,N/A,6,$4.53 ,$27.18 ,$180.00 ,$180.00 ,$257.50 ,$437.50 ,$437.50 ,
1150009,ASHFORD DRIVE,TOASewer,RES,PUBLIC,PUBLIC,2-Mar-04,N/A,16,$4.53 ,$72.48 ,$180.00 ,$180.00 ,$257.50 ,$437.50 ,$437.50 ,
1150010,ASHFORD DRIVE,TOASewer,RES,PUBLIC,PUBLIC,11-Feb-91,N/A,0,$4.53 , $-   ,$180.00 ,$180.00 ,$257.50 ,$437.50 ,$437.50 ,
1150011,ASHFORD DRIVE,TOASewer,RES,PUBLIC,PUBLIC,16-Nov-10,N/A,28,$4.53 ,$126.84 ,$180.00 ,$180.00 ,$257.50 ,$437.50 ,$437.50 ,
1150012,ASHFORD DRIVE,TOASewer,RES,PUBLIC,PUBLIC,4-Dec-15,N/A,12,$4.53 ,$54.36 ,$180.00 ,$180.00 ,$257.50 ,$437.50 ,$437.50 ,
1150013,ASHFORD DRIVE,TOASewer,RES,PUBLIC,PUBLIC,2-Feb-17,N/A,38,$4.53 ,$172.14 ,$180.00 ,$180.00 ,$257.50 ,$437.50 ,$437.50 ,
1150014,ASHFORD DRIVE,TOASewer,RES,PUBLIC,PUBLIC,31-Jan-20,N/A,8,$4.53 ,$36.24 ,$180.00 ,$180.00 ,$257.50 ,$437.50 ,$437.50 ,
1150015,ASHFORD DRIVE,TOASewer,RES,PUBLIC,PUBLIC,22-Apr-19,N/A,12,$4.53 ,$54.36 ,$180.00 ,$180.00 ,$257.50 ,$437.50 ,$437.50 ,
1150016,ASHFORD DRIVE,TOASewer,RES,PUBLIC,PUBLIC,30-Oct-20,N/A,20,$4.53 ,$90.60 ,$180.00 ,$180.00 ,$257.50 ,$437.50 ,$437.50 ,
1150017,ASHFORD DRIVE,TOASewer,RES,PUBLIC,PUBLIC,27-Oct-99,N/A,24,$4.53 ,$108.72 ,$180.00 ,$180.00 ,$257.50 ,$437.50 ,$437.50 ,
1150018,ASHFORD DRIVE,TOASewer,RES,PUBLIC,PUBLIC,4-Mar-05,N/A,30,$4.53 ,$135.90 ,$180.00 ,$180.00 ,$257.50 ,$437.50 ,$437.50 ,
1150019,ASHFORD DRIVE,TOASewer,RES,PUBLIC,PUBLIC,9-Apr-19,N/A,6,$4.53 ,$27.18 ,$180.00 ,$180.00 ,$257.50 ,$437.50 ,$437.50 ,
1150020,ASHFORD DRIVE,TOASewer,RES,PUBLIC,PUBLIC,25-Jan-01,N/A,44,$4.53 ,$199.32 ,$199.32 ,$199.32 ,$257.50 ,$456.82 ,$456.82 ,
1150021,ASHFORD DRIVE,TOASewer,RES,PUBLIC,PUBLIC,8-May-15,N/A,16,$4.53 ,$72.48 ,$180.00 ,$180.00 ,$257.50 ,$437.50 ,$437.50 ,
1150022,ASHFORD DRIVE,TOASewer,RES,PUBLIC,PUBLIC,29-Aug-89,N/A,82,$4.53 ,$371.46 ,$371.46 ,$371.46 ,$257.50 ,$628.96 ,$628.96 ,
1150023,ASHFORD DRIVE,TOASewer,RES,PUBLIC,PUBLIC,11-Dec-06,N/A,28,$4.53 ,$126.84 ,$180.00 ,$180.00 ,$257.50 ,$437.50 ,$437.50 ,
1150024,ASHFORD DRIVE,TOASewer,RES,PUBLIC,PUBLIC,2-Jul-12,N/A,38,$4.53 ,$172.14 ,$180.00 ,$180.00 ,$257.50 ,$437.50 ,$437.50 ,
1150025,ASHFORD DRIVE,TOASewer,RES,PUBLIC,PUBLIC,23-Jul-07,N/A,50,$4.53 ,$226.50 ,$226.50 ,$226.50 ,$257.50 ,$484.00 ,$484.00 ,
1150026,ASHFORD DRIVE,TOASewer,RES,PUBLIC,PUBLIC,30-Aug-19,N/A,18,$4.53 ,$81.54 ,$180.00 ,$180.00 ,$257.50 ,$437.50 ,$437.50 ,
1150027,ASHFORD DRIVE,TOASewer,RES,PUBLIC,PUBLIC,4-May-94,N/A,26,$4.53 ,$117.78 ,$180.00 ,$180.00 ,$257.50 ,$437.50 ,$437.50 ,
1150028,ASHFORD DRIVE,TOASewer,RES,PUBLIC,PUBLIC,2-Aug-21,Y,N/A,N/A,N/A,,$257.50 ,$257.50 ,$515.00 ,$515.00 ,
1150029,ASHFORD DRIVE,TOASewer,RES,PUBLIC,PUBLIC,27-Jul-04,N/A,32,$4.53 ,$144.96 ,$180.00 ,$180.00 ,$257.50 ,$437.50 ,$437.50 ,
1150030,ASHFORD DRIVE,TOASewer,RES,PUBLIC,PUBLIC,31-Aug-20,N/A,34,$4.53 ,$154.02 ,$180.00 ,$180.00 ,$257.50 ,$437.50 ,$437.50 ,
1150031,ASHFORD DRIVE,TOASewer,RES,PUBLIC,PUBLIC,19-Jul-10,N/A,26,$4.53 ,$117.78 ,$180.00 ,$180.00 ,$257.50 ,$437.50 ,$437.50 ,
1150032,ASHFORD DRIVE,TOASewer,RES,PUBLIC,PUBLIC,4-Apr-08,N/A,26,$4.53 ,$117.78 ,$180.00 ,$180.00 ,$257.50 ,$437.50 ,$437.50 ,
1150033,ASHFORD DRIVE,TOASewer,RES,PUBLIC,PUBLIC,14-Dec-20,N/A,24,$4.53 ,$108.72 ,$180.00 ,$180.00 ,$257.50 ,$437.50 ,$437.50 ,
1150034,ASHFORD DRIVE,TOASewer,RES,PUBLIC,PUBLIC,10-Jul-17,N/A,58,$4.53 ,$262.74 ,$262.74 ,$262.74 ,$257.50 ,$520.24 ,$520.24 ,
1150035,ASHFORD DRIVE,TOASewer,RES,PUBLIC,PUBLIC,21-Sep-88,N/A,12,$4.53 ,$54.36 ,$180.00 ,$180.00 ,$257.50 ,$437.50 ,$437.50 ,
1150036,ASHFORD DRIVE,TOASewer,RES,PUBLIC,PUBLIC,16-Aug-12,N/A,18,$4.53 ,$81.54 ,$180.00 ,$180.00 ,$257.50 ,$437.50 ,$437.50 ,
1150037,ASHFORD DRIVE,TOASewer,RES,PUBLIC,PUBLIC,8-Nov-19,N/A,38,$4.53 ,$172.14 ,$180.00 ,$180.00 ,$257.50 ,$437.50 ,$437.50 ,
1150038,ASHFORD DRIVE,TOASewer,RES,PUBLIC,PUBLIC,21-Dec-04,N/A,22,$4.53 ,$99.66 ,$180.00 ,$180.00 ,$257.50 ,$437.50 ,$437.50 ,
1150039,ASHFORD DRIVE,TOASewer,RES,PUBLIC,PUBLIC,12-Oct-11,N/A,16,$4.53 ,$72.48 ,$180.00 ,$180.00 ,$257.50 ,$437.50 ,$437.50 ,
1150040,ASHFORD DRIVE,TOASewer,RES,PUBLIC,PUBLIC,13-Nov-15,N/A,24,$4.53 ,$108.72 ,$180.00 ,$180.00 ,$257.50 ,$437.50 ,$437.50 ,
4890007,AVALON DRIVE,TOASewer,RES,PUBLIC,PUBLIC,13-Dec-21,Y,N/A,N/A,N/A,,$257.50 ,$257.50 ,$515.00 ,$515.00 ,
4890011,AVALON DRIVE,TOASewer,RES,PUBLIC,PUBLIC,26-Jul-99,N/A,92,$4.53 ,$416.76 ,$416.76 ,$416.76 ,$257.50 ,$674.26 ,$674.26 ,
4890015,AVALON DRIVE,TOASewer,RES,PUBLIC,PUBLIC,2-Nov-04,N/A,102,$4.53 ,$462.06 ,$462.06 ,$462.06 ,$257.50 ,$719.56 ,$719.56 ,
4890022,AVALON DRIVE,TOASewer,RES,PUBLIC,PUBLIC,1-Jul-15,N/A,56,$4.53 ,$253.68 ,$253.68 ,$253.68 ,$257.50 ,$511.18 ,$511.18 ,
4890030,AVALON DRIVE,TOASewer,RES,PUBLIC,PUBLIC,15-Oct-19,N/A,66,$4.53 ,$298.98 ,$298.98 ,$298.98 ,$257.50 ,$556.48 ,$556.48 ,
4890031,AVALON DRIVE,TOASewer,RES,PUBLIC,PUBLIC,7-Aug-17,N/A,52,$4.53 ,$235.56 ,$235.56 ,$235.56 ,$257.50 ,$493.06 ,$493.06 ,
4890035,AVALON DRIVE,TOASewer,RES,PUBLIC,PUBLIC,11-Aug-08,N/A,64,$4.53 ,$289.92 ,$289.92 ,$289.92 ,$257.50 ,$547.42 ,$547.42 ,
4890045,AVALON DRIVE,TOASewer,RES,PUBLIC,PUBLIC,2-Oct-20,N/A,120,$4.53 ,$543.60 ,$543.60 ,$543.60 ,$257.50 ,$801.10 ,$801.10 ,
4890046,AVALON DRIVE,TOASewer,RES,PUBLIC,PUBLIC,6-Jun-16,N/A,40,$4.53 ,$181.20 ,$181.20 ,$181.20 ,$257.50 ,$438.70 ,$438.70 ,
4890049,AVALON DRIVE,TOASewer,RES,PUBLIC,PUBLIC,25-Jul-01,N/A,66,$4.53 ,$298.98 ,$298.98 ,$298.98 ,$257.50 ,$556.48 ,$556.48 ,
4890052,AVALON DRIVE,TOASewer,RES,PUBLIC,PUBLIC,6-Apr-15,N/A,140,$4.53 ,$634.20 ,$634.20 ,$634.20 ,$257.50 ,$891.70 ,$891.70 ,
4890055,AVALON DRIVE,TOASewer,RES,PUBLIC,PUBLIC,1-Mar-07,N/A,66,$4.53 ,$298.98 ,$298.98 ,$298.98 ,$257.50 ,$556.48 ,$556.48 ,
4890056,AVALON DRIVE,TOASewer,RES,PUBLIC,PUBLIC,3-Nov-11,N/A,96,$4.53 ,$434.88 ,$434.88 ,$434.88 ,$257.50 ,$692.38 ,$692.38 ,
1190004,AVONRIDGE,TOASewer,RES,PUBLIC,PUBLIC,13-Oct-76,N/A,32,$4.53 ,$144.96 ,$180.00 ,$180.00 ,$257.50 ,$437.50 ,$437.50 ,
1190011,AVONRIDGE,TOASewer,RES,PUBLIC,PUBLIC,18-Sep-80,N/A,32,$4.53 ,$144.96 ,$180.00 ,$180.00 ,$257.50 ,$437.50 ,$437.50 ,
1190012,AVONRIDGE,TOASewer,RES,PUBLIC,PUBLIC,15-Jun-15,N/A,44,$4.53 ,$199.32 ,$199.32 ,$199.32 ,$257.50 ,$456.82 ,$456.82 ,
1190022,AVONRIDGE,TOASewer,RES,PUBLIC,PUBLIC,6-Oct-20,N/A,84,$4.53 ,$380.52 ,$380.52 ,$380.52 ,$257.50 ,$638.02 ,$638.02 ,
1190023,AVONRIDGE,TOASewer,RES,PUBLIC,PUBLIC,28-Jun-18,N/A,62,$4.53 ,$280.86 ,$280.86 ,$280.86 ,$257.50 ,$538.36 ,$538.36 ,
1190026,AVONRIDGE,TOASewer,RES,PUBLIC,PUBLIC,17-Sep-99,N/A,42,$4.53 ,$190.26 ,$190.26 ,$190.26 ,$257.50 ,$447.76 ,$447.76 ,
1190032,AVONRIDGE,TOASewer,RES,PUBLIC,PUBLIC,19-Nov-18,N/A,24,$4.53 ,$108.72 ,$180.00 ,$180.00 ,$257.50 ,$437.50 ,$437.50 ,
1190040,AVONRIDGE,TOASewer,RES,PUBLIC,PUBLIC,17-Jul-12,N/A,108,$4.53 ,$489.24 ,$489.24 ,$489.24 ,$257.50 ,$746.74 ,$746.74 ,
1190046,AVONRIDGE,TOASewer,RES,PUBLIC,PUBLIC,4-Mar-99,N/A,20,$4.53 ,$90.60 ,$180.00 ,$180.00 ,$257.50 ,$437.50 ,$437.50 ,
1190054,AVONRIDGE,TOASewer,RES,PUBLIC,PUBLIC,29-Aug-05,N/A,60,$4.53 ,$271.80 ,$271.80 ,$271.80 ,$257.50 ,$529.30 ,$529.30 ,
1190057,AVONRIDGE,TOASewer,RES,PUBLIC,PUBLIC,17-Apr-84,N/A,38,$4.53 ,$172.14 ,$180.00 ,$180.00 ,$257.50 ,$437.50 ,$437.50 ,
1190067,AVONRIDGE,TOASewer,RES,PUBLIC,PUBLIC,3-Aug-20,N/A,32,$4.53 ,$144.96 ,$180.00 ,$180.00 ,$257.50 ,$437.50 ,$437.50 ,
1190068,AVONRIDGE,TOASewer,RES,PUBLIC,PUBLIC,27-Mar-17,N/A,62,$4.53 ,$280.86 ,$280.86 ,$280.86 ,$257.50 ,$538.36 ,$538.36 ,
1190080,AVONRIDGE,TOASewer,RES,PUBLIC,PUBLIC,25-Oct-82,N/A,38,$4.53 ,$172.14 ,$180.00 ,$180.00 ,$257.50 ,$437.50 ,$437.50 ,
1190086,AVONRIDGE,TOASewer,RES,PUBLIC,PUBLIC,9-Mar-98,N/A,86,$4.53 ,$389.58 ,$389.58 ,$389.58 ,$257.50 ,$647.08 ,$647.08 ,
1190092,AVONRIDGE,TOASewer,RES,PUBLIC,PUBLIC,31-May-12,N/A,104,$4.53 ,$471.12 ,$471.12 ,$471.12 ,$257.50 ,$728.62 ,$728.62 ,
1190097,AVONRIDGE,TOASewer,RES,PUBLIC,PUBLIC,1-May-18,N/A,56,$4.53 ,$253.68 ,$253.68 ,$253.68 ,$257.50 ,$511.18 ,$511.18 ,
1190100,AVONRIDGE,TOASewer,RES,PUBLIC,PUBLIC,18-Oct-91,N/A,24,$4.53 ,$108.72 ,$180.00 ,$180.00 ,$257.50 ,$437.50 ,$437.50 ,
1190105,AVONRIDGE,TOASewer,RES,PUBLIC,PUBLIC,30-Apr-92,N/A,62,$4.53 ,$280.86 ,$280.86 ,$280.86 ,$257.50 ,$538.36 ,$538.36 ,
1190106,AVONRIDGE,TOASewer,RES,PUBLIC,PUBLIC,30-Jun-05,N/A,70,$4.53 ,$317.10 ,$317.10 ,$317.10 ,$257.50 ,$574.60 ,$574.60 ,
1200014,AVONSIDE,TOASewer,RES,WELL,PRIVATE,N/A,N/A,N/A,N/A,N/A,,$257.50 ,$257.50 ,$515.00 ,$515.00 ,
1200023,AVONSIDE,TOASewer,RES,WELL,PRIVATE,N/A,N/A,N/A,N/A,N/A,,$257.50 ,$257.50 ,$515.00 ,$515.00 ,
1200024,AVONSIDE,TOASewer,RES,WELL,PRIVATE,N/A,N/A,N/A,N/A,N/A,,$257.50 ,$257.50 ,$515.00 ,$515.00 ,
1200025,AVONSIDE,TOASewer,RES,WELL,PRIVATE,N/A,N/A,N/A,N/A,N/A,,$257.50 ,$257.50 ,$515.00 ,$515.00 ,
1240012,BAILEY ROAD,TOASewer,RES,PUBLIC,PUBLIC,6-Mar-20,N/A,44,$4.53 ,$199.32 ,$199.32 ,$199.32 ,$257.50 ,$456.82 ,$456.82 ,
1240014,BAILEY ROAD,TOASewer,RES,PUBLIC,PUBLIC,29-Sep-20,N/A,0,$4.53 , $-   ,$180.00 ,$180.00 ,$257.50 ,$437.50 ,$437.50 ,
1240016,BAILEY ROAD,TOASewer,RES,PUBLIC,PUBLIC,8-Jul-21,Y,N/A,N/A,N/A,,$257.50 ,$257.50 ,$515.00 ,$515.00 ,
1240018,BAILEY ROAD,TOASewer,RES,PUBLIC,PUBLIC,27-Aug-19,N/A,62,$4.53 ,$280.86 ,$280.86 ,$280.86 ,$257.50 ,$538.36 ,$538.36 ,
1240030,BAILEY ROAD,TOASewer,RES,PUBLIC,PUBLIC,3-Sep-20,N/A,84,$4.53 ,$380.52 ,$380.52 ,$380.52 ,$257.50 ,$638.02 ,$638.02 ,
1240032,BAILEY ROAD,TOASewer,RES,PUBLIC,PUBLIC,12-Nov-19,N/A,48,$4.53 ,$217.44 ,$217.44 ,$217.44 ,$257.50 ,$474.94 ,$474.94 ,
1240034,BAILEY ROAD,TOASewer,RES,PUBLIC,PUBLIC,8-Oct-19,N/A,128,$4.53 ,$579.84 ,$579.84 ,$579.84 ,$257.50 ,$837.34 ,$837.34 ,
1240036,BAILEY ROAD,TOASewer,RES,PUBLIC,PUBLIC,23-Aug-19,N/A,44,$4.53 ,$199.32 ,$199.32 ,$199.32 ,$257.50 ,$456.82 ,$456.82 ,
1250001,BALSAM COURT,TOASewer,RES,PUBLIC,PUBLIC,28-Sep-87,N/A,24,$4.53 ,$108.72 ,$180.00 ,$180.00 ,$257.50 ,$437.50 ,$437.50 ,
1250002,BALSAM COURT,TOASewer,RES,PUBLIC,PUBLIC,20-Jun-17,N/A,14,$4.53 ,$63.42 ,$180.00 ,$180.00 ,$257.50 ,$437.50 ,$437.50 ,
1250003,BALSAM COURT,TOASewer,RES,PUBLIC,PUBLIC,4-Sep-01,N/A,22,$4.53 ,$99.66 ,$180.00 ,$180.00 ,$257.50 ,$437.50 ,$437.50 ,
1250004,BALSAM COURT,TOASewer,RES,PUBLIC,PUBLIC,4-Oct-19,N/A,24,$4.53 ,$108.72 ,$180.00 ,$180.00 ,$257.50 ,$437.50 ,$437.50 ,
6480008,BEECHWOOD HOLLOW,TOASewer,RES,PUBLIC,PUBLIC,17-Dec-18,N/A,80,$4.53 ,$362.40 ,$362.40 ,$362.40 ,$257.50 ,$619.90 ,$619.90 ,
6480014,BEECHWOOD HOLLOW,TOASewer,RES,PUBLIC,PUBLIC,28-Sep-18,N/A,138,$4.53 ,$625.14 ,$625.14 ,$625.14 ,$257.50 ,$882.64 ,$882.64 ,
6480015,BEECHWOOD HOLLOW,TOAsewer,RES,PUBLIC,PUBLIC,20-Apr-21,Y,N/A,N/A,N/A,,$257.50 ,$257.50 ,$515.00 ,$515.00 ,
1270020,BERTA LANE,TOASewer,RES,PUBLIC,PUBLIC,9-Oct-14,N/A,40,$4.53 ,$181.20 ,$181.20 ,$181.20 ,$257.50 ,$438.70 ,$438.70 ,
1310005,BILLINGSGATE,TOASewer,RES,PUBLIC,PUBLIC,21-Jul-87,N/A,26,$4.53 ,$117.78 ,$180.00 ,$180.00 ,$257.50 ,$437.50 ,$437.50 ,
1310006,BILLINGSGATE,TOASewer,RES,PUBLIC,PUBLIC,22-Jun-87,N/A,44,$4.53 ,$199.32 ,$199.32 ,$199.32 ,$257.50 ,$456.82 ,$456.82 ,
1310011,BILLINGSGATE,TOASewer,RES,PUBLIC,PUBLIC,31-Jan-92,N/A,56,$4.53 ,$253.68 ,$253.68 ,$253.68 ,$257.50 ,$511.18 ,$511.18 ,
1310014,BILLINGSGATE,TOASewer,RES,PUBLIC,PUBLIC,21-Jun-16,N/A,38,$4.53 ,$172.14 ,$180.00 ,$180.00 ,$257.50 ,$437.50 ,$437.50 ,
1310015,BILLINGSGATE,TOASewer,RES,PUBLIC,PUBLIC,21-Jun-19,N/A,48,$4.53 ,$217.44 ,$217.44 ,$217.44 ,$257.50 ,$474.94 ,$474.94 ,
5080002,BILTMORE COURT,TOASewer,RES,PUBLIC,PUBLIC,18-Jul-13,N/A,44,$4.53 ,$199.32 ,$199.32 ,$199.32 ,$257.50 ,$456.82 ,$456.82 ,
5080005,BILTMORE COURT,TOASewer,RES,PUBLIC,PUBLIC,15-Mar-06,N/A,20,$4.53 ,$90.60 ,$180.00 ,$180.00 ,$257.50 ,$437.50 ,$437.50 ,
5080007,BILTMORE COURT,TOASewer,RES,PUBLIC,PUBLIC,2-Mar-09,N/A,66,$4.53 ,$298.98 ,$298.98 ,$298.98 ,$257.50 ,$556.48 ,$556.48 ,
5080010,BILTMORE COURT,TOASewer,RES,PUBLIC,PUBLIC,6-Dec-21,Y,N/A,N/A,N/A,,$257.50 ,$257.50 ,$515.00 ,$515.00 ,
5080011,BILTMORE COURT,TOASewer,RES,PUBLIC,PUBLIC,9-Jun-08,N/A,88,$4.53 ,$398.64 ,$398.64 ,$398.64 ,$257.50 ,$656.14 ,$656.14 ,
1320001,BIRCH ROAD,TOASewer,RES,WELL,PRIVATE,N/A,N/A,N/A,N/A,N/A,,$257.50 ,$257.50 ,$515.00 ,$515.00 ,
1320002,BIRCH ROAD,TOASewer,RES,PUBLIC,PUBLIC,25-Feb-13,N/A,6,$4.53 ,$27.18 ,$180.00 ,$180.00 ,$257.50 ,$437.50 ,$437.50 ,
1320004,BIRCH ROAD,TOASewer,RES,PUBLIC,PUBLIC,18-Oct-95,N/A,34,$4.53 ,$154.02 ,$180.00 ,$180.00 ,$257.50 ,$437.50 ,$437.50 ,
1320006,BIRCH ROAD,TOASewer,RES,PUBLIC,PUBLIC,18-Apr-19,N/A,0,$4.53 , $-   ,$180.00 ,$180.00 ,$257.50 ,$437.50 ,$437.50 ,
1320009,BIRCH ROAD,TOASewer,RES,WELL,PRIVATE,N/A,N/A,N/A,N/A,N/A,,$257.50 ,$257.50 ,$515.00 ,$515.00 ,
1320012,BIRCH ROAD,TOASewer,RES,PUBLIC,PUBLIC,2-Nov-16,N/A,86,$4.53 ,$389.58 ,$389.58 ,$389.58 ,$257.50 ,$647.08 ,$647.08 ,
1320015,BIRCH ROAD,TOASewer,RES,WELL,PRIVATE,N/A,N/A,N/A,N/A,N/A,,$257.50 ,$257.50 ,$515.00 ,$515.00 ,
1320016,BIRCH ROAD,TOASewer,RES,PUBLIC,PUBLIC,16-Jul-12,N/A,12,$4.53 ,$54.36 ,$180.00 ,$180.00 ,$257.50 ,$437.50 ,$437.50 ,
1320018,BIRCH ROAD,TOASewer,RES,PUBLIC,PUBLIC,1-Jun-89,N/A,32,$4.53 ,$144.96 ,$180.00 ,$180.00 ,$257.50 ,$437.50 ,$437.50 ,
1320019,BIRCH ROAD,TOASewer,RES,WELL,PRIVATE,N/A,N/A,N/A,N/A,N/A,,$257.50 ,$257.50 ,$515.00 ,$515.00 ,
1320022,BIRCH ROAD,TOASewer,RES,PUBLIC,PUBLIC,20-Dec-84,N/A,18,$4.53 ,$81.54 ,$180.00 ,$180.00 ,$257.50 ,$437.50 ,$437.50 ,
1320024,BIRCH ROAD,TOASewer,RES,WELL,PRIVATE,N/A,N/A,N/A,N/A,N/A,,$257.50 ,$257.50 ,$515.00 ,$515.00 ,
1320025,BIRCH ROAD,TOASewer,RES,WELL,PRIVATE,N/A,N/A,N/A,N/A,N/A,,$257.50 ,$257.50 ,$515.00 ,$515.00 ,
1330005,BIRCHWOOD ROAD,TOASewer,RES,PUBLIC,PUBLIC,25-Apr-16,N/A,52,$4.53 ,$235.56 ,$235.56 ,$235.56 ,$257.50 ,$493.06 ,$493.06 ,
1330010,BIRCHWOOD ROAD,TOASewer,RES,PUBLIC,PUBLIC,1-Jun-10,N/A,22,$4.53 ,$99.66 ,$180.00 ,$180.00 ,$257.50 ,$437.50 ,$437.50 ,
1330016,BIRCHWOOD ROAD,TOASewer,RES,PUBLIC,PUBLIC,11-Oct-16,N/A,30,$4.53 ,$135.90 ,$180.00 ,$180.00 ,$257.50 ,$437.50 ,$437.50 ,
1330017,BIRCHWOOD ROAD,TOASewer,RES,PUBLIC,PUBLIC,9-Mar-09,N/A,34,$4.53 ,$154.02 ,$180.00 ,$180.00 ,$257.50 ,$437.50 ,$437.50 ,
1330022,BIRCHWOOD ROAD,TOASewer,RES,PUBLIC,PUBLIC,25-May-17,N/A,30,$4.53 ,$135.90 ,$180.00 ,$180.00 ,$257.50 ,$437.50 ,$437.50 ,
6050001,BITTERSWEET LANE,TOASewer,RES,PUBLIC,PUBLIC,6-Jan-03,N/A,16,$4.53 ,$72.48 ,$180.00 ,$180.00 ,$257.50 ,$437.50 ,$437.50 ,
6050002,BITTERSWEET LANE,TOASewer,RES,PUBLIC,PUBLIC,10-Mar-08,N/A,32,$4.53 ,$144.96 ,$180.00 ,$180.00 ,$257.50 ,$437.50 ,$437.50 ,
6050003,BITTERSWEET LANE,TOASewer,RES,PUBLIC,PUBLIC,2-Jun-09,N/A,12,$4.53 ,$54.36 ,$180.00 ,$180.00 ,$257.50 ,$437.50 ,$437.50 ,
6050004,BITTERSWEET LANE,TOASewer,RES,PUBLIC,PUBLIC,6-Aug-18,N/A,42,$4.53 ,$190.26 ,$190.26 ,$190.26 ,$257.50 ,$447.76 ,$447.76 ,
6050005,BITTERSWEET LANE,TOASewer,RES,PUBLIC,PUBLIC,29-Jun-04,N/A,40,$4.53 ,$181.20 ,$181.20 ,$181.20 ,$257.50 ,$438.70 ,$438.70 ,
6050006,BITTERSWEET LANE,TOASewer,RES,PUBLIC,PUBLIC,13-Aug-02,N/A,44,$4.53 ,$199.32 ,$199.32 ,$199.32 ,$257.50 ,$456.82 ,$456.82 ,
6050007,BITTERSWEET LANE,TOASewer,RES,PUBLIC,PUBLIC,30-Jan-04,N/A,22,$4.53 ,$99.66 ,$180.00 ,$180.00 ,$257.50 ,$437.50 ,$437.50 ,
6050008,BITTERSWEET LANE,TOASewer,RES,PUBLIC,PUBLIC,28-Jun-02,N/A,32,$4.53 ,$144.96 ,$180.00 ,$180.00 ,$257.50 ,$437.50 ,$437.50 ,
1360019,BLUEBERRY LANE,TOASewer,RES,WELL,PRIVATE,N/A,N/A,N/A,N/A,N/A,,$257.50 ,$257.50 ,$515.00 ,$515.00 ,
1360027,BLUEBERRY LANE,TOASewer,RES,WELL,PRIVATE,N/A,N/A,N/A,N/A,N/A,,$257.50 ,$257.50 ,$515.00 ,$515.00 ,
1360028,BLUEBERRY LANE,TOASewer,RES,WELL,PRIVATE,N/A,N/A,N/A,N/A,N/A,,$257.50 ,$257.50 ,$515.00 ,$515.00 ,
1360033,BLUEBERRY LANE,TOASewer,RES,PUBLIC,PUBLIC,3-Sep-13,N/A,26,$4.53 ,$117.78 ,$180.00 ,$180.00 ,$257.50 ,$437.50 ,$437.50 ,
1360034,BLUEBERRY LANE,TOASewer,RES,WELL,PRIVATE,N/A,N/A,N/A,N/A,N/A,,$257.50 ,$257.50 ,$515.00 ,$515.00 ,
1360049,BLUEBERRY LANE,TOASewer,RES,PUBLIC,PUBLIC,11-Apr-16,N/A,18,$4.53 ,$81.54 ,$180.00 ,$180.00 ,$257.50 ,$437.50 ,$437.50 ,
1360054,BLUEBERRY LANE,TOASewer,RES,PUBLIC,PUBLIC,9-Jul-14,N/A,48,$4.53 ,$217.44 ,$217.44 ,$217.44 ,$257.50 ,$474.94 ,$474.94 ,
1360057,BLUEBERRY LANE,TOASewer,RES,PUBLIC,PUBLIC,26-Jan-96,N/A,28,$4.53 ,$126.84 ,$180.00 ,$180.00 ,$257.50 ,$437.50 ,$437.50 ,
1360060,BLUEBERRY LANE,TOASewer,RES,PUBLIC,PUBLIC,7-Mar-97,N/A,58,$4.53 ,$262.74 ,$262.74 ,$262.74 ,$257.50 ,$520.24 ,$520.24 ,
1360066,BLUEBERRY LANE,TOASewer,RES,PUBLIC,PUBLIC,27-Jul-04,N/A,58,$4.53 ,$262.74 ,$262.74 ,$262.74 ,$257.50 ,$520.24 ,$520.24 ,
1380001,BOXWOOD CIRCLE,TOASewer,RES,PUBLIC,PUBLIC,22-Aug-05,N/A,6,$4.53 ,$27.18 ,$180.00 ,$180.00 ,$257.50 ,$437.50 ,$437.50 ,
1380002,BOXWOOD CIRCLE,TOASewer,RES,PUBLIC,PUBLIC,28-Jan-13,N/A,24,$4.53 ,$108.72 ,$180.00 ,$180.00 ,$257.50 ,$437.50 ,$437.50 ,
1380003,BOXWOOD CIRCLE,TOASewer,RES,PUBLIC,PUBLIC,2-Sep-15,N/A,32,$4.53 ,$144.96 ,$180.00 ,$180.00 ,$257.50 ,$437.50 ,$437.50 ,
1380004,BOXWOOD CIRCLE,TOASewer,RES,PUBLIC,PUBLIC,19-Mar-98,N/A,28,$4.53 ,$126.84 ,$180.00 ,$180.00 ,$257.50 ,$437.50 ,$437.50 ,
1380005,BOXWOOD CIRCLE,TOASewer,RES,PUBLIC,PUBLIC,18-Jun-98,N/A,40,$4.53 ,$181.20 ,$181.20 ,$181.20 ,$257.50 ,$438.70 ,$438.70 ,
1380006,BOXWOOD CIRCLE,TOASewer,RES,PUBLIC,PUBLIC,14-Oct-15,N/A,36,$4.53 ,$163.08 ,$180.00 ,$180.00 ,$257.50 ,$437.50 ,$437.50 ,
1380007,BOXWOOD CIRCLE,TOASewer,RES,PUBLIC,PUBLIC,3-Aug-07,N/A,76,$4.53 ,$344.28 ,$344.28 ,$344.28 ,$257.50 ,$601.78 ,$601.78 ,
1380008,BOXWOOD CIRCLE,TOASewer,RES,PUBLIC,PUBLIC,28-Mar-18,N/A,34,$4.53 ,$154.02 ,$180.00 ,$180.00 ,$257.50 ,$437.50 ,$437.50 ,
1380009,BOXWOOD CIRCLE,TOASewer,RES,PUBLIC,PUBLIC,4-Aug-15,N/A,14,$4.53 ,$63.42 ,$180.00 ,$180.00 ,$257.50 ,$437.50 ,$437.50 ,
1390001,BRAMBLE BUSH,TOASewer,RES,PUBLIC,PUBLIC,16-Sep-15,N/A,38,$4.53 ,$172.14 ,$180.00 ,$180.00 ,$257.50 ,$437.50 ,$437.50 ,
1390002,BRAMBLE BUSH,TOASewer,RES,PUBLIC,PUBLIC,12-Jul-21,Y,N/A,N/A,N/A,,$257.50 ,$257.50 ,$515.00 ,$515.00 ,
1390003,BRAMBLE BUSH,TOASewer,RES,PUBLIC,PUBLIC,9-Nov-98,N/A,12,$4.53 ,$54.36 ,$180.00 ,$180.00 ,$257.50 ,$437.50 ,$437.50 ,
1390004,BRAMBLE BUSH,TOASewer,RES,PUBLIC,PUBLIC,29-Jun-21,Y,N/A,N/A,N/A,,$257.50 ,$257.50 ,$515.00 ,$515.00 ,
1390005,BRAMBLE BUSH,TOASewer,RES,PUBLIC,PUBLIC,18-Mar-85,N/A,26,$4.53 ,$117.78 ,$180.00 ,$180.00 ,$257.50 ,$437.50 ,$437.50 ,
1390006,BRAMBLE BUSH,TOASewer,RES,PUBLIC,PUBLIC,22-Aug-18,N/A,26,$4.53 ,$117.78 ,$180.00 ,$180.00 ,$257.50 ,$437.50 ,$437.50 ,
1390007,BRAMBLE BUSH,TOASewer,RES,PUBLIC,PUBLIC,14-Jul-21,Y,N/A,N/A,N/A,,$257.50 ,$257.50 ,$515.00 ,$515.00 ,
1390008,BRAMBLE BUSH,TOASewer,RES,PUBLIC,PUBLIC,16-Nov-84,N/A,36,$4.53 ,$163.08 ,$180.00 ,$180.00 ,$257.50 ,$437.50 ,$437.50 ,
1390009,BRAMBLE BUSH,TOASewer,RES,PUBLIC,PUBLIC,21-May-10,N/A,20,$4.53 ,$90.60 ,$180.00 ,$180.00 ,$257.50 ,$437.50 ,$437.50 ,
1400001,BRANFORD COURT,TOASewer,RES,PUBLIC,PUBLIC,14-Sep-00,N/A,26,$4.53 ,$117.78 ,$180.00 ,$180.00 ,$257.50 ,$437.50 ,$437.50 ,
1400002,BRANFORD COURT,TOASewer,RES,PUBLIC,PUBLIC,18-Nov-19,N/A,16,$4.53 ,$72.48 ,$180.00 ,$180.00 ,$257.50 ,$437.50 ,$437.50 ,
1400003,BRANFORD COURT,TOASewer,RES,PUBLIC,PUBLIC,18-Sep-15,N/A,72,$4.53 ,$326.16 ,$326.16 ,$326.16 ,$257.50 ,$583.66 ,$583.66 ,
1400004,BRANFORD COURT,TOASewer,RES,PUBLIC,PUBLIC,21-Dec-17,N/A,24,$4.53 ,$108.72 ,$180.00 ,$180.00 ,$257.50 ,$437.50 ,$437.50 ,
1400005,BRANFORD COURT,TOASewer,RES,PUBLIC,PUBLIC,22-Jul-15,N/A,34,$4.53 ,$154.02 ,$180.00 ,$180.00 ,$257.50 ,$437.50 ,$437.50 ,
1400006,BRANFORD COURT,TOASewer,RES,PUBLIC,PUBLIC,31-Jul-17,N/A,18,$4.53 ,$81.54 ,$180.00 ,$180.00 ,$257.50 ,$437.50 ,$437.50 ,
1400007,BRANFORD COURT,TOASewer,RES,PUBLIC,PUBLIC,28-Apr-11,N/A,24,$4.53 ,$108.72 ,$180.00 ,$180.00 ,$257.50 ,$437.50 ,$437.50 ,
1400008,BRANFORD COURT,TOASewer,RES,PUBLIC,PUBLIC,26-Oct-21,Y,N/A,N/A,N/A,,$257.50 ,$257.50 ,$515.00 ,$515.00 ,
1400009,BRANFORD COURT,TOASewer,RES,PUBLIC,PUBLIC,1-Oct-10,N/A,8,$4.53 ,$36.24 ,$180.00 ,$180.00 ,$257.50 ,$437.50 ,$437.50 ,
1400010,BRANFORD COURT,TOASewer,RES,PUBLIC,PUBLIC,24-Sep-01,N/A,28,$4.53 ,$126.84 ,$180.00 ,$180.00 ,$257.50 ,$437.50 ,$437.50 ,
1400011,BRANFORD COURT,TOASewer,RES,PUBLIC,PUBLIC,4-May-18,N/A,70,$4.53 ,$317.10 ,$317.10 ,$317.10 ,$257.50 ,$574.60 ,$574.60 ,
1400012,BRANFORD COURT,TOASewer,RES,PUBLIC,PUBLIC,12-Mar-99,N/A,0,$4.53 , $-   ,$180.00 ,$180.00 ,$257.50 ,$437.50 ,$437.50 ,
1400013,BRANFORD COURT,TOASewer,RES,PUBLIC,PUBLIC,28-Jun-99,N/A,20,$4.53 ,$90.60 ,$180.00 ,$180.00 ,$257.50 ,$437.50 ,$437.50 ,
1400014,BRANFORD COURT,TOASewer,RES,PUBLIC,PUBLIC,23-Oct-97,N/A,26,$4.53 ,$117.78 ,$180.00 ,$180.00 ,$257.50 ,$437.50 ,$437.50 ,
1400015,BRANFORD COURT,TOASewer,RES,PUBLIC,PUBLIC,14-Aug-20,N/A,40,$4.53 ,$181.20 ,$181.20 ,$181.20 ,$257.50 ,$438.70 ,$438.70 ,
1410021,BREEZY KNOLL,TOASewer,RES,WELL,PRIVATE,N/A,N/A,N/A,N/A,N/A,,$257.50 ,$257.50 ,$515.00 ,$515.00 ,
1410030,BREEZY KNOLL,TOASewer,RES,WELL,PRIVATE,N/A,N/A,N/A,N/A,N/A,,$257.50 ,$257.50 ,$515.00 ,$515.00 ,
1410042,BREEZY KNOLL,TOASewer,RES,WELL,PRIVATE,N/A,N/A,N/A,N/A,N/A,,$257.50 ,$257.50 ,$515.00 ,$515.00 ,
1410056,BREEZY KNOLL,TOASewer,RES,WELL,PRIVATE,N/A,N/A,N/A,N/A,N/A,,$257.50 ,$257.50 ,$515.00 ,$515.00 ,
1420001,BRENTHAVEN,TOASewer,RES,PUBLIC,PUBLIC,7-May-18,N/A,46,$4.53 ,$208.38 ,$208.38 ,$208.38 ,$257.50 ,$465.88 ,$465.88 ,
1420002,BRENTHAVEN,TOASewer,RES,PUBLIC,PUBLIC,18-Dec-12,N/A,36,$4.53 ,$163.08 ,$180.00 ,$180.00 ,$257.50 ,$437.50 ,$437.50 ,
1420003,BRENTHAVEN,TOASewer,RES,PUBLIC,PUBLIC,2-Jul-13,N/A,36,$4.53 ,$163.08 ,$180.00 ,$180.00 ,$257.50 ,$437.50 ,$437.50 ,
1420004,BRENTHAVEN,TOASewer,RES,PUBLIC,PUBLIC,4-Dec-13,N/A,34,$4.53 ,$154.02 ,$180.00 ,$180.00 ,$257.50 ,$437.50 ,$437.50 ,
1420005,BRENTHAVEN,TOASewer,RES,PUBLIC,PUBLIC,30-Jun-14,N/A,36,$4.53 ,$163.08 ,$180.00 ,$180.00 ,$257.50 ,$437.50 ,$437.50 ,
1420006,BRENTHAVEN,TOASewer,RES,PUBLIC,PUBLIC,2-Sep-03,N/A,22,$4.53 ,$99.66 ,$180.00 ,$180.00 ,$257.50 ,$437.50 ,$437.50 ,
1420007,BRENTHAVEN,TOASewer,RES,PUBLIC,PUBLIC,17-Jan-19,N/A,8,$4.53 ,$36.24 ,$180.00 ,$180.00 ,$257.50 ,$437.50 ,$437.50 ,
1420008,BRENTHAVEN,TOASewer,RES,PUBLIC,PUBLIC,31-Jul-13,N/A,36,$4.53 ,$163.08 ,$180.00 ,$180.00 ,$257.50 ,$437.50 ,$437.50 ,
1420009,BRENTHAVEN,TOASewer,RES,PUBLIC,PUBLIC,2-Aug-99,N/A,34,$4.53 ,$154.02 ,$180.00 ,$180.00 ,$257.50 ,$437.50 ,$437.50 ,
1420010,BRENTHAVEN,TOASewer,RES,PUBLIC,PUBLIC,16-Sep-13,N/A,10,$4.53 ,$45.30 ,$180.00 ,$180.00 ,$257.50 ,$437.50 ,$437.50 ,
1420011,BRENTHAVEN,TOASewer,RES,PUBLIC,PUBLIC,12-Oct-21,Y,N/A,N/A,N/A,,$257.50 ,$257.50 ,$515.00 ,$515.00 ,
1420012,BRENTHAVEN,TOASewer,RES,PUBLIC,PUBLIC,28-Jul-21,Y,N/A,N/A,N/A,,$257.50 ,$257.50 ,$515.00 ,$515.00 ,
1420014,BRENTHAVEN,TOASewer,RES,PUBLIC,PUBLIC,8-Dec-20,N/A,22,$4.53 ,$99.66 ,$180.00 ,$180.00 ,$257.50 ,$437.50 ,$437.50 ,
1420015,BRENTHAVEN,TOASewer,RES,PUBLIC,PUBLIC,2-Jul-21,Y,N/A,N/A,N/A,,$257.50 ,$257.50 ,$515.00 ,$515.00 ,
1460006,BRIAR HILL ROAD,TOASewer,RES,PUBLIC,PUBLIC,1-Jul-85,N/A,20,$4.53 ,$90.60 ,$180.00 ,$180.00 ,$257.50 ,$437.50 ,$437.50 ,
1460008,BRIAR HILL ROAD,TOASewer,RES,PUBLIC,PUBLIC,1-Aug-07,N/A,48,$4.53 ,$217.44 ,$217.44 ,$217.44 ,$257.50 ,$474.94 ,$474.94 ,
1460014,BRIAR HILL ROAD,TOASewer,RES,PUBLIC,PUBLIC,29-Jun-98,N/A,8,$4.53 ,$36.24 ,$180.00 ,$180.00 ,$257.50 ,$437.50 ,$437.50 ,
1460022,BRIAR HILL ROAD,TOASewer,RES,PUBLIC,PUBLIC,29-May-09,N/A,72,$4.53 ,$326.16 ,$326.16 ,$326.16 ,$257.50 ,$583.66 ,$583.66 ,
1460023,BRIAR HILL ROAD,TOASewer,RES,PUBLIC,PUBLIC,30-Jun-15,N/A,54,$4.53 ,$244.62 ,$244.62 ,$244.62 ,$257.50 ,$502.12 ,$502.12 ,
1460029,BRIAR HILL ROAD,TOASewer,RES,PUBLIC,PUBLIC,31-May-91,N/A,140,$4.53 ,$634.20 ,$634.20 ,$634.20 ,$257.50 ,$891.70 ,$891.70 ,
1460030,BRIAR HILL ROAD,TOASewer,RES,PUBLIC,PUBLIC,2-May-07,N/A,58,$4.53 ,$262.74 ,$262.74 ,$262.74 ,$257.50 ,$520.24 ,$520.24 ,
1460036,BRIAR HILL ROAD,TOASewer,RES,PUBLIC,PUBLIC,28-Sep-79,N/A,56,$4.53 ,$253.68 ,$253.68 ,$253.68 ,$257.50 ,$511.18 ,$511.18 ,
1460039,BRIAR HILL ROAD,TOASewer,RES,PUBLIC,PUBLIC,26-Jun-02,N/A,68,$4.53 ,$308.04 ,$308.04 ,$308.04 ,$257.50 ,$565.54 ,$565.54 ,
1460042,BRIAR HILL ROAD,TOASewer,RES,PUBLIC,PUBLIC,21-Jan-00,N/A,34,$4.53 ,$154.02 ,$180.00 ,$180.00 ,$257.50 ,$437.50 ,$437.50 ,
1460045,BRIAR HILL ROAD,TOASewer,RES,PUBLIC,PUBLIC,18-Aug-80,N/A,46,$4.53 ,$208.38 ,$208.38 ,$208.38 ,$257.50 ,$465.88 ,$465.88 ,
1460046,BRIAR HILL ROAD,TOASewer,RES,PUBLIC,PUBLIC,3-Nov-97,N/A,62,$4.53 ,$280.86 ,$280.86 ,$280.86 ,$257.50 ,$538.36 ,$538.36 ,
1460051,BRIAR HILL ROAD,TOASewer,RES,PUBLIC,PUBLIC,15-Dec-21,Y,N/A,N/A,N/A,,$257.50 ,$257.50 ,$515.00 ,$515.00 ,
1460052,BRIAR HILL ROAD,TOASewer,RES,PUBLIC,PUBLIC,13-Aug-01,N/A,70,$4.53 ,$317.10 ,$317.10 ,$317.10 ,$257.50 ,$574.60 ,$574.60 ,
1460057,BRIAR HILL ROAD,TOASewer,RES,PUBLIC,PUBLIC,17-Aug-09,N/A,76,$4.53 ,$344.28 ,$344.28 ,$344.28 ,$257.50 ,$601.78 ,$601.78 ,
1460060,BRIAR HILL ROAD,TOASewer,RES,PUBLIC,PUBLIC,5-Aug-21,Y,N/A,N/A,N/A,,$257.50 ,$257.50 ,$515.00 ,$515.00 ,
1460063,BRIAR HILL ROAD,TOASewer,RES,PUBLIC,PUBLIC,20-May-11,N/A,98,$4.53 ,$443.94 ,$443.94 ,$443.94 ,$257.50 ,$701.44 ,$701.44 ,
1470003,BRIDGESTONE LANE,TOASewer,RES,PUBLIC,PUBLIC,21-Jun-84,N/A,56,$4.53 ,$253.68 ,$253.68 ,$253.68 ,$257.50 ,$511.18 ,$511.18 ,
1470004,BRIDGESTONE LANE,TOASewer,RES,PUBLIC,PUBLIC,9-Jan-01,N/A,42,$4.53 ,$190.26 ,$190.26 ,$190.26 ,$257.50 ,$447.76 ,$447.76 ,
1470008,BRIDGESTONE LANE,TOASewer,RES,PUBLIC,PUBLIC,25-Jun-18,N/A,96,$4.53 ,$434.88 ,$434.88 ,$434.88 ,$257.50 ,$692.38 ,$692.38 ,
1470011,BRIDGESTONE LANE,TOASewer,RES,PUBLIC,PUBLIC,2-Oct-96,N/A,84,$4.53 ,$380.52 ,$380.52 ,$380.52 ,$257.50 ,$638.02 ,$638.02 ,
1470016,BRIDGESTONE LANE,TOASewer,RES,PUBLIC,PUBLIC,12-Jun-07,N/A,78,$4.53 ,$353.34 ,$353.34 ,$353.34 ,$257.50 ,$610.84 ,$610.84 ,
1470017,BRIDGESTONE LANE,TOASewer,RES,PUBLIC,PUBLIC,12-Sep-11,N/A,56,$4.53 ,$253.68 ,$253.68 ,$253.68 ,$257.50 ,$511.18 ,$511.18 ,
1470019,BRIDGESTONE LANE,TOASewer,RES,PUBLIC,PUBLIC,15-Mar-07,N/A,20,$4.53 ,$90.60 ,$180.00 ,$180.00 ,$257.50 ,$437.50 ,$437.50 ,
4980043,BRIDGEWATER DRIVE,TOASewer,RES,PUBLIC,PUBLIC,11-Jan-05,N/A,106,$4.53 ,$480.18 ,$480.18 ,$480.18 ,$257.50 ,$737.68 ,$737.68 ,
4980044,BRIDGEWATER DRIVE,TOASewer,RES,PUBLIC,PUBLIC,16-Aug-13,N/A,92,$4.53 ,$416.76 ,$416.76 ,$416.76 ,$257.50 ,$674.26 ,$674.26 ,
4980052,BRIDGEWATER DRIVE,TOASewer,RES,PUBLIC,PUBLIC,21-Jun-07,N/A,124,$4.53 ,$561.72 ,$561.72 ,$561.72 ,$257.50 ,$819.22 ,$819.22 ,
4980055,BRIDGEWATER DRIVE,TOASewer,RES,PUBLIC,PUBLIC,8-Oct-15,N/A,28,$4.53 ,$126.84 ,$180.00 ,$180.00 ,$257.50 ,$437.50 ,$437.50 ,
4980063,BRIDGEWATER DRIVE,TOASewer,RES,PUBLIC,PUBLIC,10-Jul-17,N/A,46,$4.53 ,$208.38 ,$208.38 ,$208.38 ,$257.50 ,$465.88 ,$465.88 ,
4980071,BRIDGEWATER DRIVE,TOASewer,RES,PUBLIC,PUBLIC,10-Dec-13,N/A,90,$4.53 ,$407.70 ,$407.70 ,$407.70 ,$257.50 ,$665.20 ,$665.20 ,
4980074,BRIDGEWATER DRIVE,TOASewer,RES,PUBLIC,PUBLIC,19-Dec-01,N/A,46,$4.53 ,$208.38 ,$208.38 ,$208.38 ,$257.50 ,$465.88 ,$465.88 ,
4980085,BRIDGEWATER DRIVE,TOASewer,RES,PUBLIC,PUBLIC,29-May-18,N/A,92,$4.53 ,$416.76 ,$416.76 ,$416.76 ,$257.50 ,$674.26 ,$674.26 ,
4980086,BRIDGEWATER DRIVE,TOASewer,RES,PUBLIC,PUBLIC,31-Jul-17,N/A,92,$4.53 ,$416.76 ,$416.76 ,$416.76 ,$257.50 ,$674.26 ,$674.26 ,
4980094,BRIDGEWATER DRIVE,TOASewer,RES,PUBLIC,PUBLIC,20-Mar-14,N/A,124,$4.53 ,$561.72 ,$561.72 ,$561.72 ,$257.50 ,$819.22 ,$819.22 ,
4980099,BRIDGEWATER DRIVE,TOASewer,RES,PUBLIC,PUBLIC,10-Nov-03,N/A,76,$4.53 ,$344.28 ,$344.28 ,$344.28 ,$257.50 ,$601.78 ,$601.78 ,
4980102,BRIDGEWATER DRIVE,TOASewer,RES,PUBLIC,PUBLIC,26-Mar-99,N/A,82,$4.53 ,$371.46 ,$371.46 ,$371.46 ,$257.50 ,$628.96 ,$628.96 ,
4980107,BRIDGEWATER DRIVE,TOASewer,RES,PUBLIC,PUBLIC,4-Mar-04,N/A,70,$4.53 ,$317.10 ,$317.10 ,$317.10 ,$257.50 ,$574.60 ,$574.60 ,
4980110,BRIDGEWATER DRIVE,TOASewer,RES,PUBLIC,PUBLIC,17-Mar-14,N/A,70,$4.53 ,$317.10 ,$317.10 ,$317.10 ,$257.50 ,$574.60 ,$574.60 ,
4980118,BRIDGEWATER DRIVE,TOASewer,RES,PUBLIC,PUBLIC,26-Jun-15,N/A,90,$4.53 ,$407.70 ,$407.70 ,$407.70 ,$257.50 ,$665.20 ,$665.20 ,
4980123,BRIDGEWATER DRIVE,TOASewer,RES,PUBLIC,PUBLIC,22-Oct-18,N/A,66,$4.53 ,$298.98 ,$298.98 ,$298.98 ,$257.50 ,$556.48 ,$556.48 ,
4980124,BRIDGEWATER DRIVE,TOASewer,RES,PUBLIC,PUBLIC,3-Dec-18,N/A,50,$4.53 ,$226.50 ,$226.50 ,$226.50 ,$257.50 ,$484.00 ,$484.00 ,
4980129,BRIDGEWATER DRIVE,TOASewer,RES,PUBLIC,PUBLIC,14-May-10,N/A,72,$4.53 ,$326.16 ,$326.16 ,$326.16 ,$257.50 ,$583.66 ,$583.66 ,
1480001,BRIDLE PATH,TOASewer,RES,PUBLIC,PUBLIC,12-Mar-21,Y,N/A,N/A,N/A,,$257.50 ,$257.50 ,$515.00 ,$515.00 ,
1480002,BRIDLE PATH,TOASewer,RES,PUBLIC,PUBLIC,28-Nov-16,N/A,38,$4.53 ,$172.14 ,$180.00 ,$180.00 ,$257.50 ,$437.50 ,$437.50 ,
1480003,BRIDLE PATH,TOASewer,RES,PUBLIC,PUBLIC,25-Oct-12,N/A,28,$4.53 ,$126.84 ,$180.00 ,$180.00 ,$257.50 ,$437.50 ,$437.50 ,
1480004,BRIDLE PATH,TOASewer,RES,PUBLIC,PUBLIC,23-Aug-18,N/A,42,$4.53 ,$190.26 ,$190.26 ,$190.26 ,$257.50 ,$447.76 ,$447.76 ,
1480005,BRIDLE PATH,TOASewer,RES,PUBLIC,PUBLIC,15-Jul-19,N/A,44,$4.53 ,$199.32 ,$199.32 ,$199.32 ,$257.50 ,$456.82 ,$456.82 ,
1480006,BRIDLE PATH,TOASewer,RES,PUBLIC,PUBLIC,1-Oct-19,N/A,40,$4.53 ,$181.20 ,$181.20 ,$181.20 ,$257.50 ,$438.70 ,$438.70 ,
1480007,BRIDLE PATH,TOASewer,RES,PUBLIC,PUBLIC,3-Sep-19,N/A,32,$4.53 ,$144.96 ,$180.00 ,$180.00 ,$257.50 ,$437.50 ,$437.50 ,
1480008,BRIDLE PATH,TOASewer,RES,PUBLIC,PUBLIC,25-Jan-96,N/A,14,$4.53 ,$63.42 ,$180.00 ,$180.00 ,$257.50 ,$437.50 ,$437.50 ,
1480009,BRIDLE PATH,TOASewer,RES,PUBLIC,PUBLIC,31-Mar-99,N/A,20,$4.53 ,$90.60 ,$180.00 ,$180.00 ,$257.50 ,$437.50 ,$437.50 ,
1480010,BRIDLE PATH,TOASewer,RES,PUBLIC,PUBLIC,30-Jun-15,N/A,60,$4.53 ,$271.80 ,$271.80 ,$271.80 ,$257.50 ,$529.30 ,$529.30 ,
5340002,BRIGHTON WAY,TOASewer,RES,PUBLIC,PUBLIC,29-Jul-02,N/A,126,$4.53 ,$570.78 ,$570.78 ,$570.78 ,$257.50 ,$828.28 ,$828.28 ,
5340006,BRIGHTON WAY,TOASewer,RES,PUBLIC,PUBLIC,2-May-19,N/A,36,$4.53 ,$163.08 ,$180.00 ,$180.00 ,$257.50 ,$437.50 ,$437.50 ,
5340007,BRIGHTON WAY,TOASewer,RES,PUBLIC,PUBLIC,15-Aug-16,N/A,66,$4.53 ,$298.98 ,$298.98 ,$298.98 ,$257.50 ,$556.48 ,$556.48 ,
5340010,BRIGHTON WAY,TOASewer,RES,PUBLIC,PUBLIC,7-Nov-03,N/A,62,$4.53 ,$280.86 ,$280.86 ,$280.86 ,$257.50 ,$538.36 ,$538.36 ,
5340015,BRIGHTON WAY,TOASewer,RES,PUBLIC,PUBLIC,21-Apr-21,Y,N/A,N/A,N/A,,$257.50 ,$257.50 ,$515.00 ,$515.00 ,
5340016,BRIGHTON WAY,TOASewer,RES,PUBLIC,PUBLIC,25-Nov-19,N/A,126,$4.53 ,$570.78 ,$570.78 ,$570.78 ,$257.50 ,$828.28 ,$828.28 ,
1500020,BROOKMOOR ROAD,TOASewer,RES,PUBLIC,PUBLIC,17-Nov-87,N/A,96,$4.53 ,$434.88 ,$434.88 ,$434.88 ,$257.50 ,$692.38 ,$692.38 ,
1500035,BROOKMOOR ROAD,TOASewer,RES,PUBLIC,PUBLIC,27-Sep-90,N/A,44,$4.53 ,$199.32 ,$199.32 ,$199.32 ,$257.50 ,$456.82 ,$456.82 ,
1500043,BROOKMOOR ROAD,TOASewer,RES,PUBLIC,PUBLIC,29-Sep-20,N/A,42,$4.53 ,$190.26 ,$190.26 ,$190.26 ,$257.50 ,$447.76 ,$447.76 ,
1500049,BROOKMOOR ROAD,TOASewer,RES,PUBLIC,PUBLIC,15-Sep-78,N/A,54,$4.53 ,$244.62 ,$244.62 ,$244.62 ,$257.50 ,$502.12 ,$502.12 ,
1500050,BROOKMOOR ROAD,TOASewer,RES,PUBLIC,PUBLIC,14-Aug-08,N/A,84,$4.53 ,$380.52 ,$380.52 ,$380.52 ,$257.50 ,$638.02 ,$638.02 ,
1500055,BROOKMOOR ROAD,TOASewer,RES,PUBLIC,PUBLIC,30-Oct-07,N/A,60,$4.53 ,$271.80 ,$271.80 ,$271.80 ,$257.50 ,$529.30 ,$529.30 ,
1500106,BROOKMOOR ROAD,TOASewer,RES,PUBLIC,PUBLIC,30-Sep-14,N/A,54,$4.53 ,$244.62 ,$244.62 ,$244.62 ,$257.50 ,$502.12 ,$502.12 ,
1500107,BROOKMOOR ROAD,TOASewer,RES,PUBLIC,PUBLIC,30-Mar-00,N/A,14,$4.53 ,$63.42 ,$180.00 ,$180.00 ,$257.50 ,$437.50 ,$437.50 ,
1500137,BROOKMOOR ROAD,TOASewer,RES,PUBLIC,PUBLIC,13-Nov-07,N/A,44,$4.53 ,$199.32 ,$199.32 ,$199.32 ,$257.50 ,$456.82 ,$456.82 ,
1510031,BROOKRIDGE DRIVE,TOASewer,RES,PUBLIC,PUBLIC,16-Aug-00,N/A,54,$4.53 ,$244.62 ,$244.62 ,$244.62 ,$257.50 ,$502.12 ,$502.12 ,
1510032,BROOKRIDGE DRIVE,TOASewer,RES,PUBLIC,PUBLIC,2-Oct-01,N/A,74,$4.53 ,$335.22 ,$335.22 ,$335.22 ,$257.50 ,$592.72 ,$592.72 ,
1510037,BROOKRIDGE DRIVE,TOASewer,RES,PUBLIC,PUBLIC,17-Nov-14,N/A,72,$4.53 ,$326.16 ,$326.16 ,$326.16 ,$257.50 ,$583.66 ,$583.66 ,
1510038,BROOKRIDGE DRIVE,TOASewer,RES,PUBLIC,PUBLIC,14-Jul-00,N/A,54,$4.53 ,$244.62 ,$244.62 ,$244.62 ,$257.50 ,$502.12 ,$502.12 ,
1510045,BROOKRIDGE DRIVE,TOASewer,RES,PUBLIC,PUBLIC,5-Dec-18,N/A,84,$4.53 ,$380.52 ,$380.52 ,$380.52 ,$257.50 ,$638.02 ,$638.02 ,
1510048,BROOKRIDGE DRIVE,TOASewer,RES,PUBLIC,PUBLIC,26-Jul-84,N/A,40,$4.53 ,$181.20 ,$181.20 ,$181.20 ,$257.50 ,$438.70 ,$438.70 ,
1510053,BROOKRIDGE DRIVE,TOASewer,RES,PUBLIC,PUBLIC,18-Nov-08,N/A,110,$4.53 ,$498.30 ,$498.30 ,$498.30 ,$257.50 ,$755.80 ,$755.80 ,
1510056,BROOKRIDGE DRIVE,TOASewer,RES,PUBLIC,PUBLIC,13-Dec-21,Y,N/A,N/A,N/A,,$257.50 ,$257.50 ,$515.00 ,$515.00 ,
1510063,BROOKRIDGE DRIVE,TOASewer,RES,PUBLIC,PUBLIC,29-Aug-17,N/A,70,$4.53 ,$317.10 ,$317.10 ,$317.10 ,$257.50 ,$574.60 ,$574.60 ,
1510064,BROOKRIDGE DRIVE,TOASewer,RES,PUBLIC,PUBLIC,1-Jul-92,N/A,140,$4.53 ,$634.20 ,$634.20 ,$634.20 ,$257.50 ,$891.70 ,$891.70 ,
1510071,BROOKRIDGE DRIVE,TOASewer,RES,PUBLIC,PUBLIC,2-Jul-21,Y,N/A,N/A,N/A,,$257.50 ,$257.50 ,$515.00 ,$515.00 ,
1510072,BROOKRIDGE DRIVE,TOASewer,RES,PUBLIC,PUBLIC,22-Dec-17,N/A,68,$4.53 ,$308.04 ,$308.04 ,$308.04 ,$257.50 ,$565.54 ,$565.54 ,
1510080,BROOKRIDGE DRIVE,TOASewer,RES,PUBLIC,PUBLIC,4-Aug-17,N/A,42,$4.53 ,$190.26 ,$190.26 ,$190.26 ,$257.50 ,$447.76 ,$447.76 ,
1530006,BROWNSTONE DRIVE,TOASewer,RES,PUBLIC,PUBLIC,31-Jul-13,N/A,52,$4.53 ,$235.56 ,$235.56 ,$235.56 ,$257.50 ,$493.06 ,$493.06 ,
1530009,BROWNSTONE DRIVE,TOASewer,RES,PUBLIC,PUBLIC,26-Apr-13,N/A,72,$4.53 ,$326.16 ,$326.16 ,$326.16 ,$257.50 ,$583.66 ,$583.66 ,
1530016,BROWNSTONE DRIVE,TOASewer,RES,PUBLIC,PUBLIC,17-Jan-17,N/A,68,$4.53 ,$308.04 ,$308.04 ,$308.04 ,$257.50 ,$565.54 ,$565.54 ,
1530017,BROWNSTONE DRIVE,TOASewer,RES,PUBLIC,PUBLIC,28-Apr-86,N/A,26,$4.53 ,$117.78 ,$180.00 ,$180.00 ,$257.50 ,$437.50 ,$437.50 ,
1530023,BROWNSTONE DRIVE,TOASewer,RES,PUBLIC,PUBLIC,16-Jul-13,N/A,78,$4.53 ,$353.34 ,$353.34 ,$353.34 ,$257.50 ,$610.84 ,$610.84 ,
1530024,BROWNSTONE DRIVE,TOASewer,RES,PUBLIC,PUBLIC,13-Nov-08,N/A,78,$4.53 ,$353.34 ,$353.34 ,$353.34 ,$257.50 ,$610.84 ,$610.84 ,
1530028,BROWNSTONE DRIVE,TOASewer,RES,PUBLIC,PUBLIC,16-Oct-03,N/A,106,$4.53 ,$480.18 ,$480.18 ,$480.18 ,$257.50 ,$737.68 ,$737.68 ,
1550005,BUCKBOARD LANE,TOASewer,RES,PUBLIC,PUBLIC,21-Oct-19,N/A,42,$4.53 ,$190.26 ,$190.26 ,$190.26 ,$257.50 ,$447.76 ,$447.76 ,
1550006,BUCKBOARD LANE,TOASewer,RES,PUBLIC,PUBLIC,22-Jun-10,N/A,56,$4.53 ,$253.68 ,$253.68 ,$253.68 ,$257.50 ,$511.18 ,$511.18 ,
1550014,BUCKBOARD LANE,TOASewer,RES,PUBLIC,PUBLIC,9-Aug-05,N/A,64,$4.53 ,$289.92 ,$289.92 ,$289.92 ,$257.50 ,$547.42 ,$547.42 ,
1550015,BUCKBOARD LANE,TOASewer,RES,PUBLIC,PUBLIC,26-Sep-03,N/A,38,$4.53 ,$172.14 ,$180.00 ,$180.00 ,$257.50 ,$437.50 ,$437.50 ,
1550020,BUCKBOARD LANE,TOASewer,RES,PUBLIC,PUBLIC,2-Jun-99,N/A,60,$4.53 ,$271.80 ,$271.80 ,$271.80 ,$257.50 ,$529.30 ,$529.30 ,
1550026,BUCKBOARD LANE,TOASewer,RES,PUBLIC,PUBLIC,26-Jun-13,N/A,62,$4.53 ,$280.86 ,$280.86 ,$280.86 ,$257.50 ,$538.36 ,$538.36 ,
1550034,BUCKBOARD LANE,TOASewer,RES,PUBLIC,PUBLIC,10-Dec-07,N/A,46,$4.53 ,$208.38 ,$208.38 ,$208.38 ,$257.50 ,$465.88 ,$465.88 ,
1550035,BUCKBOARD LANE,TOASewer,RES,PUBLIC,PUBLIC,7-Sep-77,N/A,60,$4.53 ,$271.80 ,$271.80 ,$271.80 ,$257.50 ,$529.30 ,$529.30 ,
1550040,BUCKBOARD LANE,TOASewer,RES,PUBLIC,PUBLIC,16-Sep-14,N/A,16,$4.53 ,$72.48 ,$180.00 ,$180.00 ,$257.50 ,$437.50 ,$437.50 ,
1550041,BUCKBOARD LANE,TOASewer,RES,PUBLIC,PUBLIC,26-Apr-82,N/A,30,$4.53 ,$135.90 ,$180.00 ,$180.00 ,$257.50 ,$437.50 ,$437.50 ,
1550047,BUCKBOARD LANE,TOASewer,RES,PUBLIC,PUBLIC,2-Jan-97,N/A,42,$4.53 ,$190.26 ,$190.26 ,$190.26 ,$257.50 ,$447.76 ,$447.76 ,
1550050,BUCKBOARD LANE,TOASewer,RES,PUBLIC,PUBLIC,5-Apr-00,N/A,68,$4.53 ,$308.04 ,$308.04 ,$308.04 ,$257.50 ,$565.54 ,$565.54 ,
1550051,BUCKBOARD LANE,TOASewer,RES,PUBLIC,PUBLIC,1-Sep-77,N/A,26,$4.53 ,$117.78 ,$180.00 ,$180.00 ,$257.50 ,$437.50 ,$437.50 ,
5980020,BUCKINGHAM ROAD,TOASewer,RES,PUBLIC,PUBLIC,1-Nov-04,N/A,56,$4.53 ,$253.68 ,$253.68 ,$253.68 ,$257.50 ,$511.18 ,$511.18 ,
5980022,BUCKINGHAM ROAD,TOASewer,RES,PUBLIC,PUBLIC,15-Feb-13,N/A,84,$4.53 ,$380.52 ,$380.52 ,$380.52 ,$257.50 ,$638.02 ,$638.02 ,
5980024,BUCKINGHAM ROAD,TOASewer,RES,PUBLIC,PUBLIC,5-Jul-16,N/A,82,$4.53 ,$371.46 ,$371.46 ,$371.46 ,$257.50 ,$628.96 ,$628.96 ,
5980026,BUCKINGHAM ROAD,TOASewer,RES,PUBLIC,PUBLIC,25-Feb-03,N/A,56,$4.53 ,$253.68 ,$253.68 ,$253.68 ,$257.50 ,$511.18 ,$511.18 ,
5980028,BUCKINGHAM ROAD,TOASewer,RES,PUBLIC,PUBLIC,17-Jul-18,N/A,64,$4.53 ,$289.92 ,$289.92 ,$289.92 ,$257.50 ,$547.42 ,$547.42 ,
5980035,BUCKINGHAM ROAD,TOASewer,RES,PUBLIC,PUBLIC,5-Mar-20,N/A,112,$4.53 ,$507.36 ,$507.36 ,$507.36 ,$257.50 ,$764.86 ,$764.86 ,
5980037,BUCKINGHAM ROAD,TOASewer,RES,PUBLIC,PUBLIC,23-Jul-18,N/A,60,$4.53 ,$271.80 ,$271.80 ,$271.80 ,$257.50 ,$529.30 ,$529.30 ,
5980038,BUCKINGHAM ROAD,TOASewer,RES,PUBLIC,PUBLIC,27-May-03,N/A,70,$4.53 ,$317.10 ,$317.10 ,$317.10 ,$257.50 ,$574.60 ,$574.60 ,
5980039,BUCKINGHAM ROAD,TOASewer,RES,PUBLIC,PUBLIC,22-Nov-13,N/A,114,$4.53 ,$516.42 ,$516.42 ,$516.42 ,$257.50 ,$773.92 ,$773.92 ,
5980040,BUCKINGHAM ROAD,TOASewer,RES,PUBLIC,PUBLIC,23-Dec-14,N/A,36,$4.53 ,$163.08 ,$180.00 ,$180.00 ,$257.50 ,$437.50 ,$437.50 ,
5980041,BUCKINGHAM ROAD,TOASewer,RES,PUBLIC,PUBLIC,28-Aug-15,N/A,78,$4.53 ,$353.34 ,$353.34 ,$353.34 ,$257.50 ,$610.84 ,$610.84 ,
5980042,BUCKINGHAM ROAD,TOASewer,RES,PUBLIC,PUBLIC,11-Jun-03,N/A,34,$4.53 ,$154.02 ,$180.00 ,$180.00 ,$257.50 ,$437.50 ,$437.50 ,
5980043,BUCKINGHAM ROAD,TOASewer,RES,PUBLIC,PUBLIC,18-Jun-12,N/A,68,$4.53 ,$308.04 ,$308.04 ,$308.04 ,$257.50 ,$565.54 ,$565.54 ,
5980044,BUCKINGHAM ROAD,TOASewer,RES,PUBLIC,PUBLIC,19-Jun-12,N/A,70,$4.53 ,$317.10 ,$317.10 ,$317.10 ,$257.50 ,$574.60 ,$574.60 ,
5980045,BUCKINGHAM ROAD,TOASewer,RES,PUBLIC,PUBLIC,4-Jun-19,N/A,94,$4.53 ,$425.82 ,$425.82 ,$425.82 ,$257.50 ,$683.32 ,$683.32 ,
5980046,BUCKINGHAM ROAD,TOASewer,RES,PUBLIC,PUBLIC,20-May-05,N/A,80,$4.53 ,$362.40 ,$362.40 ,$362.40 ,$257.50 ,$619.90 ,$619.90 ,
5980047,BUCKINGHAM ROAD,TOASewer,RES,PUBLIC,PUBLIC,26-May-04,N/A,44,$4.53 ,$199.32 ,$199.32 ,$199.32 ,$257.50 ,$456.82 ,$456.82 ,
5980048,BUCKINGHAM ROAD,TOASewer,RES,PUBLIC,PUBLIC,25-Jan-10,N/A,76,$4.53 ,$344.28 ,$344.28 ,$344.28 ,$257.50 ,$601.78 ,$601.78 ,
5980049,BUCKINGHAM ROAD,TOASewer,RES,PUBLIC,PUBLIC,20-Sep-16,N/A,48,$4.53 ,$217.44 ,$217.44 ,$217.44 ,$257.50 ,$474.94 ,$474.94 ,
5980050,BUCKINGHAM ROAD,TOASewer,RES,PUBLIC,PUBLIC,30-Oct-18,N/A,76,$4.53 ,$344.28 ,$344.28 ,$344.28 ,$257.50 ,$601.78 ,$601.78 ,
5980051,BUCKINGHAM ROAD,TOASewer,RES,PUBLIC,PUBLIC,19-Nov-07,N/A,74,$4.53 ,$335.22 ,$335.22 ,$335.22 ,$257.50 ,$592.72 ,$592.72 ,
5980053,BUCKINGHAM ROAD,TOASewer,RES,PUBLIC,PUBLIC,25-Feb-08,N/A,64,$4.53 ,$289.92 ,$289.92 ,$289.92 ,$257.50 ,$547.42 ,$547.42 ,
5980055,BUCKINGHAM ROAD,TOASewer,RES,PUBLIC,PUBLIC,8-Aug-03,N/A,92,$4.53 ,$416.76 ,$416.76 ,$416.76 ,$257.50 ,$674.26 ,$674.26 ,
5980057,BUCKINGHAM ROAD,TOASewer,RES,PUBLIC,PUBLIC,18-Aug-14,N/A,88,$4.53 ,$398.64 ,$398.64 ,$398.64 ,$257.50 ,$656.14 ,$656.14 ,
5980058,BUCKINGHAM ROAD,TOASewer,RES,PUBLIC,PUBLIC,2-Sep-21,Y,N/A,N/A,N/A,,$257.50 ,$257.50 ,$515.00 ,$515.00 ,
5980060,BUCKINGHAM ROAD,TOASewer,RES,PUBLIC,PUBLIC,18-Jul-16,N/A,54,$4.53 ,$244.62 ,$244.62 ,$244.62 ,$257.50 ,$502.12 ,$502.12 ,
5980062,BUCKINGHAM ROAD,TOASewer,RES,PUBLIC,PUBLIC,12-Jun-14,N/A,74,$4.53 ,$335.22 ,$335.22 ,$335.22 ,$257.50 ,$592.72 ,$592.72 ,
1590001,BUTTERNUT CIRCLE,TOASewer,RES,PUBLIC,PUBLIC,23-Jun-14,N/A,20,$4.53 ,$90.60 ,$180.00 ,$180.00 ,$257.50 ,$437.50 ,$437.50 ,
1590002,BUTTERNUT CIRCLE,TOASewer,RES,PUBLIC,PUBLIC,30-Jan-09,N/A,26,$4.53 ,$117.78 ,$180.00 ,$180.00 ,$257.50 ,$437.50 ,$437.50 ,
1590003,BUTTERNUT CIRCLE,TOASewer,RES,PUBLIC,PUBLIC,13-Jan-95,N/A,6,$4.53 ,$27.18 ,$180.00 ,$180.00 ,$257.50 ,$437.50 ,$437.50 ,
1590004,BUTTERNUT CIRCLE,TOASewer,RES,PUBLIC,PUBLIC,1-Aug-05,N/A,52,$4.53 ,$235.56 ,$235.56 ,$235.56 ,$257.50 ,$493.06 ,$493.06 ,
1590005,BUTTERNUT CIRCLE,TOASewer,RES,PUBLIC,PUBLIC,20-May-13,N/A,28,$4.53 ,$126.84 ,$180.00 ,$180.00 ,$257.50 ,$437.50 ,$437.50 ,
1610001,BYRON DRIVE,TOASewer,RES,PUBLIC,PUBLIC,2-Oct-96,N/A,4,$4.53 ,$18.12 ,$180.00 ,$180.00 ,$257.50 ,$437.50 ,$437.50 ,
1610002,BYRON DRIVE,TOASewer,RES,PUBLIC,PUBLIC,9-Aug-13,N/A,20,$4.53 ,$90.60 ,$180.00 ,$180.00 ,$257.50 ,$437.50 ,$437.50 ,
1610003,BYRON DRIVE,TOASewer,RES,PUBLIC,PUBLIC,11-Jul-14,N/A,0,$4.53 , $-   ,$180.00 ,$180.00 ,$257.50 ,$437.50 ,$437.50 ,
1610004,BYRON DRIVE,TOASewer,RES,PUBLIC,PUBLIC,28-Dec-05,N/A,32,$4.53 ,$144.96 ,$180.00 ,$180.00 ,$257.50 ,$437.50 ,$437.50 ,
1610005,BYRON DRIVE,TOASewer,RES,PUBLIC,PUBLIC,30-Jul-18,N/A,6,$4.53 ,$27.18 ,$180.00 ,$180.00 ,$257.50 ,$437.50 ,$437.50 ,
1610006,BYRON DRIVE,TOASewer,RES,PUBLIC,PUBLIC,23-Dec-13,N/A,38,$4.53 ,$172.14 ,$180.00 ,$180.00 ,$257.50 ,$437.50 ,$437.50 ,
1610007,BYRON DRIVE,TOASewer,RES,PUBLIC,PUBLIC,25-Oct-02,N/A,36,$4.53 ,$163.08 ,$180.00 ,$180.00 ,$257.50 ,$437.50 ,$437.50 ,
1610008,BYRON DRIVE,TOASewer,RES,PUBLIC,PUBLIC,18-May-21,Y,N/A,N/A,N/A,,$257.50 ,$257.50 ,$515.00 ,$515.00 ,
1610009,BYRON DRIVE,TOASewer,RES,PUBLIC,PUBLIC,17-Aug-21,Y,N/A,N/A,N/A,,$257.50 ,$257.50 ,$515.00 ,$515.00 ,
1610010,BYRON DRIVE,TOASewer,RES,PUBLIC,PUBLIC,19-May-14,N/A,0,$4.53 , $-   ,$180.00 ,$180.00 ,$257.50 ,$437.50 ,$437.50 ,
1610011,BYRON DRIVE,TOASewer,RES,PUBLIC,PUBLIC,2-Jul-21,Y,N/A,N/A,N/A,,$257.50 ,$257.50 ,$515.00 ,$515.00 ,
1610012,BYRON DRIVE,TOASewer,RES,PUBLIC,PUBLIC,13-Sep-10,N/A,28,$4.53 ,$126.84 ,$180.00 ,$180.00 ,$257.50 ,$437.50 ,$437.50 ,
1610013,BYRON DRIVE,TOASewer,RES,PUBLIC,PUBLIC,6-Aug-14,N/A,48,$4.53 ,$217.44 ,$217.44 ,$217.44 ,$257.50 ,$474.94 ,$474.94 ,
1610014,BYRON DRIVE,TOASewer,RES,PUBLIC,PUBLIC,2-Dec-20,N/A,8,$4.53 ,$36.24 ,$180.00 ,$180.00 ,$257.50 ,$437.50 ,$437.50 ,
1610015,BYRON DRIVE,TOASewer,RES,PUBLIC,PUBLIC,27-Apr-18,N/A,24,$4.53 ,$108.72 ,$180.00 ,$180.00 ,$257.50 ,$437.50 ,$437.50 ,
1610016,BYRON DRIVE,TOASewer,RES,PUBLIC,PUBLIC,25-Aug-14,N/A,64,$4.53 ,$289.92 ,$289.92 ,$289.92 ,$257.50 ,$547.42 ,$547.42 ,
1610017,BYRON DRIVE,TOASewer,RES,PUBLIC,PUBLIC,24-May-00,N/A,20,$4.53 ,$90.60 ,$180.00 ,$180.00 ,$257.50 ,$437.50 ,$437.50 ,
1610018,BYRON DRIVE,TOASewer,RES,PUBLIC,PUBLIC,8-Nov-21,Y,N/A,N/A,N/A,,$257.50 ,$257.50 ,$515.00 ,$515.00 ,
1610019,BYRON DRIVE,TOASewer,RES,PUBLIC,PUBLIC,21-Jul-95,N/A,10,$4.53 ,$45.30 ,$180.00 ,$180.00 ,$257.50 ,$437.50 ,$437.50 ,
1610020,BYRON DRIVE,TOASewer,RES,PUBLIC,PUBLIC,10-Dec-03,N/A,24,$4.53 ,$108.72 ,$180.00 ,$180.00 ,$257.50 ,$437.50 ,$437.50 ,
1610021,BYRON DRIVE,TOASewer,RES,PUBLIC,PUBLIC,28-Jul-14,N/A,20,$4.53 ,$90.60 ,$180.00 ,$180.00 ,$257.50 ,$437.50 ,$437.50 ,
1610022,BYRON DRIVE,TOASewer,RES,PUBLIC,PUBLIC,24-May-10,N/A,14,$4.53 ,$63.42 ,$180.00 ,$180.00 ,$257.50 ,$437.50 ,$437.50 ,
1610023,BYRON DRIVE,TOASewer,RES,PUBLIC,PUBLIC,19-Mar-20,N/A,16,$4.53 ,$72.48 ,$180.00 ,$180.00 ,$257.50 ,$437.50 ,$437.50 ,
1610024,BYRON DRIVE,TOASewer,RES,PUBLIC,PUBLIC,5-Nov-96,N/A,36,$4.53 ,$163.08 ,$180.00 ,$180.00 ,$257.50 ,$437.50 ,$437.50 ,
1610025,BYRON DRIVE,TOASewer,RES,PUBLIC,PUBLIC,31-Aug-15,N/A,2,$4.53 ,$9.06 ,$180.00 ,$180.00 ,$257.50 ,$437.50 ,$437.50 ,
1610026,BYRON DRIVE,TOASewer,RES,PUBLIC,PUBLIC,16-Sep-14,N/A,26,$4.53 ,$117.78 ,$180.00 ,$180.00 ,$257.50 ,$437.50 ,$437.50 ,
1610027,BYRON DRIVE,TOASewer,RES,PUBLIC,PUBLIC,17-Jul-17,N/A,36,$4.53 ,$163.08 ,$180.00 ,$180.00 ,$257.50 ,$437.50 ,$437.50 ,
1610028,BYRON DRIVE,TOASewer,RES,PUBLIC,PUBLIC,24-Jun-21,Y,N/A,N/A,N/A,,$257.50 ,$257.50 ,$515.00 ,$515.00 ,
1610029,BYRON DRIVE,TOASewer,RES,PUBLIC,PUBLIC,30-Dec-19,N/A,34,$4.53 ,$154.02 ,$180.00 ,$180.00 ,$257.50 ,$437.50 ,$437.50 ,
1610030,BYRON DRIVE,TOASewer,RES,PUBLIC,PUBLIC,19-Mar-18,N/A,22,$4.53 ,$99.66 ,$180.00 ,$180.00 ,$257.50 ,$437.50 ,$437.50 ,
1610031,BYRON DRIVE,TOASewer,RES,PUBLIC,PUBLIC,8-Jun-79,N/A,24,$4.53 ,$108.72 ,$180.00 ,$180.00 ,$257.50 ,$437.50 ,$437.50 ,
1610032,BYRON DRIVE,TOASewer,RES,PUBLIC,PUBLIC,13-Nov-02,N/A,12,$4.53 ,$54.36 ,$180.00 ,$180.00 ,$257.50 ,$437.50 ,$437.50 ,
1610033,BYRON DRIVE,TOASewer,RES,PUBLIC,PUBLIC,15-Sep-86,N/A,34,$4.53 ,$154.02 ,$180.00 ,$180.00 ,$257.50 ,$437.50 ,$437.50 ,
1610034,BYRON DRIVE,TOASewer,RES,PUBLIC,PUBLIC,16-Jul-19,N/A,28,$4.53 ,$126.84 ,$180.00 ,$180.00 ,$257.50 ,$437.50 ,$437.50 ,
1610035,BYRON DRIVE,TOASewer,RES,PUBLIC,PUBLIC,4-May-92,N/A,24,$4.53 ,$108.72 ,$180.00 ,$180.00 ,$257.50 ,$437.50 ,$437.50 ,
1610036,BYRON DRIVE,TOASewer,RES,PUBLIC,PUBLIC,29-May-20,N/A,40,$4.53 ,$181.20 ,$181.20 ,$181.20 ,$257.50 ,$438.70 ,$438.70 ,
1610037,BYRON DRIVE,TOASewer,RES,PUBLIC,PUBLIC,15-Jul-04,N/A,60,$4.53 ,$271.80 ,$271.80 ,$271.80 ,$257.50 ,$529.30 ,$529.30 ,
1610038,BYRON DRIVE,TOASewer,RES,PUBLIC,PUBLIC,1-Nov-17,N/A,26,$4.53 ,$117.78 ,$180.00 ,$180.00 ,$257.50 ,$437.50 ,$437.50 ,
1610039,BYRON DRIVE,TOASewer,RES,PUBLIC,PUBLIC,15-Jun-16,N/A,16,$4.53 ,$72.48 ,$180.00 ,$180.00 ,$257.50 ,$437.50 ,$437.50 ,
1610040,BYRON DRIVE,TOASewer,RES,PUBLIC,PUBLIC,5-Aug-16,N/A,32,$4.53 ,$144.96 ,$180.00 ,$180.00 ,$257.50 ,$437.50 ,$437.50 ,
1610041,BYRON DRIVE,TOASewer,RES,PUBLIC,PUBLIC,15-Oct-87,N/A,20,$4.53 ,$90.60 ,$180.00 ,$180.00 ,$257.50 ,$437.50 ,$437.50 ,
1610042,BYRON DRIVE,TOASewer,RES,PUBLIC,PUBLIC,17-Aug-21,Y,N/A,N/A,N/A,,$257.50 ,$257.50 ,$515.00 ,$515.00 ,
1610043,BYRON DRIVE,TOASewer,RES,PUBLIC,PUBLIC,19-Apr-96,N/A,18,$4.53 ,$81.54 ,$180.00 ,$180.00 ,$257.50 ,$437.50 ,$437.50 ,
1610044,BYRON DRIVE,TOASewer,RES,PUBLIC,PUBLIC,7-Dec-15,N/A,42,$4.53 ,$190.26 ,$190.26 ,$190.26 ,$257.50 ,$447.76 ,$447.76 ,
1610045,BYRON DRIVE,TOASewer,RES,PUBLIC,PUBLIC,2-Oct-20,N/A,36,$4.53 ,$163.08 ,$180.00 ,$180.00 ,$257.50 ,$437.50 ,$437.50 ,
1610046,BYRON DRIVE,TOASewer,RES,PUBLIC,PUBLIC,12-Aug-11,N/A,30,$4.53 ,$135.90 ,$180.00 ,$180.00 ,$257.50 ,$437.50 ,$437.50 ,
1610047,BYRON DRIVE,TOASewer,RES,PUBLIC,PUBLIC,13-Jan-20,N/A,20,$4.53 ,$90.60 ,$180.00 ,$180.00 ,$257.50 ,$437.50 ,$437.50 ,
1610048,BYRON DRIVE,TOASewer,RES,PUBLIC,PUBLIC,19-Jul-10,N/A,18,$4.53 ,$81.54 ,$180.00 ,$180.00 ,$257.50 ,$437.50 ,$437.50 ,
1610049,BYRON DRIVE,TOASewer,RES,PUBLIC,PUBLIC,31-Aug-79,N/A,28,$4.53 ,$126.84 ,$180.00 ,$180.00 ,$257.50 ,$437.50 ,$437.50 ,
1610050,BYRON DRIVE,TOASewer,RES,PUBLIC,PUBLIC,9-Jul-20,N/A,26,$4.53 ,$117.78 ,$180.00 ,$180.00 ,$257.50 ,$437.50 ,$437.50 ,
1610051,BYRON DRIVE,TOASewer,RES,PUBLIC,PUBLIC,29-May-91,N/A,22,$4.53 ,$99.66 ,$180.00 ,$180.00 ,$257.50 ,$437.50 ,$437.50 ,
1610052,BYRON DRIVE,TOASewer,RES,PUBLIC,PUBLIC,20-Jun-12,N/A,18,$4.53 ,$81.54 ,$180.00 ,$180.00 ,$257.50 ,$437.50 ,$437.50 ,
1610053,BYRON DRIVE,TOASewer,RES,PUBLIC,PUBLIC,13-Aug-12,N/A,10,$4.53 ,$45.30 ,$180.00 ,$180.00 ,$257.50 ,$437.50 ,$437.50 ,
1610054,BYRON DRIVE,TOASewer,RES,PUBLIC,PUBLIC,20-Jan-99,N/A,24,$4.53 ,$108.72 ,$180.00 ,$180.00 ,$257.50 ,$437.50 ,$437.50 ,
1610055,BYRON DRIVE,TOASewer,RES,PUBLIC,PUBLIC,16-May-17,N/A,26,$4.53 ,$117.78 ,$180.00 ,$180.00 ,$257.50 ,$437.50 ,$437.50 ,
1610056,BYRON DRIVE,TOASewer,RES,PUBLIC,PUBLIC,17-Oct-06,N/A,8,$4.53 ,$36.24 ,$180.00 ,$180.00 ,$257.50 ,$437.50 ,$437.50 ,
1610057,BYRON DRIVE,TOASewer,RES,PUBLIC,PUBLIC,12-Feb-14,N/A,50,$4.53 ,$226.50 ,$226.50 ,$226.50 ,$257.50 ,$484.00 ,$484.00 ,
1610058,BYRON DRIVE,TOASewer,RES,PUBLIC,PUBLIC,22-Oct-19,N/A,38,$4.53 ,$172.14 ,$180.00 ,$180.00 ,$257.50 ,$437.50 ,$437.50 ,
1610059,BYRON DRIVE,TOASewer,RES,PUBLIC,PUBLIC,3-May-99,N/A,2,$4.53 ,$9.06 ,$180.00 ,$180.00 ,$257.50 ,$437.50 ,$437.50 ,
1610060,BYRON DRIVE,TOASewer,RES,PUBLIC,PUBLIC,5-Sep-18,N/A,12,$4.53 ,$54.36 ,$180.00 ,$180.00 ,$257.50 ,$437.50 ,$437.50 ,
1610061,BYRON DRIVE,TOASewer,RES,PUBLIC,PUBLIC,5-Aug-16,N/A,14,$4.53 ,$63.42 ,$180.00 ,$180.00 ,$257.50 ,$437.50 ,$437.50 ,
1610062,BYRON DRIVE,TOASewer,RES,PUBLIC,PUBLIC,10-Sep-04,N/A,8,$4.53 ,$36.24 ,$180.00 ,$180.00 ,$257.50 ,$437.50 ,$437.50 ,
1610063,BYRON DRIVE,TOASewer,RES,PUBLIC,PUBLIC,21-Jul-08,N/A,48,$4.53 ,$217.44 ,$217.44 ,$217.44 ,$257.50 ,$474.94 ,$474.94 ,
1610064,BYRON DRIVE,TOASewer,RES,PUBLIC,PUBLIC,30-Sep-99,N/A,6,$4.53 ,$27.18 ,$180.00 ,$180.00 ,$257.50 ,$437.50 ,$437.50 ,
1610065,BYRON DRIVE,TOASewer,RES,PUBLIC,PUBLIC,16-Jun-17,N/A,54,$4.53 ,$244.62 ,$244.62 ,$244.62 ,$257.50 ,$502.12 ,$502.12 ,
1610066,BYRON DRIVE,TOASewer,RES,PUBLIC,PUBLIC,5-Jul-88,N/A,0,$4.53 , $-   ,$180.00 ,$180.00 ,$257.50 ,$437.50 ,$437.50 ,
1610067,BYRON DRIVE,TOASewer,RES,PUBLIC,PUBLIC,13-Nov-92,N/A,12,$4.53 ,$54.36 ,$180.00 ,$180.00 ,$257.50 ,$437.50 ,$437.50 ,
1610068,BYRON DRIVE,TOASewer,RES,PUBLIC,PUBLIC,14-Jul-15,N/A,26,$4.53 ,$117.78 ,$180.00 ,$180.00 ,$257.50 ,$437.50 ,$437.50 ,
1610069,BYRON DRIVE,TOASewer,RES,PUBLIC,PUBLIC,23-May-17,N/A,26,$4.53 ,$117.78 ,$180.00 ,$180.00 ,$257.50 ,$437.50 ,$437.50 ,
1610070,BYRON DRIVE,TOASewer,RES,PUBLIC,PUBLIC,6-Oct-20,N/A,24,$4.53 ,$108.72 ,$180.00 ,$180.00 ,$257.50 ,$437.50 ,$437.50 ,
1610071,BYRON DRIVE,TOASewer,RES,PUBLIC,PUBLIC,20-Jun-11,N/A,8,$4.53 ,$36.24 ,$180.00 ,$180.00 ,$257.50 ,$437.50 ,$437.50 ,
1610072,BYRON DRIVE,TOASewer,RES,PUBLIC,PUBLIC,6-Dec-16,N/A,56,$4.53 ,$253.68 ,$253.68 ,$253.68 ,$257.50 ,$511.18 ,$511.18 ,
1610073,BYRON DRIVE,TOASewer,RES,PUBLIC,PUBLIC,18-Dec-12,N/A,34,$4.53 ,$154.02 ,$180.00 ,$180.00 ,$257.50 ,$437.50 ,$437.50 ,
1610074,BYRON DRIVE,TOASewer,RES,PUBLIC,PUBLIC,15-Mar-12,N/A,64,$4.53 ,$289.92 ,$289.92 ,$289.92 ,$257.50 ,$547.42 ,$547.42 ,
1610075,BYRON DRIVE,TOASewer,RES,PUBLIC,PUBLIC,2-Oct-00,N/A,72,$4.53 ,$326.16 ,$326.16 ,$326.16 ,$257.50 ,$583.66 ,$583.66 ,
1610076,BYRON DRIVE,TOASewer,RES,PUBLIC,PUBLIC,16-Feb-01,N/A,18,$4.53 ,$81.54 ,$180.00 ,$180.00 ,$257.50 ,$437.50 ,$437.50 ,
1610077,BYRON DRIVE,TOASewer,RES,PUBLIC,PUBLIC,15-Jun-92,N/A,20,$4.53 ,$90.60 ,$180.00 ,$180.00 ,$257.50 ,$437.50 ,$437.50 ,
1610078,BYRON DRIVE,TOASewer,RES,PUBLIC,PUBLIC,28-Apr-93,N/A,0,$4.53 , $-   ,$180.00 ,$180.00 ,$257.50 ,$437.50 ,$437.50 ,
1610079,BYRON DRIVE,TOASewer,RES,PUBLIC,PUBLIC,24-Apr-09,N/A,60,$4.53 ,$271.80 ,$271.80 ,$271.80 ,$257.50 ,$529.30 ,$529.30 ,
1610080,BYRON DRIVE,TOASewer,RES,PUBLIC,PUBLIC,14-Sep-15,N/A,26,$4.53 ,$117.78 ,$180.00 ,$180.00 ,$257.50 ,$437.50 ,$437.50 ,
1620002,CADBURY TURN,TOASewer,RES,PUBLIC,PUBLIC,16-Apr-99,N/A,76,$4.53 ,$344.28 ,$344.28 ,$344.28 ,$257.50 ,$601.78 ,$601.78 ,
1620005,CADBURY TURN,TOASewer,RES,PUBLIC,PUBLIC,24-Sep-21,Y,N/A,N/A,N/A,,$257.50 ,$257.50 ,$515.00 ,$515.00 ,
1620008,CADBURY TURN,TOASewer,RES,PUBLIC,PUBLIC,4-May-17,N/A,26,$4.53 ,$117.78 ,$180.00 ,$180.00 ,$257.50 ,$437.50 ,$437.50 ,
1620014,CADBURY TURN,TOASewer,RES,PUBLIC,PUBLIC,30-Jun-03,N/A,80,$4.53 ,$362.40 ,$362.40 ,$362.40 ,$257.50 ,$619.90 ,$619.90 ,
1620015,CADBURY TURN,TOASewer,RES,PUBLIC,PUBLIC,4-May-94,N/A,30,$4.53 ,$135.90 ,$180.00 ,$180.00 ,$257.50 ,$437.50 ,$437.50 ,
6010003,CAMBRIDGE CROSSING,TOASewer,RES,PUBLIC,PUBLIC,1-Jul-13,N/A,58,$4.53 ,$262.74 ,$262.74 ,$262.74 ,$257.50 ,$520.24 ,$520.24 ,
6010004,CAMBRIDGE CROSSING,TOASewer,RES,PUBLIC,PUBLIC,1-Jul-02,N/A,40,$4.53 ,$181.20 ,$181.20 ,$181.20 ,$257.50 ,$438.70 ,$438.70 ,
6010009,CAMBRIDGE CROSSING,TOASewer,RES,PUBLIC,PUBLIC,16-May-02,N/A,108,$4.53 ,$489.24 ,$489.24 ,$489.24 ,$257.50 ,$746.74 ,$746.74 ,
6010010,CAMBRIDGE CROSSING,TOASewer,RES,PUBLIC,PUBLIC,20-Sep-02,N/A,62,$4.53 ,$280.86 ,$280.86 ,$280.86 ,$257.50 ,$538.36 ,$538.36 ,
6010014,CAMBRIDGE CROSSING,TOASewer,RES,PUBLIC,PUBLIC,4-Aug-21,Y,N/A,N/A,N/A,,$257.50 ,$257.50 ,$515.00 ,$515.00 ,
6010015,CAMBRIDGE CROSSING,TOASewer,RES,PUBLIC,PUBLIC,3-Dec-19,N/A,94,$4.53 ,$425.82 ,$425.82 ,$425.82 ,$257.50 ,$683.32 ,$683.32 ,
6010019,CAMBRIDGE CROSSING,TOASewer,RES,PUBLIC,PUBLIC,5-Nov-15,N/A,84,$4.53 ,$380.52 ,$380.52 ,$380.52 ,$257.50 ,$638.02 ,$638.02 ,
6010023,CAMBRIDGE CROSSING,TOASewer,RES,PUBLIC,PUBLIC,22-Nov-02,N/A,60,$4.53 ,$271.80 ,$271.80 ,$271.80 ,$257.50 ,$529.30 ,$529.30 ,
6010027,CAMBRIDGE CROSSING,TOASewer,RES,PUBLIC,PUBLIC,21-Apr-09,N/A,18,$4.53 ,$81.54 ,$180.00 ,$180.00 ,$257.50 ,$437.50 ,$437.50 ,
6010032,CAMBRIDGE CROSSING,TOASewer,RES,PUBLIC,PUBLIC,16-Mar-16,N/A,46,$4.53 ,$208.38 ,$208.38 ,$208.38 ,$257.50 ,$465.88 ,$465.88 ,
6010033,CAMBRIDGE CROSSING,TOASewer,RES,PUBLIC,PUBLIC,13-Jan-03,N/A,54,$4.53 ,$244.62 ,$244.62 ,$244.62 ,$257.50 ,$502.12 ,$502.12 ,
6010036,CAMBRIDGE CROSSING,TOASewer,RES,PUBLIC,PUBLIC,26-Mar-13,N/A,128,$4.53 ,$579.84 ,$579.84 ,$579.84 ,$257.50 ,$837.34 ,$837.34 ,
6010037,CAMBRIDGE CROSSING,TOASewer,RES,PUBLIC,PUBLIC,4-Feb-15,N/A,120,$4.53 ,$543.60 ,$543.60 ,$543.60 ,$257.50 ,$801.10 ,$801.10 ,
6270001,CAMDEN WAY,TOASewer,RES,PUBLIC,PUBLIC,13-Dec-18,N/A,58,$4.53 ,$262.74 ,$262.74 ,$262.74 ,$257.50 ,$520.24 ,$520.24 ,
6270002,CAMDEN WAY,TOASewer,RES,PUBLIC,PUBLIC,2-Mar-09,N/A,72,$4.53 ,$326.16 ,$326.16 ,$326.16 ,$257.50 ,$583.66 ,$583.66 ,
6270003,CAMDEN WAY,TOASewer,RES,PUBLIC,PUBLIC,3-Jun-16,N/A,76,$4.53 ,$344.28 ,$344.28 ,$344.28 ,$257.50 ,$601.78 ,$601.78 ,
6270004,CAMDEN WAY,TOASewer,RES,PUBLIC,PUBLIC,29-Jul-14,N/A,44,$4.53 ,$199.32 ,$199.32 ,$199.32 ,$257.50 ,$456.82 ,$456.82 ,
6270005,CAMDEN WAY,TOASewer,RES,PUBLIC,PUBLIC,12-Mar-13,N/A,30,$4.53 ,$135.90 ,$180.00 ,$180.00 ,$257.50 ,$437.50 ,$437.50 ,
6270006,CAMDEN WAY,TOASewer,RES,PUBLIC,PUBLIC,15-Jul-13,N/A,170,$4.53 ,$770.10 ,$770.10 ,$770.10 ,$257.50 ,"$1,027.60 ","$1,027.60 ",
6270007,CAMDEN WAY,TOASewer,RES,PUBLIC,PUBLIC,19-Jan-11,N/A,68,$4.53 ,$308.04 ,$308.04 ,$308.04 ,$257.50 ,$565.54 ,$565.54 ,
6270008,CAMDEN WAY,TOASewer,RES,PUBLIC,PUBLIC,30-Jul-12,N/A,66,$4.53 ,$298.98 ,$298.98 ,$298.98 ,$257.50 ,$556.48 ,$556.48 ,
6270009,CAMDEN WAY,TOASewer,RES,PUBLIC,PUBLIC,26-Nov-08,N/A,60,$4.53 ,$271.80 ,$271.80 ,$271.80 ,$257.50 ,$529.30 ,$529.30 ,
6270010,CAMDEN WAY,TOASewer,RES,PUBLIC,PUBLIC,28-Aug-07,N/A,16,$4.53 ,$72.48 ,$180.00 ,$180.00 ,$257.50 ,$437.50 ,$437.50 ,
6270012,CAMDEN WAY,TOASewer,RES,PUBLIC,PUBLIC,24-Jul-09,N/A,54,$4.53 ,$244.62 ,$244.62 ,$244.62 ,$257.50 ,$502.12 ,$502.12 ,
1670001,CANTERBURY LANE,TOASewer,RES,PUBLIC,PUBLIC,31-Oct-08,N/A,68,$4.53 ,$308.04 ,$308.04 ,$308.04 ,$257.50 ,$565.54 ,$565.54 ,
1670002,CANTERBURY LANE,TOASewer,RES,PUBLIC,PUBLIC,26-Apr-99,N/A,24,$4.53 ,$108.72 ,$180.00 ,$180.00 ,$257.50 ,$437.50 ,$437.50 ,
1670003,CANTERBURY LANE,TOASewer,RES,PUBLIC,PUBLIC,24-May-17,N/A,26,$4.53 ,$117.78 ,$180.00 ,$180.00 ,$257.50 ,$437.50 ,$437.50 ,
1670004,CANTERBURY LANE,TOASewer,RES,PUBLIC,PUBLIC,24-Jan-13,N/A,44,$4.53 ,$199.32 ,$199.32 ,$199.32 ,$257.50 ,$456.82 ,$456.82 ,
1670005,CANTERBURY LANE,TOASewer,RES,PUBLIC,PUBLIC,23-Jun-17,N/A,16,$4.53 ,$72.48 ,$180.00 ,$180.00 ,$257.50 ,$437.50 ,$437.50 ,
1670006,CANTERBURY LANE,TOASewer,RES,PUBLIC,PUBLIC,3-Jul-07,N/A,20,$4.53 ,$90.60 ,$180.00 ,$180.00 ,$257.50 ,$437.50 ,$437.50 ,
1670007,CANTERBURY LANE,TOASewer,RES,PUBLIC,PUBLIC,11-Mar-19,N/A,20,$4.53 ,$90.60 ,$180.00 ,$180.00 ,$257.50 ,$437.50 ,$437.50 ,
1670008,CANTERBURY LANE,TOASewer,RES,PUBLIC,PUBLIC,31-May-18,N/A,10,$4.53 ,$45.30 ,$180.00 ,$180.00 ,$257.50 ,$437.50 ,$437.50 ,
1670009,CANTERBURY LANE,TOASewer,RES,PUBLIC,PUBLIC,8-Jul-92,N/A,36,$4.53 ,$163.08 ,$180.00 ,$180.00 ,$257.50 ,$437.50 ,$437.50 ,
1670010,CANTERBURY LANE,TOASewer,RES,PUBLIC,PUBLIC,26-Jun-89,N/A,20,$4.53 ,$90.60 ,$180.00 ,$180.00 ,$257.50 ,$437.50 ,$437.50 ,
1670011,CANTERBURY LANE,TOASewer,RES,PUBLIC,PUBLIC,1-Mar-16,N/A,28,$4.53 ,$126.84 ,$180.00 ,$180.00 ,$257.50 ,$437.50 ,$437.50 ,
1670012,CANTERBURY LANE,TOASewer,RES,PUBLIC,PUBLIC,4-Apr-14,N/A,34,$4.53 ,$154.02 ,$180.00 ,$180.00 ,$257.50 ,$437.50 ,$437.50 ,
1670013,CANTERBURY LANE,TOASewer,RES,PUBLIC,PUBLIC,27-Sep-02,N/A,4,$4.53 ,$18.12 ,$180.00 ,$180.00 ,$257.50 ,$437.50 ,$437.50 ,
1670014,CANTERBURY LANE,TOASewer,RES,PUBLIC,PUBLIC,18-Mar-10,N/A,32,$4.53 ,$144.96 ,$180.00 ,$180.00 ,$257.50 ,$437.50 ,$437.50 ,
1670015,CANTERBURY LANE,TOASewer,RES,PUBLIC,PUBLIC,3-Aug-15,N/A,24,$4.53 ,$108.72 ,$180.00 ,$180.00 ,$257.50 ,$437.50 ,$437.50 ,
1670016,CANTERBURY LANE,TOASewer,RES,PUBLIC,PUBLIC,2-Jan-20,N/A,36,$4.53 ,$163.08 ,$180.00 ,$180.00 ,$257.50 ,$437.50 ,$437.50 ,
1670017,CANTERBURY LANE,TOASewer,RES,PUBLIC,PUBLIC,16-Aug-21,Y,N/A,N/A,N/A,,$257.50 ,$257.50 ,$515.00 ,$515.00 ,
1670018,CANTERBURY LANE,TOASewer,RES,PUBLIC,PUBLIC,2-Sep-21,Y,N/A,N/A,N/A,,$257.50 ,$257.50 ,$515.00 ,$515.00 ,
1670019,CANTERBURY LANE,TOASewer,RES,PUBLIC,PUBLIC,17-Jul-20,N/A,14,$4.53 ,$63.42 ,$180.00 ,$180.00 ,$257.50 ,$437.50 ,$437.50 ,
1670020,CANTERBURY LANE,TOASewer,RES,PUBLIC,PUBLIC,23-Jul-18,N/A,22,$4.53 ,$99.66 ,$180.00 ,$180.00 ,$257.50 ,$437.50 ,$437.50 ,
1670021,CANTERBURY LANE,TOASewer,RES,PUBLIC,PUBLIC,27-Dec-21,Y,N/A,N/A,N/A,,$257.50 ,$257.50 ,$515.00 ,$515.00 ,
1670022,CANTERBURY LANE,TOASewer,RES,PUBLIC,PUBLIC,19-Jun-20,N/A,12,$4.53 ,$54.36 ,$180.00 ,$180.00 ,$257.50 ,$437.50 ,$437.50 ,
1670023,CANTERBURY LANE,TOASewer,RES,PUBLIC,PUBLIC,6-Oct-15,N/A,24,$4.53 ,$108.72 ,$180.00 ,$180.00 ,$257.50 ,$437.50 ,$437.50 ,
1670024,CANTERBURY LANE,TOASewer,RES,PUBLIC,PUBLIC,24-Jul-03,N/A,16,$4.53 ,$72.48 ,$180.00 ,$180.00 ,$257.50 ,$437.50 ,$437.50 ,
1670025,CANTERBURY LANE,TOASewer,RES,PUBLIC,PUBLIC,16-Jul-21,Y,N/A,N/A,N/A,,$257.50 ,$257.50 ,$515.00 ,$515.00 ,
1670026,CANTERBURY LANE,TOASewer,RES,PUBLIC,PUBLIC,21-Sep-21,Y,N/A,N/A,N/A,,$257.50 ,$257.50 ,$515.00 ,$515.00 ,
1670027,CANTERBURY LANE,TOASewer,RES,PUBLIC,PUBLIC,1-Mar-12,N/A,4,$4.53 ,$18.12 ,$180.00 ,$180.00 ,$257.50 ,$437.50 ,$437.50 ,
1670028,CANTERBURY LANE,TOASewer,RES,PUBLIC,PUBLIC,30-Apr-07,N/A,18,$4.53 ,$81.54 ,$180.00 ,$180.00 ,$257.50 ,$437.50 ,$437.50 ,
1670029,CANTERBURY LANE,TOASewer,RES,PUBLIC,PUBLIC,6-Feb-17,N/A,16,$4.53 ,$72.48 ,$180.00 ,$180.00 ,$257.50 ,$437.50 ,$437.50 ,
1670030,CANTERBURY LANE,TOASewer,RES,PUBLIC,PUBLIC,18-Sep-15,N/A,22,$4.53 ,$99.66 ,$180.00 ,$180.00 ,$257.50 ,$437.50 ,$437.50 ,
1670031,CANTERBURY LANE,TOASewer,RES,PUBLIC,PUBLIC,21-Jan-21,Y,N/A,N/A,N/A,,$257.50 ,$257.50 ,$515.00 ,$515.00 ,
1670032,CANTERBURY LANE,TOASewer,RES,PUBLIC,PUBLIC,30-Dec-20,N/A,0,$4.53 , $-   ,$180.00 ,$180.00 ,$257.50 ,$437.50 ,$437.50 ,
1680003,CARRIAGE DRIVE,TOASewer,RES,PUBLIC,PUBLIC,20-Dec-11,N/A,64,$4.53 ,$289.92 ,$289.92 ,$289.92 ,$257.50 ,$547.42 ,$547.42 ,
1680011,CARRIAGE DRIVE,TOASewer,RES,PUBLIC,PUBLIC,1-May-02,N/A,44,$4.53 ,$199.32 ,$199.32 ,$199.32 ,$257.50 ,$456.82 ,$456.82 ,
1680116,CARRIAGE DRIVE,TOASewer,RES,PUBLIC,PUBLIC,1-Jul-15,N/A,26,$4.53 ,$117.78 ,$180.00 ,$180.00 ,$257.50 ,$437.50 ,$437.50 ,
1680117,CARRIAGE DRIVE,TOASewer,RES,PUBLIC,PUBLIC,2-May-19,N/A,46,$4.53 ,$208.38 ,$208.38 ,$208.38 ,$257.50 ,$465.88 ,$465.88 ,
1680122,CARRIAGE DRIVE,TOASewer,RES,PUBLIC,PUBLIC,9-Nov-92,N/A,52,$4.53 ,$235.56 ,$235.56 ,$235.56 ,$257.50 ,$493.06 ,$493.06 ,
1680123,CARRIAGE DRIVE,TOASewer,RES,PUBLIC,PUBLIC,1-Jul-96,N/A,32,$4.53 ,$144.96 ,$180.00 ,$180.00 ,$257.50 ,$437.50 ,$437.50 ,
1680129,CARRIAGE DRIVE,TOASewer,RES,PUBLIC,PUBLIC,31-Dec-02,N/A,110,$4.53 ,$498.30 ,$498.30 ,$498.30 ,$257.50 ,$755.80 ,$755.80 ,
1680134,CARRIAGE DRIVE,TOASewer,RES,PUBLIC,PUBLIC,30-Dec-83,N/A,26,$4.53 ,$117.78 ,$180.00 ,$180.00 ,$257.50 ,$437.50 ,$437.50 ,
1680135,CARRIAGE DRIVE,TOASewer,RES,PUBLIC,PUBLIC,30-Apr-02,N/A,70,$4.53 ,$317.10 ,$317.10 ,$317.10 ,$257.50 ,$574.60 ,$574.60 ,
1680146,CARRIAGE DRIVE,TOASewer,RES,PUBLIC,PUBLIC,18-May-15,N/A,26,$4.53 ,$117.78 ,$180.00 ,$180.00 ,$257.50 ,$437.50 ,$437.50 ,
1680157,CARRIAGE DRIVE,TOASewer,RES,PUBLIC,PUBLIC,12-Apr-00,N/A,74,$4.53 ,$335.22 ,$335.22 ,$335.22 ,$257.50 ,$592.72 ,$592.72 ,
1680161,CARRIAGE DRIVE,TOASewer,RES,PUBLIC,PUBLIC,12-Dec-94,N/A,74,$4.53 ,$335.22 ,$335.22 ,$335.22 ,$257.50 ,$592.72 ,$592.72 ,
1680167,CARRIAGE DRIVE,TOASewer,RES,PUBLIC,PUBLIC,2-Feb-09,N/A,56,$4.53 ,$253.68 ,$253.68 ,$253.68 ,$257.50 ,$511.18 ,$511.18 ,
1680168,CARRIAGE DRIVE,TOASewer,RES,PUBLIC,PUBLIC,20-May-19,N/A,66,$4.53 ,$298.98 ,$298.98 ,$298.98 ,$257.50 ,$556.48 ,$556.48 ,
1680173,CARRIAGE DRIVE,TOASewer,RES,PUBLIC,PUBLIC,20-May-03,N/A,74,$4.53 ,$335.22 ,$335.22 ,$335.22 ,$257.50 ,$592.72 ,$592.72 ,
1690003,CASTLEWOOD ROAD,TOASewer,RES,PUBLIC,PUBLIC,2-Apr-18,N/A,72,$4.53 ,$326.16 ,$326.16 ,$326.16 ,$257.50 ,$583.66 ,$583.66 ,
1690004,CASTLEWOOD ROAD,TOASewer,RES,PUBLIC,PUBLIC,22-Aug-16,N/A,82,$4.53 ,$371.46 ,$371.46 ,$371.46 ,$257.50 ,$628.96 ,$628.96 ,
1700001,CATALPA COURT,TOASewer,RES,PUBLIC,PUBLIC,11-Jul-16,N/A,50,$4.53 ,$226.50 ,$226.50 ,$226.50 ,$257.50 ,$484.00 ,$484.00 ,
1700002,CATALPA COURT,TOASewer,RES,PUBLIC,PUBLIC,7-Apr-21,Y,N/A,N/A,N/A,,$257.50 ,$257.50 ,$515.00 ,$515.00 ,
1700003,CATALPA COURT,TOASewer,RES,PUBLIC,PUBLIC,24-Oct-14,N/A,24,$4.53 ,$108.72 ,$180.00 ,$180.00 ,$257.50 ,$437.50 ,$437.50 ,
1700004,CATALPA COURT,TOASewer,RES,PUBLIC,PUBLIC,3-Jun-21,Y,N/A,N/A,N/A,,$257.50 ,$257.50 ,$515.00 ,$515.00 ,
1700005,CATALPA COURT,TOASewer,RES,PUBLIC,PUBLIC,11-Jun-20,N/A,40,$4.53 ,$181.20 ,$181.20 ,$181.20 ,$257.50 ,$438.70 ,$438.70 ,
1700006,CATALPA COURT,TOASewer,RES,PUBLIC,PUBLIC,30-Nov-11,N/A,12,$4.53 ,$54.36 ,$180.00 ,$180.00 ,$257.50 ,$437.50 ,$437.50 ,
1700007,CATALPA COURT,TOASewer,RES,PUBLIC,PUBLIC,29-Oct-13,N/A,8,$4.53 ,$36.24 ,$180.00 ,$180.00 ,$257.50 ,$437.50 ,$437.50 ,
1700008,CATALPA COURT,TOASewer,RES,PUBLIC,PUBLIC,29-Sep-05,N/A,30,$4.53 ,$135.90 ,$180.00 ,$180.00 ,$257.50 ,$437.50 ,$437.50 ,
1700009,CATALPA COURT,TOASewer,RES,PUBLIC,PUBLIC,29-Jun-20,N/A,18,$4.53 ,$81.54 ,$180.00 ,$180.00 ,$257.50 ,$437.50 ,$437.50 ,
1700010,CATALPA COURT,TOASewer,RES,PUBLIC,PUBLIC,14-Sep-20,N/A,26,$4.53 ,$117.78 ,$180.00 ,$180.00 ,$257.50 ,$437.50 ,$437.50 ,
1700011,CATALPA COURT,TOASewer,RES,PUBLIC,PUBLIC,8-Sep-17,N/A,12,$4.53 ,$54.36 ,$180.00 ,$180.00 ,$257.50 ,$437.50 ,$437.50 ,
1700012,CATALPA COURT,TOASewer,RES,PUBLIC,PUBLIC,21-Jun-10,N/A,46,$4.53 ,$208.38 ,$208.38 ,$208.38 ,$257.50 ,$465.88 ,$465.88 ,
1700013,CATALPA COURT,TOASewer,RES,PUBLIC,PUBLIC,6-Apr-05,N/A,28,$4.53 ,$126.84 ,$180.00 ,$180.00 ,$257.50 ,$437.50 ,$437.50 ,
1700014,CATALPA COURT,TOASewer,RES,PUBLIC,PUBLIC,17-Sep-18,N/A,22,$4.53 ,$99.66 ,$180.00 ,$180.00 ,$257.50 ,$437.50 ,$437.50 ,
1700015,CATALPA COURT,TOASewer,RES,PUBLIC,PUBLIC,1-Jul-13,N/A,36,$4.53 ,$163.08 ,$180.00 ,$180.00 ,$257.50 ,$437.50 ,$437.50 ,
1700016,CATALPA COURT,TOASewer,RES,PUBLIC,PUBLIC,16-May-85,N/A,24,$4.53 ,$108.72 ,$180.00 ,$180.00 ,$257.50 ,$437.50 ,$437.50 ,
1700017,CATALPA COURT,TOASewer,RES,PUBLIC,PUBLIC,2-Jun-98,N/A,24,$4.53 ,$108.72 ,$180.00 ,$180.00 ,$257.50 ,$437.50 ,$437.50 ,
6160001,CAVENDISH PLACE,TOASewer,RES,PUBLIC,PUBLIC,5-Jan-04,N/A,44,$4.53 ,$199.32 ,$199.32 ,$199.32 ,$257.50 ,$456.82 ,$456.82 ,
6160002,CAVENDISH PLACE,TOASewer,RES,PUBLIC,PUBLIC,21-Oct-20,N/A,18,$4.53 ,$81.54 ,$180.00 ,$180.00 ,$257.50 ,$437.50 ,$437.50 ,
6160003,CAVENDISH PLACE,TOASewer,RES,PUBLIC,PUBLIC,18-Apr-05,N/A,12,$4.53 ,$54.36 ,$180.00 ,$180.00 ,$257.50 ,$437.50 ,$437.50 ,
6160004,CAVENDISH PLACE,TOASewer,RES,PUBLIC,PUBLIC,4-Apr-12,N/A,60,$4.53 ,$271.80 ,$271.80 ,$271.80 ,$257.50 ,$529.30 ,$529.30 ,
6160005,CAVENDISH PLACE,TOASewer,RES,PUBLIC,PUBLIC,2-Jul-03,N/A,28,$4.53 ,$126.84 ,$180.00 ,$180.00 ,$257.50 ,$437.50 ,$437.50 ,
6160006,CAVENDISH PLACE,TOASewer,RES,PUBLIC,PUBLIC,1-May-19,N/A,42,$4.53 ,$190.26 ,$190.26 ,$190.26 ,$257.50 ,$447.76 ,$447.76 ,
6160007,CAVENDISH PLACE,TOASewer,RES,PUBLIC,PUBLIC,27-Dec-04,N/A,64,$4.53 ,$289.92 ,$289.92 ,$289.92 ,$257.50 ,$547.42 ,$547.42 ,
6160008,CAVENDISH PLACE,TOASewer,RES,PUBLIC,PUBLIC,24-Nov-03,N/A,48,$4.53 ,$217.44 ,$217.44 ,$217.44 ,$257.50 ,$474.94 ,$474.94 ,
6160009,CAVENDISH PLACE,TOASewer,RES,PUBLIC,PUBLIC,18-Jun-14,N/A,2,$4.53 ,$9.06 ,$180.00 ,$180.00 ,$257.50 ,$437.50 ,$437.50 ,
6160010,CAVENDISH PLACE,TOASewer,RES,PUBLIC,PUBLIC,3-Apr-18,N/A,30,$4.53 ,$135.90 ,$180.00 ,$180.00 ,$257.50 ,$437.50 ,$437.50 ,
6160011,CAVENDISH PLACE,TOASewer,RES,PUBLIC,PUBLIC,3-Dec-21,Y,N/A,N/A,N/A,,$257.50 ,$257.50 ,$515.00 ,$515.00 ,
6160012,CAVENDISH PLACE,TOASewer,RES,PUBLIC,PUBLIC,19-Feb-20,N/A,44,$4.53 ,$199.32 ,$199.32 ,$199.32 ,$257.50 ,$456.82 ,$456.82 ,
6160013,CAVENDISH PLACE,TOASewer,RES,PUBLIC,PUBLIC,11-May-09,N/A,38,$4.53 ,$172.14 ,$180.00 ,$180.00 ,$257.50 ,$437.50 ,$437.50 ,
6160014,CAVENDISH PLACE,TOASewer,RES,PUBLIC,PUBLIC,2-Jun-05,N/A,22,$4.53 ,$99.66 ,$180.00 ,$180.00 ,$257.50 ,$437.50 ,$437.50 ,
6160015,CAVENDISH PLACE,TOASewer,RES,PUBLIC,PUBLIC,31-Aug-04,N/A,48,$4.53 ,$217.44 ,$217.44 ,$217.44 ,$257.50 ,$474.94 ,$474.94 ,
6160016,CAVENDISH PLACE,TOASewer,RES,PUBLIC,PUBLIC,13-Apr-05,N/A,66,$4.53 ,$298.98 ,$298.98 ,$298.98 ,$257.50 ,$556.48 ,$556.48 ,
6160017,CAVENDISH PLACE,TOASewer,RES,PUBLIC,PUBLIC,5-Jan-15,N/A,22,$4.53 ,$99.66 ,$180.00 ,$180.00 ,$257.50 ,$437.50 ,$437.50 ,
6160018,CAVENDISH PLACE,TOASewer,RES,PUBLIC,PUBLIC,1-Sep-04,N/A,66,$4.53 ,$298.98 ,$298.98 ,$298.98 ,$257.50 ,$556.48 ,$556.48 ,
6160019,CAVENDISH PLACE,TOASewer,RES,PUBLIC,PUBLIC,15-Jun-04,N/A,20,$4.53 ,$90.60 ,$180.00 ,$180.00 ,$257.50 ,$437.50 ,$437.50 ,
6160020,CAVENDISH PLACE,TOASewer,RES,PUBLIC,PUBLIC,23-Aug-04,N/A,46,$4.53 ,$208.38 ,$208.38 ,$208.38 ,$257.50 ,$465.88 ,$465.88 ,
1710029,CEDAR ROAD,TOASewer,RES,PUBLIC,PUBLIC,30-Nov-00,N/A,22,$4.53 ,$99.66 ,$180.00 ,$180.00 ,$257.50 ,$437.50 ,$437.50 ,
5210001,CENTERBROOK COURT,TOASewer,RES,PUBLIC,PUBLIC,4-May-20,N/A,54,$4.53 ,$244.62 ,$244.62 ,$244.62 ,$257.50 ,$502.12 ,$502.12 ,
5210002,CENTERBROOK COURT,TOASewer,RES,PUBLIC,PUBLIC,29-Apr-99,N/A,18,$4.53 ,$81.54 ,$180.00 ,$180.00 ,$257.50 ,$437.50 ,$437.50 ,
5210003,CENTERBROOK COURT,TOASewer,RES,PUBLIC,PUBLIC,18-Mar-21,Y,N/A,N/A,N/A,,$257.50 ,$257.50 ,$515.00 ,$515.00 ,
5210004,CENTERBROOK COURT,TOASewer,RES,PUBLIC,PUBLIC,10-Mar-20,N/A,52,$4.53 ,$235.56 ,$235.56 ,$235.56 ,$257.50 ,$493.06 ,$493.06 ,
5210005,CENTERBROOK COURT,TOASewer,RES,PUBLIC,PUBLIC,28-Apr-17,N/A,34,$4.53 ,$154.02 ,$180.00 ,$180.00 ,$257.50 ,$437.50 ,$437.50 ,
5210006,CENTERBROOK COURT,TOASewer,RES,PUBLIC,PUBLIC,11-Apr-98,N/A,36,$4.53 ,$163.08 ,$180.00 ,$180.00 ,$257.50 ,$437.50 ,$437.50 ,
5210008,CENTERBROOK COURT,TOASewer,RES,PUBLIC,PUBLIC,31-May-12,N/A,26,$4.53 ,$117.78 ,$180.00 ,$180.00 ,$257.50 ,$437.50 ,$437.50 ,
5210009,CENTERBROOK COURT,TOASewer,RES,PUBLIC,PUBLIC,10-Feb-98,N/A,50,$4.53 ,$226.50 ,$226.50 ,$226.50 ,$257.50 ,$484.00 ,$484.00 ,
5210010,CENTERBROOK COURT,TOASewer,RES,PUBLIC,PUBLIC,26-Sep-05,N/A,54,$4.53 ,$244.62 ,$244.62 ,$244.62 ,$257.50 ,$502.12 ,$502.12 ,
5210011,CENTERBROOK COURT,TOASewer,RES,PUBLIC,PUBLIC,12-Jul-04,N/A,56,$4.53 ,$253.68 ,$253.68 ,$253.68 ,$257.50 ,$511.18 ,$511.18 ,
5210012,CENTERBROOK COURT,TOASewer,RES,PUBLIC,PUBLIC,19-Aug-21,Y,N/A,N/A,N/A,,$257.50 ,$257.50 ,$515.00 ,$515.00 ,
6130001,CHELSEA PLACE,TOASewer,RES,PUBLIC,PUBLIC,30-Sep-19,N/A,16,$4.53 ,$72.48 ,$180.00 ,$180.00 ,$257.50 ,$437.50 ,$437.50 ,
6130002,CHELSEA PLACE,TOASewer,RES,PUBLIC,PUBLIC,27-Dec-10,N/A,56,$4.53 ,$253.68 ,$253.68 ,$253.68 ,$257.50 ,$511.18 ,$511.18 ,
6130003,CHELSEA PLACE,TOASewer,RES,PUBLIC,PUBLIC,16-Sep-14,N/A,30,$4.53 ,$135.90 ,$180.00 ,$180.00 ,$257.50 ,$437.50 ,$437.50 ,
6130004,CHELSEA PLACE,TOASewer,RES,PUBLIC,PUBLIC,11-Dec-14,N/A,58,$4.53 ,$262.74 ,$262.74 ,$262.74 ,$257.50 ,$520.24 ,$520.24 ,
6130005,CHELSEA PLACE,TOASewer,RES,PUBLIC,PUBLIC,9-Sep-11,N/A,36,$4.53 ,$163.08 ,$180.00 ,$180.00 ,$257.50 ,$437.50 ,$437.50 ,
6130006,CHELSEA PLACE,TOASewer,RES,PUBLIC,PUBLIC,10-Jul-17,N/A,48,$4.53 ,$217.44 ,$217.44 ,$217.44 ,$257.50 ,$474.94 ,$474.94 ,
6130007,CHELSEA PLACE,TOASewer,RES,PUBLIC,PUBLIC,27-Feb-15,N/A,50,$4.53 ,$226.50 ,$226.50 ,$226.50 ,$257.50 ,$484.00 ,$484.00 ,
6130008,CHELSEA PLACE,TOASewer,RES,PUBLIC,PUBLIC,23-Nov-16,N/A,12,$4.53 ,$54.36 ,$180.00 ,$180.00 ,$257.50 ,$437.50 ,$437.50 ,
6130009,CHELSEA PLACE,TOASewer,RES,PUBLIC,PUBLIC,3-Oct-19,N/A,30,$4.53 ,$135.90 ,$180.00 ,$180.00 ,$257.50 ,$437.50 ,$437.50 ,
6130010,CHELSEA PLACE,TOASewer,RES,PUBLIC,PUBLIC,2-Jun-14,N/A,14,$4.53 ,$63.42 ,$180.00 ,$180.00 ,$257.50 ,$437.50 ,$437.50 ,
6020001,CHERRY TREE LANE,TOASewer,RES,PUBLIC,PUBLIC,1-Oct-02,N/A,8,$4.53 ,$36.24 ,$180.00 ,$180.00 ,$257.50 ,$437.50 ,$437.50 ,
6020002,CHERRY TREE LANE,TOASewer,RES,PUBLIC,PUBLIC,2-Jan-19,N/A,18,$4.53 ,$81.54 ,$180.00 ,$180.00 ,$257.50 ,$437.50 ,$437.50 ,
6020003,CHERRY TREE LANE,TOASewer,RES,PUBLIC,PUBLIC,2-May-02,N/A,40,$4.53 ,$181.20 ,$181.20 ,$181.20 ,$257.50 ,$438.70 ,$438.70 ,
6020004,CHERRY TREE LANE,TOASewer,RES,PUBLIC,PUBLIC,22-Jun-07,N/A,16,$4.53 ,$72.48 ,$180.00 ,$180.00 ,$257.50 ,$437.50 ,$437.50 ,
6020005,CHERRY TREE LANE,TOASewer,RES,PUBLIC,PUBLIC,26-Aug-02,N/A,14,$4.53 ,$63.42 ,$180.00 ,$180.00 ,$257.50 ,$437.50 ,$437.50 ,
6020006,CHERRY TREE LANE,TOASewer,RES,PUBLIC,PUBLIC,1-Oct-19,N/A,42,$4.53 ,$190.26 ,$190.26 ,$190.26 ,$257.50 ,$447.76 ,$447.76 ,
6020007,CHERRY TREE LANE,TOASewer,RES,PUBLIC,PUBLIC,30-Nov-15,N/A,20,$4.53 ,$90.60 ,$180.00 ,$180.00 ,$257.50 ,$437.50 ,$437.50 ,
6020008,CHERRY TREE LANE,TOASewer,RES,PUBLIC,PUBLIC,1-Oct-10,N/A,12,$4.53 ,$54.36 ,$180.00 ,$180.00 ,$257.50 ,$437.50 ,$437.50 ,
6020009,CHERRY TREE LANE,TOASewer,RES,PUBLIC,PUBLIC,28-Aug-15,N/A,22,$4.53 ,$99.66 ,$180.00 ,$180.00 ,$257.50 ,$437.50 ,$437.50 ,
6020010,CHERRY TREE LANE,TOASewer,RES,PUBLIC,PUBLIC,25-Jul-16,N/A,16,$4.53 ,$72.48 ,$180.00 ,$180.00 ,$257.50 ,$437.50 ,$437.50 ,
6020012,CHERRY TREE LANE,TOASewer,RES,PUBLIC,PUBLIC,31-Jan-02,N/A,44,$4.53 ,$199.32 ,$199.32 ,$199.32 ,$257.50 ,$456.82 ,$456.82 ,
6020015,CHERRY TREE LANE,TOASewer,RES,PUBLIC,PUBLIC,2-Apr-04,N/A,16,$4.53 ,$72.48 ,$180.00 ,$180.00 ,$257.50 ,$437.50 ,$437.50 ,
6020017,CHERRY TREE LANE,TOASewer,RES,PUBLIC,PUBLIC,9-Apr-10,N/A,66,$4.53 ,$298.98 ,$298.98 ,$298.98 ,$257.50 ,$556.48 ,$556.48 ,
6020018,CHERRY TREE LANE,TOASewer,RES,PUBLIC,PUBLIC,10-May-19,N/A,14,$4.53 ,$63.42 ,$180.00 ,$180.00 ,$257.50 ,$437.50 ,$437.50 ,
6020020,CHERRY TREE LANE,TOASewer,RES,PUBLIC,PUBLIC,30-Oct-03,N/A,16,$4.53 ,$72.48 ,$180.00 ,$180.00 ,$257.50 ,$437.50 ,$437.50 ,
6020022,CHERRY TREE LANE,TOASewer,RES,PUBLIC,PUBLIC,28-May-04,N/A,24,$4.53 ,$108.72 ,$180.00 ,$180.00 ,$257.50 ,$437.50 ,$437.50 ,
6020024,CHERRY TREE LANE,TOASewer,RES,PUBLIC,PUBLIC,13-Nov-18,N/A,16,$4.53 ,$72.48 ,$180.00 ,$180.00 ,$257.50 ,$437.50 ,$437.50 ,
6020026,CHERRY TREE LANE,TOASewer,RES,PUBLIC,PUBLIC,30-Jun-04,N/A,32,$4.53 ,$144.96 ,$180.00 ,$180.00 ,$257.50 ,$437.50 ,$437.50 ,
1760001,CHESTNUT DRIVE,TOASewer,RES,PUBLIC,PUBLIC,28-Sep-18,N/A,46,$4.53 ,$208.38 ,$208.38 ,$208.38 ,$257.50 ,$465.88 ,$465.88 ,
1760002,CHESTNUT DRIVE,TOASewer,RES,PUBLIC,PUBLIC,7-Aug-17,N/A,20,$4.53 ,$90.60 ,$180.00 ,$180.00 ,$257.50 ,$437.50 ,$437.50 ,
1760003,CHESTNUT DRIVE,TOASewer,RES,PUBLIC,PUBLIC,27-Jul-05,N/A,12,$4.53 ,$54.36 ,$180.00 ,$180.00 ,$257.50 ,$437.50 ,$437.50 ,
1760004,CHESTNUT DRIVE,TOASewer,RES,PUBLIC,PUBLIC,28-Jan-21,Y,N/A,N/A,N/A,,$257.50 ,$257.50 ,$515.00 ,$515.00 ,
1760005,CHESTNUT DRIVE,TOASewer,RES,PUBLIC,PUBLIC,9-Mar-21,Y,N/A,N/A,N/A,,$257.50 ,$257.50 ,$515.00 ,$515.00 ,
1760006,CHESTNUT DRIVE,TOASewer,RES,PUBLIC,PUBLIC,21-Aug-20,N/A,32,$4.53 ,$144.96 ,$180.00 ,$180.00 ,$257.50 ,$437.50 ,$437.50 ,
1760007,CHESTNUT DRIVE,TOASewer,RES,PUBLIC,PUBLIC,31-Aug-00,N/A,32,$4.53 ,$144.96 ,$180.00 ,$180.00 ,$257.50 ,$437.50 ,$437.50 ,
1760008,CHESTNUT DRIVE,TOASewer,RES,PUBLIC,PUBLIC,18-Mar-05,N/A,42,$4.53 ,$190.26 ,$190.26 ,$190.26 ,$257.50 ,$447.76 ,$447.76 ,
1760009,CHESTNUT DRIVE,TOASewer,RES,PUBLIC,PUBLIC,29-May-97,N/A,22,$4.53 ,$99.66 ,$180.00 ,$180.00 ,$257.50 ,$437.50 ,$437.50 ,
1760010,CHESTNUT DRIVE,TOASewer,RES,PUBLIC,PUBLIC,3-Mar-99,N/A,22,$4.53 ,$99.66 ,$180.00 ,$180.00 ,$257.50 ,$437.50 ,$437.50 ,
1760011,CHESTNUT DRIVE,TOASewer,RES,PUBLIC,PUBLIC,2-Sep-20,N/A,28,$4.53 ,$126.84 ,$180.00 ,$180.00 ,$257.50 ,$437.50 ,$437.50 ,
1760012,CHESTNUT DRIVE,TOASewer,RES,PUBLIC,PUBLIC,6-Sep-02,N/A,34,$4.53 ,$154.02 ,$180.00 ,$180.00 ,$257.50 ,$437.50 ,$437.50 ,
1760013,CHESTNUT DRIVE,TOASewer,RES,PUBLIC,PUBLIC,3-Apr-06,N/A,36,$4.53 ,$163.08 ,$180.00 ,$180.00 ,$257.50 ,$437.50 ,$437.50 ,
1760014,CHESTNUT DRIVE,TOASewer,RES,PUBLIC,PUBLIC,1-Sep-16,N/A,34,$4.53 ,$154.02 ,$180.00 ,$180.00 ,$257.50 ,$437.50 ,$437.50 ,
1760015,CHESTNUT DRIVE,TOASewer,RES,PUBLIC,PUBLIC,25-Jul-18,N/A,8,$4.53 ,$36.24 ,$180.00 ,$180.00 ,$257.50 ,$437.50 ,$437.50 ,
1760016,CHESTNUT DRIVE,TOASewer,RES,PUBLIC,PUBLIC,29-Jul-91,N/A,4,$4.53 ,$18.12 ,$180.00 ,$180.00 ,$257.50 ,$437.50 ,$437.50 ,
1760017,CHESTNUT DRIVE,TOASewer,RES,PUBLIC,PUBLIC,9-Dec-91,N/A,8,$4.53 ,$36.24 ,$180.00 ,$180.00 ,$257.50 ,$437.50 ,$437.50 ,
1760018,CHESTNUT DRIVE,TOASewer,RES,PUBLIC,PUBLIC,23-Nov-93,N/A,16,$4.53 ,$72.48 ,$180.00 ,$180.00 ,$257.50 ,$437.50 ,$437.50 ,
1760019,CHESTNUT DRIVE,TOASewer,RES,PUBLIC,PUBLIC,5-Dec-06,N/A,32,$4.53 ,$144.96 ,$180.00 ,$180.00 ,$257.50 ,$437.50 ,$437.50 ,
1760020,CHESTNUT DRIVE,TOASewer,RES,PUBLIC,PUBLIC,27-Sep-00,N/A,18,$4.53 ,$81.54 ,$180.00 ,$180.00 ,$257.50 ,$437.50 ,$437.50 ,
1760021,CHESTNUT DRIVE,TOASewer,RES,PUBLIC,PUBLIC,3-Dec-01,N/A,16,$4.53 ,$72.48 ,$180.00 ,$180.00 ,$257.50 ,$437.50 ,$437.50 ,
1760022,CHESTNUT DRIVE,TOASewer,RES,PUBLIC,PUBLIC,21-Oct-20,N/A,32,$4.53 ,$144.96 ,$180.00 ,$180.00 ,$257.50 ,$437.50 ,$437.50 ,
1760023,CHESTNUT DRIVE,TOASewer,RES,PUBLIC,PUBLIC,13-Dec-21,Y,N/A,N/A,N/A,,$257.50 ,$257.50 ,$515.00 ,$515.00 ,
1760024,CHESTNUT DRIVE,TOASewer,RES,PUBLIC,PUBLIC,27-Jan-20,N/A,12,$4.53 ,$54.36 ,$180.00 ,$180.00 ,$257.50 ,$437.50 ,$437.50 ,
1760025,CHESTNUT DRIVE,TOASewer,RES,PUBLIC,PUBLIC,12-Nov-21,Y,N/A,N/A,N/A,,$257.50 ,$257.50 ,$515.00 ,$515.00 ,
1760026,CHESTNUT DRIVE,TOASewer,RES,PUBLIC,PUBLIC,4-Jan-10,N/A,24,$4.53 ,$108.72 ,$180.00 ,$180.00 ,$257.50 ,$437.50 ,$437.50 ,
1760027,CHESTNUT DRIVE,TOASewer,RES,PUBLIC,PUBLIC,11-Jul-17,N/A,22,$4.53 ,$99.66 ,$180.00 ,$180.00 ,$257.50 ,$437.50 ,$437.50 ,
1760028,CHESTNUT DRIVE,TOASewer,RES,PUBLIC,PUBLIC,3-Sep-19,N/A,12,$4.53 ,$54.36 ,$180.00 ,$180.00 ,$257.50 ,$437.50 ,$437.50 ,
1770005,CHEVAS ROAD,TOASewer,RES,PUBLIC,PUBLIC,2-Sep-83,N/A,20,$4.53 ,$90.60 ,$180.00 ,$180.00 ,$257.50 ,$437.50 ,$437.50 ,
1770009,CHEVAS ROAD,TOASewer,RES,PUBLIC,PUBLIC,18-Jul-78,N/A,54,$4.53 ,$244.62 ,$244.62 ,$244.62 ,$257.50 ,$502.12 ,$502.12 ,
1770015,CHEVAS ROAD,TOASewer,RES,PUBLIC,PUBLIC,15-May-78,N/A,40,$4.53 ,$181.20 ,$181.20 ,$181.20 ,$257.50 ,$438.70 ,$438.70 ,
1770021,CHEVAS ROAD,TOASewer,RES,PUBLIC,PUBLIC,16-Nov-09,N/A,82,$4.53 ,$371.46 ,$371.46 ,$371.46 ,$257.50 ,$628.96 ,$628.96 ,
1770025,CHEVAS ROAD,TOASewer,RES,PUBLIC,PUBLIC,19-Jul-21,Y,N/A,N/A,N/A,,$257.50 ,$257.50 ,$515.00 ,$515.00 ,
1770028,CHEVAS ROAD,TOASewer,RES,WELL,PRIVATE,N/A,N/A,N/A,N/A,N/A,,$257.50 ,$257.50 ,$515.00 ,$515.00 ,
1770035,CHEVAS ROAD,TOASewer,RES,PUBLIC,PUBLIC,6-Aug-12,N/A,26,$4.53 ,$117.78 ,$180.00 ,$180.00 ,$257.50 ,$437.50 ,$437.50 ,
1770043,CHEVAS ROAD,TOASewer,RES,PUBLIC,PUBLIC,14-Dec-17,N/A,30,$4.53 ,$135.90 ,$180.00 ,$180.00 ,$257.50 ,$437.50 ,$437.50 ,
1770049,CHEVAS ROAD,TOASewer,RES,PUBLIC,PUBLIC,12-Apr-17,N/A,54,$4.53 ,$244.62 ,$244.62 ,$244.62 ,$257.50 ,$502.12 ,$502.12 ,
1770055,CHEVAS ROAD,TOASewer,RES,PUBLIC,PUBLIC,18-Oct-16,N/A,46,$4.53 ,$208.38 ,$208.38 ,$208.38 ,$257.50 ,$465.88 ,$465.88 ,
1770061,CHEVAS ROAD,TOASewer,RES,PUBLIC,PUBLIC,20-Jul-18,N/A,38,$4.53 ,$172.14 ,$180.00 ,$180.00 ,$257.50 ,$437.50 ,$437.50 ,
1770067,CHEVAS ROAD,TOASewer,RES,PUBLIC,PUBLIC,16-Feb-21,Y,N/A,N/A,N/A,,$257.50 ,$257.50 ,$515.00 ,$515.00 ,
1770073,CHEVAS ROAD,TOASewer,RES,PUBLIC,PUBLIC,1-Jul-02,N/A,42,$4.53 ,$190.26 ,$190.26 ,$190.26 ,$257.50 ,$447.76 ,$447.76 ,
1770076,CHEVAS ROAD,TOASewer,RES,PUBLIC,PUBLIC,8-Jun-01,N/A,58,$4.53 ,$262.74 ,$262.74 ,$262.74 ,$257.50 ,$520.24 ,$520.24 ,
1770081,CHEVAS ROAD,TOASewer,RES,PUBLIC,PUBLIC,16-May-03,N/A,42,$4.53 ,$190.26 ,$190.26 ,$190.26 ,$257.50 ,$447.76 ,$447.76 ,
1770082,CHEVAS ROAD,TOASewer,RES,PUBLIC,PUBLIC,17-Feb-04,N/A,26,$4.53 ,$117.78 ,$180.00 ,$180.00 ,$257.50 ,$437.50 ,$437.50 ,
1770086,CHEVAS ROAD,TOASewer,RES,PUBLIC,PUBLIC,25-Nov-20,N/A,10,$4.53 ,$45.30 ,$180.00 ,$180.00 ,$257.50 ,$437.50 ,$437.50 ,
1770087,CHEVAS ROAD,TOASewer,RES,PUBLIC,PUBLIC,8-Feb-18,N/A,42,$4.53 ,$190.26 ,$190.26 ,$190.26 ,$257.50 ,$447.76 ,$447.76 ,
1770094,CHEVAS ROAD,TOASewer,RES,WELL,PRIVATE,N/A,N/A,N/A,N/A,N/A,,$257.50 ,$257.50 ,$515.00 ,$515.00 ,
1770100,CHEVAS ROAD,TOASewer,RES,WELL,PRIVATE,N/A,N/A,N/A,N/A,N/A,,$257.50 ,$257.50 ,$515.00 ,$515.00 ,
1770106,CHEVAS ROAD,TOASewer,RES,WELL,PRIVATE,N/A,N/A,N/A,N/A,N/A,,$257.50 ,$257.50 ,$515.00 ,$515.00 ,
1770111,CHEVAS ROAD,TOASewer,RES,WELL,PRIVATE,N/A,N/A,N/A,N/A,N/A,,$257.50 ,$257.50 ,$515.00 ,$515.00 ,
1770112,CHEVAS ROAD,TOASewer,RES,WELL,PRIVATE,N/A,N/A,N/A,N/A,N/A,,$257.50 ,$257.50 ,$515.00 ,$515.00 ,
1770118,CHEVAS ROAD,TOASewer,RES,PUBLIC,PUBLIC,11-Jul-19,N/A,48,$4.53 ,$217.44 ,$217.44 ,$217.44 ,$257.50 ,$474.94 ,$474.94 ,
1780055,CHIDSEY ROAD,TOASewer,RES,WELL,PRIVATE,N/A,N/A,N/A,N/A,N/A,,$257.50 ,$257.50 ,$515.00 ,$515.00 ,
6250001,CHURCHILL PLACE,TOASewer,RES,PUBLIC,PUBLIC,5-Jul-05,N/A,26,$4.53 ,$117.78 ,$180.00 ,$180.00 ,$257.50 ,$437.50 ,$437.50 ,
6250002,CHURCHILL PLACE,TOASewer,RES,PUBLIC,PUBLIC,5-Jul-06,N/A,164,$4.53 ,$742.92 ,$742.92 ,$742.92 ,$257.50 ,"$1,000.42 ","$1,000.42 ",
6250003,CHURCHILL PLACE,TOASewer,RES,PUBLIC,PUBLIC,15-Oct-19,N/A,50,$4.53 ,$226.50 ,$226.50 ,$226.50 ,$257.50 ,$484.00 ,$484.00 ,
6250004,CHURCHILL PLACE,TOASewer,RES,PUBLIC,PUBLIC,1-Jun-05,N/A,80,$4.53 ,$362.40 ,$362.40 ,$362.40 ,$257.50 ,$619.90 ,$619.90 ,
6250006,CHURCHILL PLACE,TOASewer,RES,PUBLIC,PUBLIC,1-Sep-17,N/A,54,$4.53 ,$244.62 ,$244.62 ,$244.62 ,$257.50 ,$502.12 ,$502.12 ,
6250008,CHURCHILL PLACE,TOASewer,RES,PUBLIC,PUBLIC,27-Jul-12,N/A,118,$4.53 ,$534.54 ,$534.54 ,$534.54 ,$257.50 ,$792.04 ,$792.04 ,
6250009,CHURCHILL PLACE,TOASewer,RES,PUBLIC,PUBLIC,27-Jul-15,N/A,88,$4.53 ,$398.64 ,$398.64 ,$398.64 ,$257.50 ,$656.14 ,$656.14 ,
6250010,CHURCHILL PLACE,TOASewer,RES,PUBLIC,PUBLIC,8-Aug-05,N/A,44,$4.53 ,$199.32 ,$199.32 ,$199.32 ,$257.50 ,$456.82 ,$456.82 ,
6250012,CHURCHILL PLACE,TOASewer,RES,PUBLIC,PUBLIC,6-Jul-09,N/A,96,$4.53 ,$434.88 ,$434.88 ,$434.88 ,$257.50 ,$692.38 ,$692.38 ,
6250015,CHURCHILL PLACE,TOASewer,RES,PUBLIC,PUBLIC,2-Jul-21,Y,N/A,N/A,N/A,,$257.50 ,$257.50 ,$515.00 ,$515.00 ,
5930001,CLEARBROOK,TOASewer,RES,PUBLIC,PUBLIC,2-Mar-04,N/A,14,$4.53 ,$63.42 ,$180.00 ,$180.00 ,$257.50 ,$437.50 ,$437.50 ,
5930002,CLEARBROOK,TOASewer,RES,PUBLIC,PUBLIC,5-Oct-17,N/A,60,$4.53 ,$271.80 ,$271.80 ,$271.80 ,$257.50 ,$529.30 ,$529.30 ,
5930003,CLEARBROOK,TOASewer,RES,PUBLIC,PUBLIC,1-May-15,N/A,22,$4.53 ,$99.66 ,$180.00 ,$180.00 ,$257.50 ,$437.50 ,$437.50 ,
5360003,CLEARWATER COURT,TOASewer,RES,PUBLIC,PUBLIC,7-Nov-03,N/A,66,$4.53 ,$298.98 ,$298.98 ,$298.98 ,$257.50 ,$556.48 ,$556.48 ,
5360004,CLEARWATER COURT,TOASewer,RES,PUBLIC,PUBLIC,29-Apr-21,Y,N/A,N/A,N/A,,$257.50 ,$257.50 ,$515.00 ,$515.00 ,
5360008,CLEARWATER COURT,TOASewer,RES,PUBLIC,PUBLIC,20-Aug-18,N/A,68,$4.53 ,$308.04 ,$308.04 ,$308.04 ,$257.50 ,$565.54 ,$565.54 ,
5360012,CLEARWATER COURT,TOASewer,RES,PUBLIC,PUBLIC,28-Jul-03,N/A,10,$4.53 ,$45.30 ,$180.00 ,$180.00 ,$257.50 ,$437.50 ,$437.50 ,
1810002,CLIFF DRIVE,TOASewer,RES,WELL,PRIVATE,N/A,N/A,N/A,N/A,N/A,,$257.50 ,$257.50 ,$515.00 ,$515.00 ,
1810004,CLIFF DRIVE,TOASewer,RES,WELL,PRIVATE,N/A,N/A,N/A,N/A,N/A,,$257.50 ,$257.50 ,$515.00 ,$515.00 ,
1810005,CLIFF DRIVE,TOASewer,RES,WELL,PRIVATE,N/A,N/A,N/A,N/A,N/A,,$257.50 ,$257.50 ,$515.00 ,$515.00 ,
1810006,CLIFF DRIVE,TOASewer,RES,WELL,PRIVATE,N/A,N/A,N/A,N/A,N/A,,$257.50 ,$257.50 ,$515.00 ,$515.00 ,
1810010,CLIFF DRIVE,TOASewer,RES,WELL,PRIVATE,N/A,N/A,N/A,N/A,N/A,,$257.50 ,$257.50 ,$515.00 ,$515.00 ,
1810013,CLIFF DRIVE,TOASewer,RES,WELL,PRIVATE,N/A,N/A,N/A,N/A,N/A,,$257.50 ,$257.50 ,$515.00 ,$515.00 ,
1810014,CLIFF DRIVE,TOASewer,RES,WELL,PRIVATE,N/A,N/A,N/A,N/A,N/A,,$257.50 ,$257.50 ,$515.00 ,$515.00 ,
1810017,CLIFF DRIVE,TOASewer,RES,WELL,PRIVATE,N/A,N/A,N/A,N/A,N/A,,$257.50 ,$257.50 ,$515.00 ,$515.00 ,
1810019,CLIFF DRIVE,TOASewer,RES,WELL,PRIVATE,N/A,N/A,N/A,N/A,N/A,,$257.50 ,$257.50 ,$515.00 ,$515.00 ,
1810020,CLIFF DRIVE,TOASewer,RES,WELL,PRIVATE,N/A,N/A,N/A,N/A,N/A,,$257.50 ,$257.50 ,$515.00 ,$515.00 ,
1810021,CLIFF DRIVE,TOASewer,RES,WELL,PRIVATE,N/A,N/A,N/A,N/A,N/A,,$257.50 ,$257.50 ,$515.00 ,$515.00 ,
1810024,CLIFF DRIVE,TOASewer,RES,WELL,PRIVATE,N/A,N/A,N/A,N/A,N/A,,$257.50 ,$257.50 ,$515.00 ,$515.00 ,
1810026,CLIFF DRIVE,TOASewer,RES,WELL,PRIVATE,N/A,N/A,N/A,N/A,N/A,,$257.50 ,$257.50 ,$515.00 ,$515.00 ,
1810034,CLIFF DRIVE,TOASewer,RES,WELL,PRIVATE,N/A,N/A,N/A,N/A,N/A,,$257.50 ,$257.50 ,$515.00 ,$515.00 ,
1810035,CLIFF DRIVE,TOASewer,RES,WELL,PRIVATE,N/A,N/A,N/A,N/A,N/A,,$257.50 ,$257.50 ,$515.00 ,$515.00 ,
1810037,CLIFF DRIVE,TOASewer,RES,WELL,PRIVATE,N/A,N/A,N/A,N/A,N/A,,$257.50 ,$257.50 ,$515.00 ,$515.00 ,
1810038,CLIFF DRIVE,TOASewer,RES,WELL,PRIVATE,N/A,N/A,N/A,N/A,N/A,,$257.50 ,$257.50 ,$515.00 ,$515.00 ,
1810040,CLIFF DRIVE,TOASewer,RES,WELL,PRIVATE,N/A,N/A,N/A,N/A,N/A,,$257.50 ,$257.50 ,$515.00 ,$515.00 ,
1810046,CLIFF DRIVE,TOASewer,RES,WELL,PRIVATE,N/A,N/A,N/A,N/A,N/A,,$257.50 ,$257.50 ,$515.00 ,$515.00 ,
1810050,CLIFF DRIVE,TOASewer,RES,WELL,PRIVATE,N/A,N/A,N/A,N/A,N/A,,$257.50 ,$257.50 ,$515.00 ,$515.00 ,
1830065,CLIMAX ROAD,TOASewer,RES,WELL,PRIVATE,N/A,N/A,N/A,N/A,N/A,,$257.50 ,$257.50 ,$515.00 ,$515.00 ,
1830086,CLIMAX ROAD,TOASewer,RES,WELL,PRIVATE,N/A,N/A,N/A,N/A,N/A,,$257.50 ,$257.50 ,$515.00 ,$515.00 ,
1830095,CLIMAX ROAD,TOASewer,RES,PUBLIC,PUBLIC,7-Jun-02,N/A,42,$4.53 ,$190.26 ,$190.26 ,$190.26 ,$257.50 ,$447.76 ,$447.76 ,
1830100,CLIMAX ROAD,TOASewer,RES,WELL,PRIVATE,N/A,N/A,N/A,N/A,N/A,,$257.50 ,$257.50 ,$515.00 ,$515.00 ,
1830112,CLIMAX ROAD,TOASewer,RES,WELL,PRIVATE,N/A,N/A,N/A,N/A,N/A,,$257.50 ,$257.50 ,$515.00 ,$515.00 ,
1830120,CLIMAX ROAD,TOASewer,RES,WELL,PRIVATE,N/A,N/A,N/A,N/A,N/A,,$257.50 ,$257.50 ,$515.00 ,$515.00 ,
1830131,CLIMAX ROAD,TOASewer,RES,WELL,PRIVATE,N/A,N/A,N/A,N/A,N/A,,$257.50 ,$257.50 ,$515.00 ,$515.00 ,
1830136,CLIMAX ROAD,TOASewer,RES,WELL,PRIVATE,N/A,N/A,N/A,N/A,N/A,,$257.50 ,$257.50 ,$515.00 ,$515.00 ,
1840001,CLOVER COURT,TOASewer,RES,PUBLIC,PUBLIC,16-Nov-18,N/A,34,$4.53 ,$154.02 ,$180.00 ,$180.00 ,$257.50 ,$437.50 ,$437.50 ,
1840002,CLOVER COURT,TOASewer,RES,PUBLIC,PUBLIC,8-Mar-02,N/A,40,$4.53 ,$181.20 ,$181.20 ,$181.20 ,$257.50 ,$438.70 ,$438.70 ,
1840003,CLOVER COURT,TOASewer,RES,PUBLIC,PUBLIC,5-Jul-95,N/A,36,$4.53 ,$163.08 ,$180.00 ,$180.00 ,$257.50 ,$437.50 ,$437.50 ,
1840004,CLOVER COURT,TOASewer,RES,PUBLIC,PUBLIC,15-Apr-13,N/A,22,$4.53 ,$99.66 ,$180.00 ,$180.00 ,$257.50 ,$437.50 ,$437.50 ,
1840005,CLOVER COURT,TOASewer,RES,PUBLIC,PUBLIC,1-Apr-16,N/A,30,$4.53 ,$135.90 ,$180.00 ,$180.00 ,$257.50 ,$437.50 ,$437.50 ,
1840006,CLOVER COURT,TOASewer,RES,PUBLIC,PUBLIC,23-Sep-03,N/A,28,$4.53 ,$126.84 ,$180.00 ,$180.00 ,$257.50 ,$437.50 ,$437.50 ,
1840007,CLOVER COURT,TOASewer,RES,PUBLIC,PUBLIC,3-Aug-05,N/A,44,$4.53 ,$199.32 ,$199.32 ,$199.32 ,$257.50 ,$456.82 ,$456.82 ,
1840008,CLOVER COURT,TOASewer,RES,PUBLIC,PUBLIC,3-Dec-20,N/A,14,$4.53 ,$63.42 ,$180.00 ,$180.00 ,$257.50 ,$437.50 ,$437.50 ,
1840009,CLOVER COURT,TOASewer,RES,PUBLIC,PUBLIC,31-Mar-00,N/A,8,$4.53 ,$36.24 ,$180.00 ,$180.00 ,$257.50 ,$437.50 ,$437.50 ,
1840010,CLOVER COURT,TOASewer,RES,PUBLIC,PUBLIC,3-Apr-78,N/A,38,$4.53 ,$172.14 ,$180.00 ,$180.00 ,$257.50 ,$437.50 ,$437.50 ,
1840011,CLOVER COURT,TOASewer,RES,PUBLIC,PUBLIC,29-Jul-05,N/A,26,$4.53 ,$117.78 ,$180.00 ,$180.00 ,$257.50 ,$437.50 ,$437.50 ,
1840012,CLOVER COURT,TOASewer,RES,PUBLIC,PUBLIC,11-Jan-13,N/A,22,$4.53 ,$99.66 ,$180.00 ,$180.00 ,$257.50 ,$437.50 ,$437.50 ,
1850004,COACHMANS RUN,TOASewer,RES,PUBLIC,PUBLIC,15-Jul-03,N/A,44,$4.53 ,$199.32 ,$199.32 ,$199.32 ,$257.50 ,$456.82 ,$456.82 ,
1850005,COACHMANS RUN,TOASewer,RES,PUBLIC,PUBLIC,31-Oct-96,N/A,44,$4.53 ,$199.32 ,$199.32 ,$199.32 ,$257.50 ,$456.82 ,$456.82 ,
1850012,COACHMANS RUN,TOASewer,RES,PUBLIC,PUBLIC,6-Jul-20,N/A,64,$4.53 ,$289.92 ,$289.92 ,$289.92 ,$257.50 ,$547.42 ,$547.42 ,
1850016,COACHMANS RUN,TOASewer,RES,PUBLIC,PUBLIC,9-Aug-11,N/A,42,$4.53 ,$190.26 ,$190.26 ,$190.26 ,$257.50 ,$447.76 ,$447.76 ,
1850017,COACHMANS RUN,TOASewer,RES,PUBLIC,PUBLIC,6-Sep-11,N/A,62,$4.53 ,$280.86 ,$280.86 ,$280.86 ,$257.50 ,$538.36 ,$538.36 ,
1850022,COACHMANS RUN,TOASewer,RES,PUBLIC,PUBLIC,6-Jun-17,N/A,24,$4.53 ,$108.72 ,$180.00 ,$180.00 ,$257.50 ,$437.50 ,$437.50 ,
1850027,COACHMANS RUN,TOASewer,RES,PUBLIC,PUBLIC,1-Jun-21,Y,N/A,N/A,N/A,,$257.50 ,$257.50 ,$515.00 ,$515.00 ,
1850028,COACHMANS RUN,TOASewer,RES,PUBLIC,PUBLIC,7-Mar-84,N/A,28,$4.53 ,$126.84 ,$180.00 ,$180.00 ,$257.50 ,$437.50 ,$437.50 ,
1860005,COLBY WAY,TOASewer,RES,PUBLIC,PUBLIC,3-Mar-20,N/A,68,$4.53 ,$308.04 ,$308.04 ,$308.04 ,$257.50 ,$565.54 ,$565.54 ,
1860014,COLBY WAY,TOASewer,RES,PUBLIC,PUBLIC,1-Aug-19,N/A,30,$4.53 ,$135.90 ,$180.00 ,$180.00 ,$257.50 ,$437.50 ,$437.50 ,
1860017,COLBY WAY,TOASewer,RES,PUBLIC,PUBLIC,23-Aug-89,N/A,78,$4.53 ,$353.34 ,$353.34 ,$353.34 ,$257.50 ,$610.84 ,$610.84 ,
1870008,COLD SPRING ROAD,TOASewer,RES,PUBLIC,PUBLIC,2-May-07,N/A,88,$4.53 ,$398.64 ,$398.64 ,$398.64 ,$257.50 ,$656.14 ,$656.14 ,
1870015,COLD SPRING ROAD,TOASewer,RES,PUBLIC,PUBLIC,17-Jun-13,N/A,28,$4.53 ,$126.84 ,$180.00 ,$180.00 ,$257.50 ,$437.50 ,$437.50 ,
1870016,COLD SPRING ROAD,TOASewer,RES,PUBLIC,PUBLIC,14-Nov-13,N/A,84,$4.53 ,$380.52 ,$380.52 ,$380.52 ,$257.50 ,$638.02 ,$638.02 ,
1870019,COLD SPRING ROAD,TOASewer,RES,PUBLIC,PUBLIC,29-Jul-02,N/A,104,$4.53 ,$471.12 ,$471.12 ,$471.12 ,$257.50 ,$728.62 ,$728.62 ,
1870022,COLD SPRING ROAD,TOASewer,RES,PUBLIC,PUBLIC,1-Apr-98,N/A,30,$4.53 ,$135.90 ,$180.00 ,$180.00 ,$257.50 ,$437.50 ,$437.50 ,
1870023,COLD SPRING ROAD,TOASewer,RES,PUBLIC,PUBLIC,18-Dec-91,N/A,34,$4.53 ,$154.02 ,$180.00 ,$180.00 ,$257.50 ,$437.50 ,$437.50 ,
1870027,COLD SPRING ROAD,TOASewer,RES,PUBLIC,PUBLIC,10-Mar-14,N/A,72,$4.53 ,$326.16 ,$326.16 ,$326.16 ,$257.50 ,$583.66 ,$583.66 ,
1870028,COLD SPRING ROAD,TOASewer,RES,PUBLIC,PUBLIC,22-Dec-94,N/A,32,$4.53 ,$144.96 ,$180.00 ,$180.00 ,$257.50 ,$437.50 ,$437.50 ,
1870032,COLD SPRING ROAD,TOASewer,RES,PUBLIC,PUBLIC,30-Aug-99,N/A,48,$4.53 ,$217.44 ,$217.44 ,$217.44 ,$257.50 ,$474.94 ,$474.94 ,
1870033,COLD SPRING ROAD,TOASewer,RES,PUBLIC,PUBLIC,24-May-12,N/A,52,$4.53 ,$235.56 ,$235.56 ,$235.56 ,$257.50 ,$493.06 ,$493.06 ,
1870038,COLD SPRING ROAD,TOASewer,RES,PUBLIC,PUBLIC,26-Mar-21,Y,N/A,N/A,N/A,,$257.50 ,$257.50 ,$515.00 ,$515.00 ,
1870041,COLD SPRING ROAD,TOASewer,RES,PUBLIC,PUBLIC,1-Aug-11,N/A,72,$4.53 ,$326.16 ,$326.16 ,$326.16 ,$257.50 ,$583.66 ,$583.66 ,
1870058,COLD SPRING ROAD,TOASewer,RES,PUBLIC,PUBLIC,21-Mar-13,N/A,60,$4.53 ,$271.80 ,$271.80 ,$271.80 ,$257.50 ,$529.30 ,$529.30 ,
1870063,COLD SPRING ROAD,TOASewer,RES,PUBLIC,PUBLIC,28-Sep-18,N/A,44,$4.53 ,$199.32 ,$199.32 ,$199.32 ,$257.50 ,$456.82 ,$456.82 ,
1870064,COLD SPRING ROAD,TOASewer,RES,PUBLIC,PUBLIC,4-Sep-18,N/A,32,$4.53 ,$144.96 ,$180.00 ,$180.00 ,$257.50 ,$437.50 ,$437.50 ,
1870070,COLD SPRING ROAD,TOASewer,RES,PUBLIC,PUBLIC,14-Mar-00,N/A,24,$4.53 ,$108.72 ,$180.00 ,$180.00 ,$257.50 ,$437.50 ,$437.50 ,
1870071,COLD SPRING ROAD,TOASewer,RES,PUBLIC,PUBLIC,11-May-12,N/A,10,$4.53 ,$45.30 ,$180.00 ,$180.00 ,$257.50 ,$437.50 ,$437.50 ,
1870078,COLD SPRING ROAD,TOASewer,RES,PUBLIC,PUBLIC,16-Aug-93,N/A,56,$4.53 ,$253.68 ,$253.68 ,$253.68 ,$257.50 ,$511.18 ,$511.18 ,
1870081,COLD SPRING ROAD,TOASewer,RES,PUBLIC,PUBLIC,31-Jul-97,N/A,84,$4.53 ,$380.52 ,$380.52 ,$380.52 ,$257.50 ,$638.02 ,$638.02 ,
1870088,COLD SPRING ROAD,TOASewer,RES,PUBLIC,PUBLIC,23-May-11,N/A,102,$4.53 ,$462.06 ,$462.06 ,$462.06 ,$257.50 ,$719.56 ,$719.56 ,
1870089,COLD SPRING ROAD,TOASewer,RES,PUBLIC,,27-Jul-07,N/A,198,$4.53 ,$896.94 ,$896.94 ,$896.94 ,$257.50 ,"$1,154.44 ","$1,154.44 ",
1870095,COLD SPRING ROAD,TOASewer,RES,PUBLIC,PUBLIC,16-Nov-00,N/A,90,$4.53 ,$407.70 ,$407.70 ,$407.70 ,$257.50 ,$665.20 ,$665.20 ,
1870096,COLD SPRING ROAD,TOASewer,RES,PUBLIC,PUBLIC,28-Jun-18,N/A,146,$4.53 ,$661.38 ,$661.38 ,$661.38 ,$257.50 ,$918.88 ,$918.88 ,
1870099,COLD SPRING ROAD,TOASewer,RES,PUBLIC,PUBLIC,20-Aug-14,N/A,42,$4.53 ,$190.26 ,$190.26 ,$190.26 ,$257.50 ,$447.76 ,$447.76 ,
1870102,COLD SPRING ROAD,TOASewer,RES,PUBLIC,PUBLIC,5-May-78,N/A,26,$4.53 ,$117.78 ,$180.00 ,$180.00 ,$257.50 ,$437.50 ,$437.50 ,
1870105,COLD SPRING ROAD,TOASewer,RES,PUBLIC,PUBLIC,30-Dec-77,N/A,66,$4.53 ,$298.98 ,$298.98 ,$298.98 ,$257.50 ,$556.48 ,$556.48 ,
1870108,COLD SPRING ROAD,TOASewer,RES,PUBLIC,PUBLIC,5-Oct-04,N/A,76,$4.53 ,$344.28 ,$344.28 ,$344.28 ,$257.50 ,$601.78 ,$601.78 ,
1870113,COLD SPRING ROAD,TOASewer,RES,PUBLIC,PUBLIC,7-Dec-09,N/A,72,$4.53 ,$326.16 ,$326.16 ,$326.16 ,$257.50 ,$583.66 ,$583.66 ,
1870114,COLD SPRING ROAD,TOASewer,RES,PUBLIC,PUBLIC,20-Dec-82,N/A,34,$4.53 ,$154.02 ,$180.00 ,$180.00 ,$257.50 ,$437.50 ,$437.50 ,
1870120,COLD SPRING ROAD,TOASewer,RES,PUBLIC,PUBLIC,28-Jul-21,Y,N/A,N/A,N/A,,$257.50 ,$257.50 ,$515.00 ,$515.00 ,
1870123,COLD SPRING ROAD,TOASewer,RES,PUBLIC,PUBLIC,19-May-06,N/A,78,$4.53 ,$353.34 ,$353.34 ,$353.34 ,$257.50 ,$610.84 ,$610.84 ,
1870126,COLD SPRING ROAD,TOASewer,RES,PUBLIC,PUBLIC,22-Jul-21,Y,N/A,N/A,N/A,,$257.50 ,$257.50 ,$515.00 ,$515.00 ,
1870130,COLD SPRING ROAD,TOASewer,RES,PUBLIC,PUBLIC,28-Dec-99,N/A,50,$4.53 ,$226.50 ,$226.50 ,$226.50 ,$257.50 ,$484.00 ,$484.00 ,
1870135,COLD SPRING ROAD,TOASewer,RES,PUBLIC,PUBLIC,31-Oct-96,N/A,44,$4.53 ,$199.32 ,$199.32 ,$199.32 ,$257.50 ,$456.82 ,$456.82 ,
1870138,COLD SPRING ROAD,TOASewer,RES,PUBLIC,PUBLIC,1-Jun-07,N/A,66,$4.53 ,$298.98 ,$298.98 ,$298.98 ,$257.50 ,$556.48 ,$556.48 ,
1870143,COLD SPRING ROAD,TOASewer,RES,PUBLIC,PUBLIC,2-Jul-18,N/A,86,$4.53 ,$389.58 ,$389.58 ,$389.58 ,$257.50 ,$647.08 ,$647.08 ,
1870144,COLD SPRING ROAD,TOASewer,RES,PUBLIC,PUBLIC,15-Oct-18,N/A,82,$4.53 ,$371.46 ,$371.46 ,$371.46 ,$257.50 ,$628.96 ,$628.96 ,
1870150,COLD SPRING ROAD,TOASewer,RES,PUBLIC,PUBLIC,28-Apr-16,N/A,80,$4.53 ,$362.40 ,$362.40 ,$362.40 ,$257.50 ,$619.90 ,$619.90 ,
1870156,COLD SPRING ROAD,TOASewer,RES,PUBLIC,PUBLIC,2-Oct-86,N/A,24,$4.53 ,$108.72 ,$180.00 ,$180.00 ,$257.50 ,$437.50 ,$437.50 ,
1870162,COLD SPRING ROAD,TOASewer,RES,PUBLIC,PUBLIC,22-Aug-08,N/A,88,$4.53 ,$398.64 ,$398.64 ,$398.64 ,$257.50 ,$656.14 ,$656.14 ,
1870171,COLD SPRING ROAD,TOASewer,RES,PUBLIC,PUBLIC,1-Aug-03,N/A,32,$4.53 ,$144.96 ,$180.00 ,$180.00 ,$257.50 ,$437.50 ,$437.50 ,
1870178,COLD SPRING ROAD,TOASewer,RES,PUBLIC,PUBLIC,12-Jan-93,N/A,44,$4.53 ,$199.32 ,$199.32 ,$199.32 ,$257.50 ,$456.82 ,$456.82 ,
1870183,COLD SPRING ROAD,TOASewer,RES,PUBLIC,PUBLIC,16-Mar-18,N/A,88,$4.53 ,$398.64 ,$398.64 ,$398.64 ,$257.50 ,$656.14 ,$656.14 ,
1870184,COLD SPRING ROAD,TOASewer,RES,PUBLIC,PUBLIC,13-Feb-87,N/A,44,$4.53 ,$199.32 ,$199.32 ,$199.32 ,$257.50 ,$456.82 ,$456.82 ,
1870190,COLD SPRING ROAD,TOASewer,RES,PUBLIC,PUBLIC,13-Aug-01,N/A,70,$4.53 ,$317.10 ,$317.10 ,$317.10 ,$257.50 ,$574.60 ,$574.60 ,
1870191,COLD SPRING ROAD,TOASewer,RES,PUBLIC,PUBLIC,26-Jun-03,N/A,66,$4.53 ,$298.98 ,$298.98 ,$298.98 ,$257.50 ,$556.48 ,$556.48 ,
1870196,COLD SPRING ROAD,TOASewer,RES,PUBLIC,PUBLIC,21-Jun-21,Y,N/A,N/A,N/A,,$257.50 ,$257.50 ,$515.00 ,$515.00 ,
1870197,COLD SPRING ROAD,TOASewer,RES,PUBLIC,PUBLIC,22-Nov-96,N/A,74,$4.53 ,$335.22 ,$335.22 ,$335.22 ,$257.50 ,$592.72 ,$592.72 ,
1870203,COLD SPRING ROAD,TOASewer,RES,PUBLIC,PUBLIC,7-Jun-19,N/A,40,$4.53 ,$181.20 ,$181.20 ,$181.20 ,$257.50 ,$438.70 ,$438.70 ,
1870204,COLD SPRING ROAD,TOASewer,RES,PUBLIC,PUBLIC,30-Nov-21,Y,N/A,N/A,N/A,,$257.50 ,$257.50 ,$515.00 ,$515.00 ,
1870212,COLD SPRING ROAD,TOASewer,RES,PUBLIC,PUBLIC,27-Apr-05,N/A,76,$4.53 ,$344.28 ,$344.28 ,$344.28 ,$257.50 ,$601.78 ,$601.78 ,
1870224,COLD SPRING ROAD,TOASewer,RES,PUBLIC,PUBLIC,23-Sep-96,N/A,42,$4.53 ,$190.26 ,$190.26 ,$190.26 ,$257.50 ,$447.76 ,$447.76 ,
1870229,COLD SPRING ROAD,TOASewer,RES,PUBLIC,PUBLIC,22-Mar-93,N/A,34,$4.53 ,$154.02 ,$180.00 ,$180.00 ,$257.50 ,$437.50 ,$437.50 ,
1870232,COLD SPRING ROAD,TOASewer,RES,PUBLIC,PUBLIC,11-Apr-88,N/A,34,$4.53 ,$154.02 ,$180.00 ,$180.00 ,$257.50 ,$437.50 ,$437.50 ,
1870236,COLD SPRING ROAD,TOASewer,RES,PUBLIC,PUBLIC,24-May-84,N/A,104,$4.53 ,$471.12 ,$471.12 ,$471.12 ,$257.50 ,$728.62 ,$728.62 ,
1870241,COLD SPRING ROAD,TOASewer,RES,PUBLIC,PUBLIC,19-Oct-20,N/A,64,$4.53 ,$289.92 ,$289.92 ,$289.92 ,$257.50 ,$547.42 ,$547.42 ,
1870242,COLD SPRING ROAD,TOASewer,RES,PUBLIC,PUBLIC,3-Sep-21,Y,N/A,N/A,N/A,,$257.50 ,$257.50 ,$515.00 ,$515.00 ,
1870251,COLD SPRING ROAD,TOASewer,RES,PUBLIC,PUBLIC,29-Apr-88,N/A,60,$4.53 ,$271.80 ,$271.80 ,$271.80 ,$257.50 ,$529.30 ,$529.30 ,
1870252,COLD SPRING ROAD,TOASewer,RES,PUBLIC,PUBLIC,20-Jun-08,N/A,32,$4.53 ,$144.96 ,$180.00 ,$180.00 ,$257.50 ,$437.50 ,$437.50 ,
1880001,COLUMBUS CIRCLE,TOASewer,RES,PUBLIC,PUBLIC,2-Sep-80,N/A,32,$4.53 ,$144.96 ,$180.00 ,$180.00 ,$257.50 ,$437.50 ,$437.50 ,
1880002,COLUMBUS CIRCLE,TOASewer,RES,PUBLIC,PUBLIC,16-Jul-98,N/A,60,$4.53 ,$271.80 ,$271.80 ,$271.80 ,$257.50 ,$529.30 ,$529.30 ,
1880003,COLUMBUS CIRCLE,TOASewer,RES,PUBLIC,PUBLIC,24-Apr-07,N/A,0,$4.53 , $-   ,$180.00 ,$180.00 ,$257.50 ,$437.50 ,$437.50 ,
1880005,COLUMBUS CIRCLE,TOASewer,RES,PUBLIC,PUBLIC,19-Apr-79,N/A,6,$4.53 ,$27.18 ,$180.00 ,$180.00 ,$257.50 ,$437.50 ,$437.50 ,
1880006,COLUMBUS CIRCLE,TOASewer,RES,PUBLIC,PUBLIC,5-Oct-12,N/A,18,$4.53 ,$81.54 ,$180.00 ,$180.00 ,$257.50 ,$437.50 ,$437.50 ,
1880007,COLUMBUS CIRCLE,TOASewer,RES,PUBLIC,PUBLIC,11-Mar-98,N/A,20,$4.53 ,$90.60 ,$180.00 ,$180.00 ,$257.50 ,$437.50 ,$437.50 ,
1880008,COLUMBUS CIRCLE,TOASewer,RES,PUBLIC,PUBLIC,22-Nov-11,N/A,90,$4.53 ,$407.70 ,$407.70 ,$407.70 ,$257.50 ,$665.20 ,$665.20 ,
1880009,COLUMBUS CIRCLE,TOASewer,RES,PUBLIC,PUBLIC,1-Aug-16,N/A,8,$4.53 ,$36.24 ,$180.00 ,$180.00 ,$257.50 ,$437.50 ,$437.50 ,
1880010,COLUMBUS CIRCLE,TOASewer,RES,PUBLIC,PUBLIC,31-Mar-14,N/A,2,$4.53 ,$9.06 ,$180.00 ,$180.00 ,$257.50 ,$437.50 ,$437.50 ,
1880011,COLUMBUS CIRCLE,TOASewer,RES,PUBLIC,PUBLIC,15-Feb-02,N/A,58,$4.53 ,$262.74 ,$262.74 ,$262.74 ,$257.50 ,$520.24 ,$520.24 ,
1880012,COLUMBUS CIRCLE,TOASewer,RES,PUBLIC,PUBLIC,19-Jul-05,N/A,56,$4.53 ,$253.68 ,$253.68 ,$253.68 ,$257.50 ,$511.18 ,$511.18 ,
1890004,CONCORD PLACE,TOASewer,RES,PUBLIC,PUBLIC,25-Jun-92,N/A,62,$4.53 ,$280.86 ,$280.86 ,$280.86 ,$257.50 ,$538.36 ,$538.36 ,
1890007,CONCORD PLACE,TOASewer,RES,PUBLIC,PUBLIC,6-Jul-92,N/A,30,$4.53 ,$135.90 ,$180.00 ,$180.00 ,$257.50 ,$437.50 ,$437.50 ,
1890010,CONCORD PLACE,TOASewer,RES,PUBLIC,PUBLIC,16-Jun-20,N/A,98,$4.53 ,$443.94 ,$443.94 ,$443.94 ,$257.50 ,$701.44 ,$701.44 ,
1900001,CONIFER LANE,TOASewer,RES,PUBLIC,PUBLIC,31-May-16,N/A,26,$4.53 ,$117.78 ,$180.00 ,$180.00 ,$257.50 ,$437.50 ,$437.50 ,
1900002,CONIFER LANE,TOASewer,RES,PUBLIC,PUBLIC,29-Sep-21,Y,N/A,N/A,N/A,,$257.50 ,$257.50 ,$515.00 ,$515.00 ,
1900003,CONIFER LANE,TOASewer,RES,PUBLIC,PUBLIC,19-Nov-21,Y,N/A,N/A,N/A,,$257.50 ,$257.50 ,$515.00 ,$515.00 ,
1900004,CONIFER LANE,TOASewer,RES,PUBLIC,PUBLIC,15-Sep-09,N/A,20,$4.53 ,$90.60 ,$180.00 ,$180.00 ,$257.50 ,$437.50 ,$437.50 ,
1900005,CONIFER LANE,TOASewer,RES,PUBLIC,PUBLIC,10-Jan-94,N/A,0,$4.53 , $-   ,$180.00 ,$180.00 ,$257.50 ,$437.50 ,$437.50 ,
1900006,CONIFER LANE,TOASewer,RES,PUBLIC,PUBLIC,18-Mar-19,N/A,36,$4.53 ,$163.08 ,$180.00 ,$180.00 ,$257.50 ,$437.50 ,$437.50 ,
1900007,CONIFER LANE,TOASewer,RES,PUBLIC,PUBLIC,16-Oct-20,N/A,56,$4.53 ,$253.68 ,$253.68 ,$253.68 ,$257.50 ,$511.18 ,$511.18 ,
1900008,CONIFER LANE,TOASewer,RES,PUBLIC,PUBLIC,10-Jul-20,N/A,40,$4.53 ,$181.20 ,$181.20 ,$181.20 ,$257.50 ,$438.70 ,$438.70 ,
1900009,CONIFER LANE,TOASewer,RES,PUBLIC,PUBLIC,30-Jul-18,N/A,24,$4.53 ,$108.72 ,$180.00 ,$180.00 ,$257.50 ,$437.50 ,$437.50 ,
1900010,CONIFER LANE,TOASewer,RES,PUBLIC,PUBLIC,20-Sep-06,N/A,0,$4.53 , $-   ,$180.00 ,$180.00 ,$257.50 ,$437.50 ,$437.50 ,
1900011,CONIFER LANE,TOASewer,RES,PUBLIC,PUBLIC,13-May-19,N/A,12,$4.53 ,$54.36 ,$180.00 ,$180.00 ,$257.50 ,$437.50 ,$437.50 ,
1900012,CONIFER LANE,TOASewer,RES,PUBLIC,PUBLIC,23-Nov-21,Y,N/A,N/A,N/A,,$257.50 ,$257.50 ,$515.00 ,$515.00 ,
1900013,CONIFER LANE,TOASewer,RES,PUBLIC,PUBLIC,7-Dec-17,N/A,22,$4.53 ,$99.66 ,$180.00 ,$180.00 ,$257.50 ,$437.50 ,$437.50 ,
1900014,CONIFER LANE,TOASewer,RES,PUBLIC,PUBLIC,25-Jan-16,N/A,16,$4.53 ,$72.48 ,$180.00 ,$180.00 ,$257.50 ,$437.50 ,$437.50 ,
1900015,CONIFER LANE,TOASewer,RES,PUBLIC,PUBLIC,15-Apr-10,N/A,26,$4.53 ,$117.78 ,$180.00 ,$180.00 ,$257.50 ,$437.50 ,$437.50 ,
1900016,CONIFER LANE,TOASewer,RES,PUBLIC,PUBLIC,24-Aug-11,N/A,18,$4.53 ,$81.54 ,$180.00 ,$180.00 ,$257.50 ,$437.50 ,$437.50 ,
1900017,CONIFER LANE,TOASewer,RES,PUBLIC,PUBLIC,31-Aug-15,N/A,38,$4.53 ,$172.14 ,$180.00 ,$180.00 ,$257.50 ,$437.50 ,$437.50 ,
1900018,CONIFER LANE,TOASewer,RES,PUBLIC,PUBLIC,2-Aug-90,N/A,10,$4.53 ,$45.30 ,$180.00 ,$180.00 ,$257.50 ,$437.50 ,$437.50 ,
1900019,CONIFER LANE,TOASewer,RES,PUBLIC,PUBLIC,10-Sep-99,N/A,44,$4.53 ,$199.32 ,$199.32 ,$199.32 ,$257.50 ,$456.82 ,$456.82 ,
1900020,CONIFER LANE,TOASewer,RES,PUBLIC,PUBLIC,5-May-20,N/A,16,$4.53 ,$72.48 ,$180.00 ,$180.00 ,$257.50 ,$437.50 ,$437.50 ,
1900021,CONIFER LANE,TOASewer,RES,PUBLIC,PUBLIC,3-Dec-04,N/A,18,$4.53 ,$81.54 ,$180.00 ,$180.00 ,$257.50 ,$437.50 ,$437.50 ,
1900022,CONIFER LANE,TOASewer,RES,PUBLIC,PUBLIC,19-Mar-07,N/A,38,$4.53 ,$172.14 ,$180.00 ,$180.00 ,$257.50 ,$437.50 ,$437.50 ,
1900023,CONIFER LANE,TOASewer,RES,PUBLIC,PUBLIC,22-May-01,N/A,16,$4.53 ,$72.48 ,$180.00 ,$180.00 ,$257.50 ,$437.50 ,$437.50 ,
1900024,CONIFER LANE,TOASewer,RES,PUBLIC,PUBLIC,28-May-03,N/A,22,$4.53 ,$99.66 ,$180.00 ,$180.00 ,$257.50 ,$437.50 ,$437.50 ,
1900025,CONIFER LANE,TOASewer,RES,PUBLIC,PUBLIC,27-Oct-11,N/A,68,$4.53 ,$308.04 ,$308.04 ,$308.04 ,$257.50 ,$565.54 ,$565.54 ,
1900026,CONIFER LANE,TOASewer,RES,PUBLIC,PUBLIC,27-Sep-17,N/A,54,$4.53 ,$244.62 ,$244.62 ,$244.62 ,$257.50 ,$502.12 ,$502.12 ,
1900027,CONIFER LANE,TOASewer,RES,PUBLIC,PUBLIC,18-Feb-05,N/A,0,$4.53 , $-   ,$180.00 ,$180.00 ,$257.50 ,$437.50 ,$437.50 ,
1900028,CONIFER LANE,TOASewer,RES,PUBLIC,PUBLIC,4-Jan-06,N/A,10,$4.53 ,$45.30 ,$180.00 ,$180.00 ,$257.50 ,$437.50 ,$437.50 ,
1900029,CONIFER LANE,TOASewer,RES,PUBLIC,PUBLIC,20-May-94,N/A,48,$4.53 ,$217.44 ,$217.44 ,$217.44 ,$257.50 ,$474.94 ,$474.94 ,
1900030,CONIFER LANE,TOASewer,RES,PUBLIC,PUBLIC,1-Mar-17,N/A,40,$4.53 ,$181.20 ,$181.20 ,$181.20 ,$257.50 ,$438.70 ,$438.70 ,
1900031,CONIFER LANE,TOASewer,RES,PUBLIC,PUBLIC,29-Dec-06,N/A,12,$4.53 ,$54.36 ,$180.00 ,$180.00 ,$257.50 ,$437.50 ,$437.50 ,
1900032,CONIFER LANE,TOASewer,RES,PUBLIC,PUBLIC,24-May-79,N/A,84,$4.53 ,$380.52 ,$380.52 ,$380.52 ,$257.50 ,$638.02 ,$638.02 ,
1900033,CONIFER LANE,TOASewer,RES,PUBLIC,PUBLIC,28-Oct-20,N/A,76,$4.53 ,$344.28 ,$344.28 ,$344.28 ,$257.50 ,$601.78 ,$601.78 ,
1900034,CONIFER LANE,TOASewer,RES,PUBLIC,PUBLIC,17-Aug-79,N/A,58,$4.53 ,$262.74 ,$262.74 ,$262.74 ,$257.50 ,$520.24 ,$520.24 ,
1900035,CONIFER LANE,TOASewer,RES,PUBLIC,PUBLIC,28-Mar-13,N/A,24,$4.53 ,$108.72 ,$180.00 ,$180.00 ,$257.50 ,$437.50 ,$437.50 ,
1900036,CONIFER LANE,TOASewer,RES,PUBLIC,PUBLIC,17-May-13,N/A,14,$4.53 ,$63.42 ,$180.00 ,$180.00 ,$257.50 ,$437.50 ,$437.50 ,
1900037,CONIFER LANE,TOASewer,RES,PUBLIC,PUBLIC,24-Jun-19,N/A,30,$4.53 ,$135.90 ,$180.00 ,$180.00 ,$257.50 ,$437.50 ,$437.50 ,
1900038,CONIFER LANE,TOASewer,RES,PUBLIC,PUBLIC,18-Sep-95,N/A,18,$4.53 ,$81.54 ,$180.00 ,$180.00 ,$257.50 ,$437.50 ,$437.50 ,
1900039,CONIFER LANE,TOASewer,RES,PUBLIC,PUBLIC,22-May-02,N/A,20,$4.53 ,$90.60 ,$180.00 ,$180.00 ,$257.50 ,$437.50 ,$437.50 ,
1900040,CONIFER LANE,TOASewer,RES,PUBLIC,PUBLIC,18-Sep-00,N/A,100,$4.53 ,$453.00 ,$453.00 ,$453.00 ,$257.50 ,$710.50 ,$710.50 ,
1900041,CONIFER LANE,TOASewer,RES,PUBLIC,PUBLIC,24-Sep-20,N/A,76,$4.53 ,$344.28 ,$344.28 ,$344.28 ,$257.50 ,$601.78 ,$601.78 ,
1900042,CONIFER LANE,TOASewer,RES,PUBLIC,PUBLIC,22-Mar-11,N/A,64,$4.53 ,$289.92 ,$289.92 ,$289.92 ,$257.50 ,$547.42 ,$547.42 ,
1930001,COTTONWOOD DRIVE,TOASewer,RES,PUBLIC,PUBLIC,8-Oct-92,N/A,24,$4.53 ,$108.72 ,$180.00 ,$180.00 ,$257.50 ,$437.50 ,$437.50 ,
1930002,COTTONWOOD DRIVE,TOASewer,RES,PUBLIC,PUBLIC,2-Apr-91,N/A,34,$4.53 ,$154.02 ,$180.00 ,$180.00 ,$257.50 ,$437.50 ,$437.50 ,
1930003,COTTONWOOD DRIVE,TOASewer,RES,PUBLIC,PUBLIC,8-Oct-19,N/A,16,$4.53 ,$72.48 ,$180.00 ,$180.00 ,$257.50 ,$437.50 ,$437.50 ,
1930004,COTTONWOOD DRIVE,TOASewer,RES,PUBLIC,PUBLIC,14-Nov-16,N/A,54,$4.53 ,$244.62 ,$244.62 ,$244.62 ,$257.50 ,$502.12 ,$502.12 ,
1930005,COTTONWOOD DRIVE,TOASewer,RES,PUBLIC,PUBLIC,1-Feb-17,N/A,4,$4.53 ,$18.12 ,$180.00 ,$180.00 ,$257.50 ,$437.50 ,$437.50 ,
1930006,COTTONWOOD DRIVE,TOASewer,RES,PUBLIC,PUBLIC,31-Jan-00,N/A,34,$4.53 ,$154.02 ,$180.00 ,$180.00 ,$257.50 ,$437.50 ,$437.50 ,
1930007,COTTONWOOD DRIVE,TOASewer,RES,PUBLIC,PUBLIC,21-Nov-18,N/A,24,$4.53 ,$108.72 ,$180.00 ,$180.00 ,$257.50 ,$437.50 ,$437.50 ,
1930008,COTTONWOOD DRIVE,TOASewer,RES,PUBLIC,PUBLIC,28-Jul-08,N/A,24,$4.53 ,$108.72 ,$180.00 ,$180.00 ,$257.50 ,$437.50 ,$437.50 ,
1930009,COTTONWOOD DRIVE,TOASewer,RES,PUBLIC,PUBLIC,16-Oct-02,N/A,36,$4.53 ,$163.08 ,$180.00 ,$180.00 ,$257.50 ,$437.50 ,$437.50 ,
1930010,COTTONWOOD DRIVE,TOASewer,RES,PUBLIC,PUBLIC,22-Nov-21,Y,N/A,N/A,N/A,,$257.50 ,$257.50 ,$515.00 ,$515.00 ,
1930011,COTTONWOOD DRIVE,TOASewer,RES,PUBLIC,PUBLIC,1-Jul-10,N/A,68,$4.53 ,$308.04 ,$308.04 ,$308.04 ,$257.50 ,$565.54 ,$565.54 ,
1930012,COTTONWOOD DRIVE,TOASewer,RES,PUBLIC,PUBLIC,2-Nov-15,N/A,46,$4.53 ,$208.38 ,$208.38 ,$208.38 ,$257.50 ,$465.88 ,$465.88 ,
1930013,COTTONWOOD DRIVE,TOASewer,RES,PUBLIC,PUBLIC,24-May-18,N/A,0,$4.53 , $-   ,$180.00 ,$180.00 ,$257.50 ,$437.50 ,$437.50 ,
1930014,COTTONWOOD DRIVE,TOASewer,RES,PUBLIC,PUBLIC,22-Aug-19,N/A,18,$4.53 ,$81.54 ,$180.00 ,$180.00 ,$257.50 ,$437.50 ,$437.50 ,
1930015,COTTONWOOD DRIVE,TOASewer,RES,PUBLIC,PUBLIC,14-Sep-21,Y,N/A,N/A,N/A,,$257.50 ,$257.50 ,$515.00 ,$515.00 ,
1930016,COTTONWOOD DRIVE,TOASewer,RES,PUBLIC,PUBLIC,19-Aug-98,N/A,0,$4.53 , $-   ,$180.00 ,$180.00 ,$257.50 ,$437.50 ,$437.50 ,
1930017,COTTONWOOD DRIVE,TOASewer,RES,PUBLIC,PUBLIC,26-Jan-21,Y,N/A,N/A,N/A,,$257.50 ,$257.50 ,$515.00 ,$515.00 ,
1930018,COTTONWOOD DRIVE,TOASewer,RES,PUBLIC,PUBLIC,29-Jun-15,N/A,8,$4.53 ,$36.24 ,$180.00 ,$180.00 ,$257.50 ,$437.50 ,$437.50 ,
1930019,COTTONWOOD DRIVE,TOASewer,RES,PUBLIC,PUBLIC,20-Oct-20,N/A,20,$4.53 ,$90.60 ,$180.00 ,$180.00 ,$257.50 ,$437.50 ,$437.50 ,
1930020,COTTONWOOD DRIVE,TOASewer,RES,PUBLIC,PUBLIC,29-Jun-21,Y,N/A,N/A,N/A,,$257.50 ,$257.50 ,$515.00 ,$515.00 ,
1930021,COTTONWOOD DRIVE,TOASewer,RES,PUBLIC,PUBLIC,7-Nov-19,N/A,20,$4.53 ,$90.60 ,$180.00 ,$180.00 ,$257.50 ,$437.50 ,$437.50 ,
1930022,COTTONWOOD DRIVE,TOASewer,RES,PUBLIC,PUBLIC,17-Dec-18,N/A,36,$4.53 ,$163.08 ,$180.00 ,$180.00 ,$257.50 ,$437.50 ,$437.50 ,
1930023,COTTONWOOD DRIVE,TOASewer,RES,PUBLIC,PUBLIC,9-Mar-20,N/A,24,$4.53 ,$108.72 ,$180.00 ,$180.00 ,$257.50 ,$437.50 ,$437.50 ,
1930024,COTTONWOOD DRIVE,TOASewer,RES,PUBLIC,PUBLIC,7-Dec-20,N/A,4,$4.53 ,$18.12 ,$180.00 ,$180.00 ,$257.50 ,$437.50 ,$437.50 ,
1930025,COTTONWOOD DRIVE,TOASewer,RES,PUBLIC,PUBLIC,18-Dec-19,N/A,32,$4.53 ,$144.96 ,$180.00 ,$180.00 ,$257.50 ,$437.50 ,$437.50 ,
1930026,COTTONWOOD DRIVE,TOASewer,RES,PUBLIC,PUBLIC,6-Aug-14,N/A,0,$4.53 , $-   ,$180.00 ,$180.00 ,$257.50 ,$437.50 ,$437.50 ,
1930027,COTTONWOOD DRIVE,TOASewer,RES,PUBLIC,PUBLIC,1-Aug-13,N/A,22,$4.53 ,$99.66 ,$180.00 ,$180.00 ,$257.50 ,$437.50 ,$437.50 ,
1930028,COTTONWOOD DRIVE,TOASewer,RES,PUBLIC,PUBLIC,14-May-86,N/A,20,$4.53 ,$90.60 ,$180.00 ,$180.00 ,$257.50 ,$437.50 ,$437.50 ,
1940076,COUNTRY CLUB ROAD,TOASewer,RES,WELL,PRIVATE,N/A,N/A,N/A,N/A,N/A,,$257.50 ,$257.50 ,$515.00 ,$515.00 ,
1940087,COUNTRY CLUB ROAD,TOASewer,RES,WELL,PRIVATE,N/A,N/A,N/A,N/A,N/A,,$257.50 ,$257.50 ,$515.00 ,$515.00 ,
1940088,COUNTRY CLUB ROAD,TOASewer,RES,WELL,PRIVATE,N/A,N/A,N/A,N/A,N/A,,$257.50 ,$257.50 ,$515.00 ,$515.00 ,
1940095,COUNTRY CLUB ROAD,TOASewer,RES,WELL,PRIVATE,N/A,N/A,N/A,N/A,N/A,,$257.50 ,$257.50 ,$515.00 ,$515.00 ,
1940096,COUNTRY CLUB ROAD,TOASewer,RES,WELL,PRIVATE,N/A,N/A,N/A,N/A,N/A,,$257.50 ,$257.50 ,$515.00 ,$515.00 ,
1940098,COUNTRY CLUB ROAD,TOASewer,RES,WELL,PRIVATE,N/A,N/A,N/A,N/A,N/A,,$257.50 ,$257.50 ,$515.00 ,$515.00 ,
1940100,COUNTRY CLUB ROAD,TOASewer,RES,WELL,PRIVATE,N/A,N/A,N/A,N/A,N/A,,$257.50 ,$257.50 ,$515.00 ,$515.00 ,
1940102,COUNTRY CLUB ROAD,TOASewer,RES,WELL,PRIVATE,N/A,N/A,N/A,N/A,N/A,,$257.50 ,$257.50 ,$515.00 ,$515.00 ,
1940109,COUNTRY CLUB ROAD,TOASewer,RES,WELL,PRIVATE,N/A,N/A,N/A,N/A,N/A,,$257.50 ,$257.50 ,$515.00 ,$515.00 ,
1940119,COUNTRY CLUB ROAD,TOASewer,RES,WELL,PRIVATE,N/A,N/A,N/A,N/A,N/A,,$257.50 ,$257.50 ,$515.00 ,$515.00 ,
1940125,COUNTRY CLUB ROAD,TOASewer,RES,WELL,PRIVATE,N/A,N/A,N/A,N/A,N/A,,$257.50 ,$257.50 ,$515.00 ,$515.00 ,
1940131,COUNTRY CLUB ROAD,TOASewer,RES,WELL,PRIVATE,N/A,N/A,N/A,N/A,N/A,,$257.50 ,$257.50 ,$515.00 ,$515.00 ,
1940137,COUNTRY CLUB ROAD,TOASewer,RES,WELL,PRIVATE,N/A,N/A,N/A,N/A,N/A,,$257.50 ,$257.50 ,$515.00 ,$515.00 ,
1940142,COUNTRY CLUB ROAD,TOASewer,RES,WELL,PRIVATE,N/A,N/A,N/A,N/A,N/A,,$257.50 ,$257.50 ,$515.00 ,$515.00 ,
1940390,COUNTRY CLUB ROAD,TOASewer,RES,PUBLIC,PUBLIC,22-Jul-02,N/A,42,$4.53 ,$190.26 ,$190.26 ,$190.26 ,$257.50 ,$447.76 ,$447.76 ,
1940454,COUNTRY CLUB ROAD,TOASewer,RES,WELL,PRIVATE,N/A,N/A,N/A,N/A,N/A,,$257.50 ,$257.50 ,$515.00 ,$515.00 ,
1940486,COUNTRY CLUB ROAD,TOASewer,RES,PUBLIC,PUBLIC,2-Jun-99,N/A,42,$4.53 ,$190.26 ,$190.26 ,$190.26 ,$257.50 ,$447.76 ,$447.76 ,
1940494,COUNTRY CLUB ROAD,TOASewer,RES,PUBLIC,PUBLIC,12-Feb-99,N/A,62,$4.53 ,$280.86 ,$280.86 ,$280.86 ,$257.50 ,$538.36 ,$538.36 ,
1940500,COUNTRY CLUB ROAD,TOASewer,RES,PUBLIC,PUBLIC,29-Jun-09,N/A,40,$4.53 ,$181.20 ,$181.20 ,$181.20 ,$257.50 ,$438.70 ,$438.70 ,
1940506,COUNTRY CLUB ROAD,TOASewer,RES,PUBLIC,PUBLIC,11-Oct-11,N/A,74,$4.53 ,$335.22 ,$335.22 ,$335.22 ,$257.50 ,$592.72 ,$592.72 ,
1940519,COUNTRY CLUB ROAD,TOASewer,RES,PUBLIC,PUBLIC,30-Sep-93,N/A,34,$4.53 ,$154.02 ,$180.00 ,$180.00 ,$257.50 ,$437.50 ,$437.50 ,
1940529,COUNTRY CLUB ROAD,TOASewer,RES,PUBLIC,PUBLIC,1-Jul-21,Y,N/A,N/A,N/A,,$257.50 ,$257.50 ,$515.00 ,$515.00 ,
1940539,COUNTRY CLUB ROAD,TOASewer,RES,PUBLIC,PUBLIC,2-Mar-92,N/A,62,$4.53 ,$280.86 ,$280.86 ,$280.86 ,$257.50 ,$538.36 ,$538.36 ,
1940549,COUNTRY CLUB ROAD,TOASewer,RES,PUBLIC,PUBLIC,30-Jun-15,N/A,34,$4.53 ,$154.02 ,$180.00 ,$180.00 ,$257.50 ,$437.50 ,$437.50 ,
1940552,COUNTRY CLUB ROAD,TOASewer,RES,PUBLIC,PUBLIC,5-Feb-21,Y,N/A,N/A,N/A,,$257.50 ,$257.50 ,$515.00 ,$515.00 ,
1940555,COUNTRY CLUB ROAD,TOASewer,RES,PUBLIC,PUBLIC,20-Aug-21,Y,N/A,N/A,N/A,,$257.50 ,$257.50 ,$515.00 ,$515.00 ,
1940560,COUNTRY CLUB ROAD,TOASewer,RES,WELL,PRIVATE,N/A,N/A,N/A,N/A,N/A,,$257.50 ,$257.50 ,$515.00 ,$515.00 ,
1940568,COUNTRY CLUB ROAD,TOASewer,RES,PUBLIC,PUBLIC,9-Dec-03,N/A,26,$4.53 ,$117.78 ,$180.00 ,$180.00 ,$257.50 ,$437.50 ,$437.50 ,
1940574,COUNTRY CLUB ROAD,TOASewer,RES,PUBLIC,PUBLIC,22-Nov-88,N/A,60,$4.53 ,$271.80 ,$271.80 ,$271.80 ,$257.50 ,$529.30 ,$529.30 ,
1940579,COUNTRY CLUB ROAD,TOASewer,RES,PUBLIC,PUBLIC,28-Jun-96,N/A,54,$4.53 ,$244.62 ,$244.62 ,$244.62 ,$257.50 ,$502.12 ,$502.12 ,
1940585,COUNTRY CLUB ROAD,TOASewer,RES,PUBLIC,PUBLIC,27-Apr-04,N/A,38,$4.53 ,$172.14 ,$180.00 ,$180.00 ,$257.50 ,$437.50 ,$437.50 ,
1940586,COUNTRY CLUB ROAD,TOASewer,RES,PUBLIC,PUBLIC,27-Jun-18,N/A,18,$4.53 ,$81.54 ,$180.00 ,$180.00 ,$257.50 ,$437.50 ,$437.50 ,
1940593,COUNTRY CLUB ROAD,TOASewer,RES,PUBLIC,PUBLIC,3-Sep-91,N/A,52,$4.53 ,$235.56 ,$235.56 ,$235.56 ,$257.50 ,$493.06 ,$493.06 ,
1940599,COUNTRY CLUB ROAD,TOASewer,RES,PUBLIC,PUBLIC,18-Jul-16,N/A,110,$4.53 ,$498.30 ,$498.30 ,$498.30 ,$257.50 ,$755.80 ,$755.80 ,
1940600,COUNTRY CLUB ROAD,TOASewer,RES,PUBLIC,PUBLIC,4-Apr-14,N/A,88,$4.53 ,$398.64 ,$398.64 ,$398.64 ,$257.50 ,$656.14 ,$656.14 ,
1940610,COUNTRY CLUB ROAD,TOASewer,RES,PUBLIC,PUBLIC,19-May-03,N/A,50,$4.53 ,$226.50 ,$226.50 ,$226.50 ,$257.50 ,$484.00 ,$484.00 ,
1940618,COUNTRY CLUB ROAD,TOASewer,RES,PUBLIC,PUBLIC,5-Apr-99,N/A,40,$4.53 ,$181.20 ,$181.20 ,$181.20 ,$257.50 ,$438.70 ,$438.70 ,
1940624,COUNTRY CLUB ROAD,TOASewer,RES,PUBLIC,PUBLIC,23-Oct-74,N/A,26,$4.53 ,$117.78 ,$180.00 ,$180.00 ,$257.50 ,$437.50 ,$437.50 ,
1940632,COUNTRY CLUB ROAD,TOASewer,RES,PUBLIC,PUBLIC,3-Dec-04,N/A,42,$4.53 ,$190.26 ,$190.26 ,$190.26 ,$257.50 ,$447.76 ,$447.76 ,
1940635,COUNTRY CLUB ROAD,TOASewer,RES,PUBLIC,PUBLIC,21-Sep-93,N/A,40,$4.53 ,$181.20 ,$181.20 ,$181.20 ,$257.50 ,$438.70 ,$438.70 ,
1940638,COUNTRY CLUB ROAD,TOASewer,RES,PUBLIC,PUBLIC,5-Mar-18,N/A,32,$4.53 ,$144.96 ,$180.00 ,$180.00 ,$257.50 ,$437.50 ,$437.50 ,
1940641,COUNTRY CLUB ROAD,TOASewer,RES,PUBLIC,PUBLIC,25-Jul-14,N/A,44,$4.53 ,$199.32 ,$199.32 ,$199.32 ,$257.50 ,$456.82 ,$456.82 ,
1940648,COUNTRY CLUB ROAD,TOASewer,RES,WELL,PRIVATE,N/A,N/A,N/A,N/A,N/A,,$257.50 ,$257.50 ,$515.00 ,$515.00 ,
1960085,CRAIGEMORE CIRCLE,TOASewer,RES,PUBLIC,PUBLIC,30-Apr-20,N/A,56,$4.53 ,$253.68 ,$253.68 ,$253.68 ,$257.50 ,$511.18 ,$511.18 ,
1960089,CRAIGEMORE CIRCLE,TOASewer,RES,PUBLIC,PUBLIC,30-Apr-01,N/A,62,$4.53 ,$280.86 ,$280.86 ,$280.86 ,$257.50 ,$538.36 ,$538.36 ,
1960092,CRAIGEMORE CIRCLE,TOASewer,RES,PUBLIC,PUBLIC,17-Mar-08,N/A,104,$4.53 ,$471.12 ,$471.12 ,$471.12 ,$257.50 ,$728.62 ,$728.62 ,
1960093,CRAIGEMORE CIRCLE,TOASewer,RES,PUBLIC,PUBLIC,6-Mar-20,N/A,46,$4.53 ,$208.38 ,$208.38 ,$208.38 ,$257.50 ,$465.88 ,$465.88 ,
1960099,CRAIGEMORE CIRCLE,TOASewer,RES,PUBLIC,PUBLIC,18-Sep-12,N/A,64,$4.53 ,$289.92 ,$289.92 ,$289.92 ,$257.50 ,$547.42 ,$547.42 ,
1960111,CRAIGEMORE CIRCLE,TOASewer,RES,PUBLIC,PUBLIC,3-Aug-20,N/A,112,$4.53 ,$507.36 ,$507.36 ,$507.36 ,$257.50 ,$764.86 ,$764.86 ,
1960112,CRAIGEMORE CIRCLE,TOASewer,RES,PUBLIC,PUBLIC,31-Jan-85,N/A,36,$4.53 ,$163.08 ,$180.00 ,$180.00 ,$257.50 ,$437.50 ,$437.50 ,
1960115,CRAIGEMORE CIRCLE,TOASewer,RES,PUBLIC,PUBLIC,6-Jul-17,N/A,102,$4.53 ,$462.06 ,$462.06 ,$462.06 ,$257.50 ,$719.56 ,$719.56 ,
1960127,CRAIGEMORE CIRCLE,TOASewer,RES,PUBLIC,PUBLIC,4-Dec-17,N/A,60,$4.53 ,$271.80 ,$271.80 ,$271.80 ,$257.50 ,$529.30 ,$529.30 ,
1960133,CRAIGEMORE CIRCLE,TOASewer,RES,PUBLIC,PUBLIC,24-Jul-07,N/A,50,$4.53 ,$226.50 ,$226.50 ,$226.50 ,$257.50 ,$484.00 ,$484.00 ,
1960139,CRAIGEMORE CIRCLE,TOASewer,RES,PUBLIC,PUBLIC,6-Nov-20,N/A,52,$4.53 ,$235.56 ,$235.56 ,$235.56 ,$257.50 ,$493.06 ,$493.06 ,
6350005,CRANBROOK,TOASewer,RES,PUBLIC,PUBLIC,23-May-16,N/A,76,$4.53 ,$344.28 ,$344.28 ,$344.28 ,$257.50 ,$601.78 ,$601.78 ,
6350011,CRANBROOK,TOASewer,RES,PUBLIC,PUBLIC,1-Jun-18,N/A,102,$4.53 ,$462.06 ,$462.06 ,$462.06 ,$257.50 ,$719.56 ,$719.56 ,
6350012,CRANBROOK,TOASewer,RES,PUBLIC,PUBLIC,24-Dec-13,N/A,44,$4.53 ,$199.32 ,$199.32 ,$199.32 ,$257.50 ,$456.82 ,$456.82 ,
6350019,CRANBROOK,TOASewer,RES,PUBLIC,PUBLIC,4-Oct-18,N/A,86,$4.53 ,$389.58 ,$389.58 ,$389.58 ,$257.50 ,$647.08 ,$647.08 ,
6350020,CRANBROOK,TOASewer,RES,PUBLIC,PUBLIC,10-Feb-14,N/A,98,$4.53 ,$443.94 ,$443.94 ,$443.94 ,$257.50 ,$701.44 ,$701.44 ,
6350025,CRANBROOK,TOASewer,RES,PUBLIC,PUBLIC,13-Sep-13,N/A,50,$4.53 ,$226.50 ,$226.50 ,$226.50 ,$257.50 ,$484.00 ,$484.00 ,
6350038,CRANBROOK,TOASewer,RES,PUBLIC,PUBLIC,2-May-16,N/A,40,$4.53 ,$181.20 ,$181.20 ,$181.20 ,$257.50 ,$438.70 ,$438.70 ,
6350039,CRANBROOK,TOASewer,RES,PUBLIC,PUBLIC,30-Aug-13,N/A,30,$4.53 ,$135.90 ,$180.00 ,$180.00 ,$257.50 ,$437.50 ,$437.50 ,
6350044,CRANBROOK,TOASewer,RES,PUBLIC,PUBLIC,3-Nov-14,N/A,64,$4.53 ,$289.92 ,$289.92 ,$289.92 ,$257.50 ,$547.42 ,$547.42 ,
6350047,CRANBROOK,TOASewer,RES,PUBLIC,PUBLIC,22-Jun-21,Y,N/A,N/A,N/A,,$257.50 ,$257.50 ,$515.00 ,$515.00 ,
6350050,CRANBROOK,TOASewer,RES,PUBLIC,PUBLIC,9-Oct-15,N/A,60,$4.53 ,$271.80 ,$271.80 ,$271.80 ,$257.50 ,$529.30 ,$529.30 ,
1980004,CRICKET LANE,TOASewer,RES,PUBLIC,PUBLIC,17-Jul-79,N/A,18,$4.53 ,$81.54 ,$180.00 ,$180.00 ,$257.50 ,$437.50 ,$437.50 ,
1980005,CRICKET LANE,TOASewer,RES,PUBLIC,PUBLIC,26-Aug-02,N/A,48,$4.53 ,$217.44 ,$217.44 ,$217.44 ,$257.50 ,$474.94 ,$474.94 ,
1980010,CRICKET LANE,TOASewer,RES,PUBLIC,PUBLIC,4-Feb-03,N/A,42,$4.53 ,$190.26 ,$190.26 ,$190.26 ,$257.50 ,$447.76 ,$447.76 ,
1980011,CRICKET LANE,TOASewer,RES,PUBLIC,PUBLIC,14-Feb-19,N/A,46,$4.53 ,$208.38 ,$208.38 ,$208.38 ,$257.50 ,$465.88 ,$465.88 ,
1990019,CROCUS LANE,TOASewer,RES,PUBLIC,PUBLIC,11-Jan-21,Y,N/A,N/A,N/A,,$257.50 ,$257.50 ,$515.00 ,$515.00 ,
1990020,CROCUS LANE,TOASewer,RES,PUBLIC,PUBLIC,25-Oct-16,N/A,36,$4.53 ,$163.08 ,$180.00 ,$180.00 ,$257.50 ,$437.50 ,$437.50 ,
1990021,CROCUS LANE,TOASewer,RES,PUBLIC,PUBLIC,22-Jul-11,N/A,20,$4.53 ,$90.60 ,$180.00 ,$180.00 ,$257.50 ,$437.50 ,$437.50 ,
1990022,CROCUS LANE,TOASewer,RES,PUBLIC,PUBLIC,4-Oct-12,N/A,14,$4.53 ,$63.42 ,$180.00 ,$180.00 ,$257.50 ,$437.50 ,$437.50 ,
1990023,CROCUS LANE,TOASewer,RES,PUBLIC,PUBLIC,29-Apr-19,N/A,8,$4.53 ,$36.24 ,$180.00 ,$180.00 ,$257.50 ,$437.50 ,$437.50 ,
1990024,CROCUS LANE,TOASewer,RES,PUBLIC,PUBLIC,6-Sep-85,N/A,2,$4.53 ,$9.06 ,$180.00 ,$180.00 ,$257.50 ,$437.50 ,$437.50 ,
1990025,CROCUS LANE,TOASewer,RES,PUBLIC,PUBLIC,31-Jul-19,N/A,16,$4.53 ,$72.48 ,$180.00 ,$180.00 ,$257.50 ,$437.50 ,$437.50 ,
1990026,CROCUS LANE,TOASewer,RES,PUBLIC,PUBLIC,8-Mar-21,Y,N/A,N/A,N/A,,$257.50 ,$257.50 ,$515.00 ,$515.00 ,
1990027,CROCUS LANE,TOASewer,RES,PUBLIC,PUBLIC,1-Jun-00,N/A,36,$4.53 ,$163.08 ,$180.00 ,$180.00 ,$257.50 ,$437.50 ,$437.50 ,
1990028,CROCUS LANE,TOASewer,RES,PUBLIC,PUBLIC,31-Mar-00,N/A,58,$4.53 ,$262.74 ,$262.74 ,$262.74 ,$257.50 ,$520.24 ,$520.24 ,
1990029,CROCUS LANE,TOASewer,RES,PUBLIC,PUBLIC,7-Jan-10,N/A,18,$4.53 ,$81.54 ,$180.00 ,$180.00 ,$257.50 ,$437.50 ,$437.50 ,
1990030,CROCUS LANE,TOASewer,RES,PUBLIC,PUBLIC,7-Jul-16,N/A,16,$4.53 ,$72.48 ,$180.00 ,$180.00 ,$257.50 ,$437.50 ,$437.50 ,
1990031,CROCUS LANE,TOASewer,RES,PUBLIC,PUBLIC,13-Aug-19,N/A,42,$4.53 ,$190.26 ,$190.26 ,$190.26 ,$257.50 ,$447.76 ,$447.76 ,
1990032,CROCUS LANE,TOASewer,RES,PUBLIC,PUBLIC,6-Dec-04,N/A,36,$4.53 ,$163.08 ,$180.00 ,$180.00 ,$257.50 ,$437.50 ,$437.50 ,
1990033,CROCUS LANE,TOASewer,RES,PUBLIC,PUBLIC,1-Aug-96,N/A,16,$4.53 ,$72.48 ,$180.00 ,$180.00 ,$257.50 ,$437.50 ,$437.50 ,
1990034,CROCUS LANE,TOASewer,RES,PUBLIC,PUBLIC,2-Aug-00,N/A,14,$4.53 ,$63.42 ,$180.00 ,$180.00 ,$257.50 ,$437.50 ,$437.50 ,
1990035,CROCUS LANE,TOASewer,RES,PUBLIC,PUBLIC,25-Nov-19,N/A,12,$4.53 ,$54.36 ,$180.00 ,$180.00 ,$257.50 ,$437.50 ,$437.50 ,
1990036,CROCUS LANE,TOASewer,RES,PUBLIC,PUBLIC,16-Jul-97,N/A,20,$4.53 ,$90.60 ,$180.00 ,$180.00 ,$257.50 ,$437.50 ,$437.50 ,
1990037,CROCUS LANE,TOASewer,RES,PUBLIC,PUBLIC,2-Jan-02,N/A,16,$4.53 ,$72.48 ,$180.00 ,$180.00 ,$257.50 ,$437.50 ,$437.50 ,
1990038,CROCUS LANE,TOASewer,RES,PUBLIC,PUBLIC,31-Jul-20,N/A,14,$4.53 ,$63.42 ,$180.00 ,$180.00 ,$257.50 ,$437.50 ,$437.50 ,
1990039,CROCUS LANE,TOASewer,RES,PUBLIC,PUBLIC,31-Oct-08,N/A,40,$4.53 ,$181.20 ,$181.20 ,$181.20 ,$257.50 ,$438.70 ,$438.70 ,
1990040,CROCUS LANE,TOASewer,RES,PUBLIC,PUBLIC,17-Sep-19,N/A,20,$4.53 ,$90.60 ,$180.00 ,$180.00 ,$257.50 ,$437.50 ,$437.50 ,
1990041,CROCUS LANE,TOASewer,RES,PUBLIC,PUBLIC,31-Aug-20,N/A,32,$4.53 ,$144.96 ,$180.00 ,$180.00 ,$257.50 ,$437.50 ,$437.50 ,
1990042,CROCUS LANE,TOASewer,RES,PUBLIC,PUBLIC,16-Jan-15,N/A,4,$4.53 ,$18.12 ,$180.00 ,$180.00 ,$257.50 ,$437.50 ,$437.50 ,
1990059,CROCUS LANE,TOASewer,RES,PUBLIC,PUBLIC,6-Feb-20,N/A,34,$4.53 ,$154.02 ,$180.00 ,$180.00 ,$257.50 ,$437.50 ,$437.50 ,
1990060,CROCUS LANE,TOASewer,RES,PUBLIC,PUBLIC,19-Jun-15,N/A,26,$4.53 ,$117.78 ,$180.00 ,$180.00 ,$257.50 ,$437.50 ,$437.50 ,
2000001,CROSSROADS LANE,TOASewer,RES,PUBLIC,PUBLIC,16-Feb-99,N/A,24,$4.53 ,$108.72 ,$180.00 ,$180.00 ,$257.50 ,$437.50 ,$437.50 ,
2000002,CROSSROADS LANE,TOASewer,RES,PUBLIC,PUBLIC,28-Jun-13,N/A,38,$4.53 ,$172.14 ,$180.00 ,$180.00 ,$257.50 ,$437.50 ,$437.50 ,
2000003,CROSSROADS LANE,TOASewer,RES,PUBLIC,PUBLIC,24-May-18,N/A,12,$4.53 ,$54.36 ,$180.00 ,$180.00 ,$257.50 ,$437.50 ,$437.50 ,
2000004,CROSSROADS LANE,TOASewer,RES,PUBLIC,PUBLIC,23-Oct-89,N/A,46,$4.53 ,$208.38 ,$208.38 ,$208.38 ,$257.50 ,$465.88 ,$465.88 ,
2000005,CROSSROADS LANE,TOASewer,RES,PUBLIC,PUBLIC,31-May-01,N/A,64,$4.53 ,$289.92 ,$289.92 ,$289.92 ,$257.50 ,$547.42 ,$547.42 ,
2000006,CROSSROADS LANE,TOASewer,RES,PUBLIC,PUBLIC,7-Jun-05,N/A,20,$4.53 ,$90.60 ,$180.00 ,$180.00 ,$257.50 ,$437.50 ,$437.50 ,
2000007,CROSSROADS LANE,TOASewer,RES,PUBLIC,PUBLIC,21-Mar-18,N/A,48,$4.53 ,$217.44 ,$217.44 ,$217.44 ,$257.50 ,$474.94 ,$474.94 ,
2000008,CROSSROADS LANE,TOASewer,RES,PUBLIC,PUBLIC,2-Dec-21,Y,N/A,N/A,N/A,,$257.50 ,$257.50 ,$515.00 ,$515.00 ,
2000009,CROSSROADS LANE,TOASewer,RES,PUBLIC,PUBLIC,4-Jan-21,Y,N/A,N/A,N/A,,$257.50 ,$257.50 ,$515.00 ,$515.00 ,
2000010,CROSSROADS LANE,TOASewer,RES,PUBLIC,PUBLIC,1-Aug-19,N/A,48,$4.53 ,$217.44 ,$217.44 ,$217.44 ,$257.50 ,$474.94 ,$474.94 ,
2000011,CROSSROADS LANE,TOASewer,RES,PUBLIC,PUBLIC,30-Oct-19,N/A,50,$4.53 ,$226.50 ,$226.50 ,$226.50 ,$257.50 ,$484.00 ,$484.00 ,
2000012,CROSSROADS LANE,TOASewer,RES,PUBLIC,PUBLIC,3-Dec-20,N/A,20,$4.53 ,$90.60 ,$180.00 ,$180.00 ,$257.50 ,$437.50 ,$437.50 ,
2000013,CROSSROADS LANE,TOASewer,RES,PUBLIC,PUBLIC,19-Sep-00,N/A,30,$4.53 ,$135.90 ,$180.00 ,$180.00 ,$257.50 ,$437.50 ,$437.50 ,
2010005,CURTIS LANE,TOASewer,RES,WELL,PRIVATE,N/A,N/A,N/A,N/A,N/A,,$257.50 ,$257.50 ,$515.00 ,$515.00 ,
2070002,DEEPWOOD DRIVE,TOASewer,RES,PUBLIC,PUBLIC,3-Sep-21,Y,N/A,N/A,N/A,,$257.50 ,$257.50 ,$515.00 ,$515.00 ,
2070026,DEEPWOOD DRIVE,TOASewer,RES,PUBLIC,PUBLIC,18-Dec-19,N/A,78,$4.53 ,$353.34 ,$353.34 ,$353.34 ,$257.50 ,$610.84 ,$610.84 ,
2070064,DEEPWOOD DRIVE,TOASewer,RES,PUBLIC,PUBLIC,2-Jul-15,N/A,42,$4.53 ,$190.26 ,$190.26 ,$190.26 ,$257.50 ,$447.76 ,$447.76 ,
2070067,DEEPWOOD DRIVE,TOASewer,RES,PUBLIC,PUBLIC,12-Aug-86,N/A,14,$4.53 ,$63.42 ,$180.00 ,$180.00 ,$257.50 ,$437.50 ,$437.50 ,
2070070,DEEPWOOD DRIVE,TOASewer,RES,PUBLIC,PUBLIC,1-Jul-99,N/A,30,$4.53 ,$135.90 ,$180.00 ,$180.00 ,$257.50 ,$437.50 ,$437.50 ,
2070104,DEEPWOOD DRIVE,TOASewer,RES,PUBLIC,PUBLIC,3-Jan-96,N/A,46,$4.53 ,$208.38 ,$208.38 ,$208.38 ,$257.50 ,$465.88 ,$465.88 ,
2070114,DEEPWOOD DRIVE,TOASewer,RES,PUBLIC,PUBLIC,28-May-14,N/A,90,$4.53 ,$407.70 ,$407.70 ,$407.70 ,$257.50 ,$665.20 ,$665.20 ,
2070121,DEEPWOOD DRIVE,TOASewer,RES,PUBLIC,PUBLIC,5-Feb-19,N/A,58,$4.53 ,$262.74 ,$262.74 ,$262.74 ,$257.50 ,$520.24 ,$520.24 ,
2070126,DEEPWOOD DRIVE,TOASewer,RES,PUBLIC,PUBLIC,28-Jun-01,N/A,46,$4.53 ,$208.38 ,$208.38 ,$208.38 ,$257.50 ,$465.88 ,$465.88 ,
2070130,DEEPWOOD DRIVE,TOASewer,RES,PUBLIC,PUBLIC,5-Jan-87,N/A,42,$4.53 ,$190.26 ,$190.26 ,$190.26 ,$257.50 ,$447.76 ,$447.76 ,
2070142,DEEPWOOD DRIVE,TOASewer,RES,PUBLIC,PUBLIC,14-Dec-18,N/A,34,$4.53 ,$154.02 ,$180.00 ,$180.00 ,$257.50 ,$437.50 ,$437.50 ,
2080007,DEER RUN,TOASewer,RES,PUBLIC,PUBLIC,16-Jan-15,N/A,58,$4.53 ,$262.74 ,$262.74 ,$262.74 ,$257.50 ,$520.24 ,$520.24 ,
2080015,DEER RUN,TOASewer,RES,PUBLIC,PUBLIC,13-Jan-12,N/A,56,$4.53 ,$253.68 ,$253.68 ,$253.68 ,$257.50 ,$511.18 ,$511.18 ,
2080021,DEER RUN,TOASewer,RES,PUBLIC,PUBLIC,19-Nov-20,N/A,82,$4.53 ,$371.46 ,$371.46 ,$371.46 ,$257.50 ,$628.96 ,$628.96 ,
2080033,DEER RUN,TOASewer,RES,PUBLIC,PUBLIC,31-Aug-16,N/A,50,$4.53 ,$226.50 ,$226.50 ,$226.50 ,$257.50 ,$484.00 ,$484.00 ,
2080038,DEER RUN,TOASewer,RES,WELL,PRIVATE,N/A,N/A,N/A,N/A,N/A,,$257.50 ,$257.50 ,$515.00 ,$515.00 ,
2080041,DEER RUN,TOASewer,RES,PUBLIC,PUBLIC,24-Jan-95,N/A,40,$4.53 ,$181.20 ,$181.20 ,$181.20 ,$257.50 ,$438.70 ,$438.70 ,
2080046,DEER RUN,TOASewer,RES,PUBLIC,PUBLIC,31-May-12,N/A,80,$4.53 ,$362.40 ,$362.40 ,$362.40 ,$257.50 ,$619.90 ,$619.90 ,
2080053,DEER RUN,TOASewer,RES,PUBLIC,PUBLIC,24-Mar-99,N/A,46,$4.53 ,$208.38 ,$208.38 ,$208.38 ,$257.50 ,$465.88 ,$465.88 ,
2080058,DEER RUN,TOASewer,RES,PUBLIC,PUBLIC,5-Dec-06,N/A,56,$4.53 ,$253.68 ,$253.68 ,$253.68 ,$257.50 ,$511.18 ,$511.18 ,
2080065,DEER RUN,TOASewer,RES,PUBLIC,PUBLIC,6-Nov-12,N/A,56,$4.53 ,$253.68 ,$253.68 ,$253.68 ,$257.50 ,$511.18 ,$511.18 ,
2080066,DEER RUN,TOASewer,RES,PUBLIC,PUBLIC,6-Aug-97,N/A,36,$4.53 ,$163.08 ,$180.00 ,$180.00 ,$257.50 ,$437.50 ,$437.50 ,
2080074,DEER RUN,TOASewer,RES,PUBLIC,PUBLIC,16-Dec-91,N/A,26,$4.53 ,$117.78 ,$180.00 ,$180.00 ,$257.50 ,$437.50 ,$437.50 ,
2080077,DEER RUN,TOASewer,RES,PUBLIC,PUBLIC,19-May-16,N/A,60,$4.53 ,$271.80 ,$271.80 ,$271.80 ,$257.50 ,$529.30 ,$529.30 ,
2080085,DEER RUN,TOASewer,RES,PUBLIC,PUBLIC,10-May-19,N/A,94,$4.53 ,$425.82 ,$425.82 ,$425.82 ,$257.50 ,$683.32 ,$683.32 ,
2080088,DEER RUN,TOASewer,RES,WELL,PRIVATE,N/A,N/A,N/A,N/A,N/A,,$257.50 ,$257.50 ,$515.00 ,$515.00 ,
2080094,DEER RUN,TOASewer,RES,PUBLIC,,23-May-08,N/A,308,$4.53 ,"$1,395.24 ","$1,395.24 ","$1,395.24 ",$257.50 ,"$1,652.74 ","$1,652.74 ",
2080097,DEER RUN,TOASewer,RES,PUBLIC,PUBLIC,1-Aug-13,N/A,74,$4.53 ,$335.22 ,$335.22 ,$335.22 ,$257.50 ,$592.72 ,$592.72 ,
6140004,DEVONSHIRE COURT,TOASewer,RES,PUBLIC,PUBLIC,14-Oct-03,N/A,88,$4.53 ,$398.64 ,$398.64 ,$398.64 ,$257.50 ,$656.14 ,$656.14 ,
6140005,DEVONSHIRE COURT,TOASewer,RES,PUBLIC,PUBLIC,2-Jun-03,N/A,70,$4.53 ,$317.10 ,$317.10 ,$317.10 ,$257.50 ,$574.60 ,$574.60 ,
6140008,DEVONSHIRE COURT,TOASewer,RES,PUBLIC,PUBLIC,2-Sep-20,N/A,56,$4.53 ,$253.68 ,$253.68 ,$253.68 ,$257.50 ,$511.18 ,$511.18 ,
6140009,DEVONSHIRE COURT,TOASewer,RES,PUBLIC,PUBLIC,29-Jun-16,N/A,78,$4.53 ,$353.34 ,$353.34 ,$353.34 ,$257.50 ,$610.84 ,$610.84 ,
6140011,DEVONSHIRE COURT,TOASewer,RES,PUBLIC,PUBLIC,21-Feb-06,N/A,34,$4.53 ,$154.02 ,$180.00 ,$180.00 ,$257.50 ,$437.50 ,$437.50 ,
6140015,DEVONSHIRE COURT,TOASewer,RES,PUBLIC,PUBLIC,4-May-16,N/A,100,$4.53 ,$453.00 ,$453.00 ,$453.00 ,$257.50 ,$710.50 ,$710.50 ,
6140019,DEVONSHIRE COURT,TOASewer,RES,PUBLIC,PUBLIC,2-Jul-15,N/A,76,$4.53 ,$344.28 ,$344.28 ,$344.28 ,$257.50 ,$601.78 ,$601.78 ,
6140020,DEVONSHIRE COURT,TOASewer,RES,PUBLIC,PUBLIC,26-Aug-21,Y,N/A,N/A,N/A,,$257.50 ,$257.50 ,$515.00 ,$515.00 ,
6140023,DEVONSHIRE COURT,TOASewer,RES,PUBLIC,PUBLIC,27-Apr-20,N/A,38,$4.53 ,$172.14 ,$180.00 ,$180.00 ,$257.50 ,$437.50 ,$437.50 ,
6140024,DEVONSHIRE COURT,TOASewer,RES,PUBLIC,PUBLIC,14-May-13,N/A,54,$4.53 ,$244.62 ,$244.62 ,$244.62 ,$257.50 ,$502.12 ,$502.12 ,
6140027,DEVONSHIRE COURT,TOASewer,RES,PUBLIC,PUBLIC,5-Jun-03,N/A,138,$4.53 ,$625.14 ,$625.14 ,$625.14 ,$257.50 ,$882.64 ,$882.64 ,
6140028,DEVONSHIRE COURT,TOASewer,RES,PUBLIC,PUBLIC,29-May-15,N/A,42,$4.53 ,$190.26 ,$190.26 ,$190.26 ,$257.50 ,$447.76 ,$447.76 ,
6140030,DEVONSHIRE COURT,TOASewer,RES,PUBLIC,PUBLIC,13-Jul-06,N/A,56,$4.53 ,$253.68 ,$253.68 ,$253.68 ,$257.50 ,$511.18 ,$511.18 ,
2120004,DOGWOOD ROAD,TOASewer,RES,WELL,PRIVATE,N/A,N/A,N/A,N/A,N/A,,$257.50 ,$257.50 ,$515.00 ,$515.00 ,
2130001,DOVE CIRCLE,TOASewer,RES,PUBLIC,PUBLIC,14-Nov-03,N/A,36,$4.53 ,$163.08 ,$180.00 ,$180.00 ,$257.50 ,$437.50 ,$437.50 ,
2130002,DOVE CIRCLE,TOASewer,RES,PUBLIC,PUBLIC,28-Jun-17,N/A,40,$4.53 ,$181.20 ,$181.20 ,$181.20 ,$257.50 ,$438.70 ,$438.70 ,
2130003,DOVE CIRCLE,TOASewer,RES,PUBLIC,PUBLIC,2-Aug-85,N/A,0,$4.53 , $-   ,$180.00 ,$180.00 ,$257.50 ,$437.50 ,$437.50 ,
2130004,DOVE CIRCLE,TOASewer,RES,PUBLIC,PUBLIC,11-May-21,Y,N/A,N/A,N/A,,$257.50 ,$257.50 ,$515.00 ,$515.00 ,
2130005,DOVE CIRCLE,TOASewer,RES,PUBLIC,PUBLIC,26-Dec-00,N/A,0,$4.53 , $-   ,$180.00 ,$180.00 ,$257.50 ,$437.50 ,$437.50 ,
2130006,DOVE CIRCLE,TOASewer,RES,PUBLIC,PUBLIC,7-Aug-78,N/A,14,$4.53 ,$63.42 ,$180.00 ,$180.00 ,$257.50 ,$437.50 ,$437.50 ,
2130007,DOVE CIRCLE,TOASewer,RES,PUBLIC,PUBLIC,13-May-02,N/A,18,$4.53 ,$81.54 ,$180.00 ,$180.00 ,$257.50 ,$437.50 ,$437.50 ,
2130008,DOVE CIRCLE,TOASewer,RES,PUBLIC,PUBLIC,16-Aug-17,N/A,70,$4.53 ,$317.10 ,$317.10 ,$317.10 ,$257.50 ,$574.60 ,$574.60 ,
2130009,DOVE CIRCLE,TOASewer,RES,PUBLIC,PUBLIC,6-Aug-85,N/A,2,$4.53 ,$9.06 ,$180.00 ,$180.00 ,$257.50 ,$437.50 ,$437.50 ,
2130010,DOVE CIRCLE,TOASewer,RES,PUBLIC,PUBLIC,24-Sep-19,N/A,44,$4.53 ,$199.32 ,$199.32 ,$199.32 ,$257.50 ,$456.82 ,$456.82 ,
5860001,EAGLES GLEN,TOASewer,RES,PUBLIC,PUBLIC,8-Sep-08,N/A,44,$4.53 ,$199.32 ,$199.32 ,$199.32 ,$257.50 ,$456.82 ,$456.82 ,
5860002,EAGLES GLEN,TOASewer,RES,PUBLIC,PUBLIC,7-Mar-19,N/A,6,$4.53 ,$27.18 ,$180.00 ,$180.00 ,$257.50 ,$437.50 ,$437.50 ,
5860003,EAGLES GLEN,TOASewer,RES,PUBLIC,PUBLIC,17-Apr-18,N/A,16,$4.53 ,$72.48 ,$180.00 ,$180.00 ,$257.50 ,$437.50 ,$437.50 ,
5860004,EAGLES GLEN,TOASewer,RES,PUBLIC,PUBLIC,19-Jun-19,N/A,40,$4.53 ,$181.20 ,$181.20 ,$181.20 ,$257.50 ,$438.70 ,$438.70 ,
5860005,EAGLES GLEN,TOASewer,RES,PUBLIC,PUBLIC,11-Sep-15,N/A,98,$4.53 ,$443.94 ,$443.94 ,$443.94 ,$257.50 ,$701.44 ,$701.44 ,
5860006,EAGLES GLEN,TOASewer,RES,PUBLIC,PUBLIC,14-Sep-00,N/A,18,$4.53 ,$81.54 ,$180.00 ,$180.00 ,$257.50 ,$437.50 ,$437.50 ,
5220001,EASTON PLACE,TOASewer,RES,PUBLIC,PUBLIC,10-Dec-98,N/A,36,$4.53 ,$163.08 ,$180.00 ,$180.00 ,$257.50 ,$437.50 ,$437.50 ,
5220002,EASTON PLACE,TOASewer,RES,PUBLIC,PUBLIC,17-Jun-99,N/A,14,$4.53 ,$63.42 ,$180.00 ,$180.00 ,$257.50 ,$437.50 ,$437.50 ,
5220003,EASTON PLACE,TOASewer,RES,PUBLIC,PUBLIC,28-Sep-21,Y,N/A,N/A,N/A,,$257.50 ,$257.50 ,$515.00 ,$515.00 ,
5220004,EASTON PLACE,TOASewer,RES,PUBLIC,PUBLIC,24-Feb-20,N/A,58,$4.53 ,$262.74 ,$262.74 ,$262.74 ,$257.50 ,$520.24 ,$520.24 ,
2160001,ECHO LANE,TOASewer,RES,PUBLIC,PUBLIC,20-Dec-19,N/A,22,$4.53 ,$99.66 ,$180.00 ,$180.00 ,$257.50 ,$437.50 ,$437.50 ,
2160002,ECHO LANE,TOASewer,RES,PUBLIC,PUBLIC,9-Oct-20,N/A,24,$4.53 ,$108.72 ,$180.00 ,$180.00 ,$257.50 ,$437.50 ,$437.50 ,
2160003,ECHO LANE,TOASewer,RES,PUBLIC,PUBLIC,14-Aug-01,N/A,0,$4.53 , $-   ,$180.00 ,$180.00 ,$257.50 ,$437.50 ,$437.50 ,
2160004,ECHO LANE,TOASewer,RES,PUBLIC,PUBLIC,30-Jul-21,Y,N/A,N/A,N/A,,$257.50 ,$257.50 ,$515.00 ,$515.00 ,
2160005,ECHO LANE,TOASewer,RES,PUBLIC,PUBLIC,29-May-13,N/A,40,$4.53 ,$181.20 ,$181.20 ,$181.20 ,$257.50 ,$438.70 ,$438.70 ,
2170010,EDDY STREET,TOASewer,RES,PUBLIC,PUBLIC,14-Feb-89,N/A,40,$4.53 ,$181.20 ,$181.20 ,$181.20 ,$257.50 ,$438.70 ,$438.70 ,
2170014,EDDY STREET,TOASewer,RES,PUBLIC,PUBLIC,12-Sep-02,N/A,54,$4.53 ,$244.62 ,$244.62 ,$244.62 ,$257.50 ,$502.12 ,$502.12 ,
2170018,EDDY STREET,TOASewer,RES,PUBLIC,PUBLIC,20-Nov-98,N/A,34,$4.53 ,$154.02 ,$180.00 ,$180.00 ,$257.50 ,$437.50 ,$437.50 ,
2170024,EDDY STREET,TOASewer,RES,PUBLIC,PUBLIC,11-Aug-15,N/A,32,$4.53 ,$144.96 ,$180.00 ,$180.00 ,$257.50 ,$437.50 ,$437.50 ,
2170028,EDDY STREET,TOASewer,RES,PUBLIC,PUBLIC,18-Nov-14,N/A,30,$4.53 ,$135.90 ,$180.00 ,$180.00 ,$257.50 ,$437.50 ,$437.50 ,
2170038,EDDY STREET,TOASewer,RES,PUBLIC,PUBLIC,3-Jun-03,N/A,20,$4.53 ,$90.60 ,$180.00 ,$180.00 ,$257.50 ,$437.50 ,$437.50 ,
2170054,EDDY STREET,TOASewer,RES,PUBLIC,PUBLIC,28-Apr-14,N/A,34,$4.53 ,$154.02 ,$180.00 ,$180.00 ,$257.50 ,$437.50 ,$437.50 ,
2170060,EDDY STREET,TOASewer,RES,PUBLIC,PUBLIC,8-Nov-04,N/A,106,$4.53 ,$480.18 ,$480.18 ,$480.18 ,$257.50 ,$737.68 ,$737.68 ,
2170066,EDDY STREET,TOASewer,RES,PUBLIC,PUBLIC,21-Apr-05,N/A,74,$4.53 ,$335.22 ,$335.22 ,$335.22 ,$257.50 ,$592.72 ,$592.72 ,
2180001,EDGEWOOD,TOASewer,RES,PUBLIC,PUBLIC,20-Jun-94,N/A,14,$4.53 ,$63.42 ,$180.00 ,$180.00 ,$257.50 ,$437.50 ,$437.50 ,
2180002,EDGEWOOD,TOASewer,RES,PUBLIC,PUBLIC,23-Dec-16,N/A,60,$4.53 ,$271.80 ,$271.80 ,$271.80 ,$257.50 ,$529.30 ,$529.30 ,
2180003,EDGEWOOD,TOASewer,RES,PUBLIC,PUBLIC,19-Oct-20,N/A,32,$4.53 ,$144.96 ,$180.00 ,$180.00 ,$257.50 ,$437.50 ,$437.50 ,
2180004,EDGEWOOD,TOASewer,RES,PUBLIC,PUBLIC,31-Jan-17,N/A,16,$4.53 ,$72.48 ,$180.00 ,$180.00 ,$257.50 ,$437.50 ,$437.50 ,
2180005,EDGEWOOD,TOASewer,RES,PUBLIC,PUBLIC,4-Aug-21,Y,N/A,N/A,N/A,,$257.50 ,$257.50 ,$515.00 ,$515.00 ,
2180006,EDGEWOOD,TOASewer,RES,PUBLIC,PUBLIC,31-Oct-86,N/A,34,$4.53 ,$154.02 ,$180.00 ,$180.00 ,$257.50 ,$437.50 ,$437.50 ,
2180007,EDGEWOOD,TOASewer,RES,PUBLIC,PUBLIC,1-Jun-06,N/A,6,$4.53 ,$27.18 ,$180.00 ,$180.00 ,$257.50 ,$437.50 ,$437.50 ,
2180008,EDGEWOOD,TOASewer,RES,PUBLIC,PUBLIC,2-Oct-85,N/A,44,$4.53 ,$199.32 ,$199.32 ,$199.32 ,$257.50 ,$456.82 ,$456.82 ,
2180009,EDGEWOOD,TOASewer,RES,PUBLIC,PUBLIC,27-Mar-07,N/A,60,$4.53 ,$271.80 ,$271.80 ,$271.80 ,$257.50 ,$529.30 ,$529.30 ,
2180010,EDGEWOOD,TOASewer,RES,PUBLIC,PUBLIC,6-May-20,N/A,16,$4.53 ,$72.48 ,$180.00 ,$180.00 ,$257.50 ,$437.50 ,$437.50 ,
2180011,EDGEWOOD,TOASewer,RES,PUBLIC,PUBLIC,9-May-14,N/A,36,$4.53 ,$163.08 ,$180.00 ,$180.00 ,$257.50 ,$437.50 ,$437.50 ,
2180012,EDGEWOOD,TOASewer,RES,PUBLIC,PUBLIC,15-Sep-09,N/A,70,$4.53 ,$317.10 ,$317.10 ,$317.10 ,$257.50 ,$574.60 ,$574.60 ,
2180013,EDGEWOOD,TOASewer,RES,PUBLIC,PUBLIC,7-Mar-13,N/A,18,$4.53 ,$81.54 ,$180.00 ,$180.00 ,$257.50 ,$437.50 ,$437.50 ,
2190045,EDWARDS ROAD,TOASewer,RES,WELL,PRIVATE,N/A,N/A,N/A,N/A,N/A,,$257.50 ,$257.50 ,$515.00 ,$515.00 ,
6240002,ELLSWORTH PLACE,TOASewer,RES,PUBLIC,PUBLIC,2-May-17,N/A,70,$4.53 ,$317.10 ,$317.10 ,$317.10 ,$257.50 ,$574.60 ,$574.60 ,
6240003,ELLSWORTH PLACE,TOASewer,RES,PUBLIC,PUBLIC,6-Apr-17,N/A,58,$4.53 ,$262.74 ,$262.74 ,$262.74 ,$257.50 ,$520.24 ,$520.24 ,
6240004,ELLSWORTH PLACE,TOASewer,RES,PUBLIC,PUBLIC,8-Apr-05,N/A,86,$4.53 ,$389.58 ,$389.58 ,$389.58 ,$257.50 ,$647.08 ,$647.08 ,
6240005,ELLSWORTH PLACE,TOASewer,RES,PUBLIC,PUBLIC,5-Apr-05,N/A,68,$4.53 ,$308.04 ,$308.04 ,$308.04 ,$257.50 ,$565.54 ,$565.54 ,
6240006,ELLSWORTH PLACE,TOASewer,RES,PUBLIC,PUBLIC,18-Jul-06,N/A,52,$4.53 ,$235.56 ,$235.56 ,$235.56 ,$257.50 ,$493.06 ,$493.06 ,
6240007,ELLSWORTH PLACE,TOASewer,RES,PUBLIC,PUBLIC,30-Jun-05,N/A,40,$4.53 ,$181.20 ,$181.20 ,$181.20 ,$257.50 ,$438.70 ,$438.70 ,
6240008,ELLSWORTH PLACE,TOASewer,RES,PUBLIC,PUBLIC,1-Sep-16,N/A,52,$4.53 ,$235.56 ,$235.56 ,$235.56 ,$257.50 ,$493.06 ,$493.06 ,
2200025,ENFORD STREET,TOASewer,RES,PUBLIC,PUBLIC,19-Dec-16,N/A,0,$4.53 , $-   ,$180.00 ,$180.00 ,$257.50 ,$437.50 ,$437.50 ,
2200027,ENFORD STREET,TOASewer,RES,PUBLIC,PUBLIC,13-Sep-89,N/A,4,$4.53 ,$18.12 ,$180.00 ,$180.00 ,$257.50 ,$437.50 ,$437.50 ,
2200029,ENFORD STREET,TOASewer,RES,PUBLIC,PUBLIC,31-Dec-01,N/A,16,$4.53 ,$72.48 ,$180.00 ,$180.00 ,$257.50 ,$437.50 ,$437.50 ,
2200031,ENFORD STREET,TOASewer,RES,PUBLIC,PUBLIC,17-Aug-05,N/A,0,$4.53 , $-   ,$180.00 ,$180.00 ,$257.50 ,$437.50 ,$437.50 ,
5230001,ESSEX COURT,TOASewer,RES,PUBLIC,PUBLIC,17-Jun-19,N/A,52,$4.53 ,$235.56 ,$235.56 ,$235.56 ,$257.50 ,$493.06 ,$493.06 ,
5230002,ESSEX COURT,TOASewer,RES,PUBLIC,PUBLIC,4-Dec-02,N/A,28,$4.53 ,$126.84 ,$180.00 ,$180.00 ,$257.50 ,$437.50 ,$437.50 ,
5230004,ESSEX COURT,TOASewer,RES,PUBLIC,PUBLIC,20-May-14,N/A,30,$4.53 ,$135.90 ,$180.00 ,$180.00 ,$257.50 ,$437.50 ,$437.50 ,
5230005,ESSEX COURT,TOASewer,RES,PUBLIC,PUBLIC,2-Oct-13,N/A,20,$4.53 ,$90.60 ,$180.00 ,$180.00 ,$257.50 ,$437.50 ,$437.50 ,
5230006,ESSEX COURT,TOASewer,RES,PUBLIC,PUBLIC,28-Dec-20,N/A,8,$4.53 ,$36.24 ,$180.00 ,$180.00 ,$257.50 ,$437.50 ,$437.50 ,
5230007,ESSEX COURT,TOASewer,RES,PUBLIC,PUBLIC,10-Nov-10,N/A,46,$4.53 ,$208.38 ,$208.38 ,$208.38 ,$257.50 ,$465.88 ,$465.88 ,
5230008,ESSEX COURT,TOASewer,RES,PUBLIC,PUBLIC,19-Nov-18,N/A,2,$4.53 ,$9.06 ,$180.00 ,$180.00 ,$257.50 ,$437.50 ,$437.50 ,
5230009,ESSEX COURT,TOASewer,RES,PUBLIC,PUBLIC,23-Dec-03,N/A,18,$4.53 ,$81.54 ,$180.00 ,$180.00 ,$257.50 ,$437.50 ,$437.50 ,
5230010,ESSEX COURT,TOASewer,RES,PUBLIC,PUBLIC,8-Jul-98,N/A,20,$4.53 ,$90.60 ,$180.00 ,$180.00 ,$257.50 ,$437.50 ,$437.50 ,
5230011,ESSEX COURT,TOASewer,RES,PUBLIC,PUBLIC,13-Oct-06,N/A,26,$4.53 ,$117.78 ,$180.00 ,$180.00 ,$257.50 ,$437.50 ,$437.50 ,
5230012,ESSEX COURT,TOASewer,RES,PUBLIC,PUBLIC,20-Oct-20,N/A,16,$4.53 ,$72.48 ,$180.00 ,$180.00 ,$257.50 ,$437.50 ,$437.50 ,
5230013,ESSEX COURT,TOASewer,RES,PUBLIC,PUBLIC,11-Feb-20,N/A,30,$4.53 ,$135.90 ,$180.00 ,$180.00 ,$257.50 ,$437.50 ,$437.50 ,
5230014,ESSEX COURT,TOASewer,RES,PUBLIC,PUBLIC,27-May-10,N/A,22,$4.53 ,$99.66 ,$180.00 ,$180.00 ,$257.50 ,$437.50 ,$437.50 ,
2220010,EVERGREEN ROAD,TOASewer,RES,WELL,PRIVATE,N/A,N/A,N/A,N/A,N/A,,$257.50 ,$257.50 ,$515.00 ,$515.00 ,
2220020,EVERGREEN ROAD,TOASewer,RES,PUBLIC,PUBLIC,25-Oct-06,N/A,36,$4.53 ,$163.08 ,$180.00 ,$180.00 ,$257.50 ,$437.50 ,$437.50 ,
2220025,EVERGREEN ROAD,TOASewer,RES,PUBLIC,PUBLIC,18-Sep-17,N/A,66,$4.53 ,$298.98 ,$298.98 ,$298.98 ,$257.50 ,$556.48 ,$556.48 ,
2220027,EVERGREEN ROAD,TOASewer,RES,PUBLIC,PUBLIC,4-Sep-07,N/A,4,$4.53 ,$18.12 ,$180.00 ,$180.00 ,$257.50 ,$437.50 ,$437.50 ,
2220028,EVERGREEN ROAD,TOASewer,RES,PUBLIC,PUBLIC,29-Jan-93,N/A,20,$4.53 ,$90.60 ,$180.00 ,$180.00 ,$257.50 ,$437.50 ,$437.50 ,
2220033,EVERGREEN ROAD,TOASewer,RES,PUBLIC,PUBLIC,12-Dec-11,N/A,18,$4.53 ,$81.54 ,$180.00 ,$180.00 ,$257.50 ,$437.50 ,$437.50 ,
5040005,FAR HILLS DRIVE,TOASewer,RES,WELL,PRIVATE,N/A,N/A,N/A,N/A,N/A,,$257.50 ,$257.50 ,$515.00 ,$515.00 ,
5040006,FAR HILLS DRIVE,TOASewer,RES,WELL,PRIVATE,N/A,N/A,N/A,N/A,N/A,,$257.50 ,$257.50 ,$515.00 ,$515.00 ,
5040018,FAR HILLS DRIVE,TOASewer,RES,WELL,PRIVATE,N/A,N/A,N/A,N/A,N/A,,$257.50 ,$257.50 ,$515.00 ,$515.00 ,
5040023,FAR HILLS DRIVE,TOASewer,RES,WELL,PRIVATE,N/A,N/A,N/A,N/A,N/A,,$257.50 ,$257.50 ,$515.00 ,$515.00 ,
5040026,FAR HILLS DRIVE,TOASewer,RES,WELL,PRIVATE,N/A,N/A,N/A,N/A,N/A,,$257.50 ,$257.50 ,$515.00 ,$515.00 ,
5040029,FAR HILLS DRIVE,TOASewer,RES,WELL,PRIVATE,N/A,N/A,N/A,N/A,N/A,,$257.50 ,$257.50 ,$515.00 ,$515.00 ,
5040034,FAR HILLS DRIVE,TOASewer,RES,WELL,PRIVATE,N/A,N/A,N/A,N/A,N/A,,$257.50 ,$257.50 ,$515.00 ,$515.00 ,
5040035,FAR HILLS DRIVE,TOASewer,RES,WELL,PRIVATE,N/A,N/A,N/A,N/A,N/A,,$257.50 ,$257.50 ,$515.00 ,$515.00 ,
5040042,FAR HILLS DRIVE,TOASewer,RES,WELL,PRIVATE,N/A,N/A,N/A,N/A,N/A,,$257.50 ,$257.50 ,$515.00 ,$515.00 ,
5040043,FAR HILLS DRIVE,TOASewer,RES,WELL,PRIVATE,N/A,N/A,N/A,N/A,N/A,,$257.50 ,$257.50 ,$515.00 ,$515.00 ,
5040050,FAR HILLS DRIVE,TOASewer,RES,WELL,PRIVATE,N/A,N/A,N/A,N/A,N/A,,$257.50 ,$257.50 ,$515.00 ,$515.00 ,
5040051,FAR HILLS DRIVE,TOASewer,RES,WELL,PRIVATE,N/A,N/A,N/A,N/A,N/A,,$257.50 ,$257.50 ,$515.00 ,$515.00 ,
5040056,FAR HILLS DRIVE,TOASewer,RES,WELL,PRIVATE,N/A,N/A,N/A,N/A,N/A,,$257.50 ,$257.50 ,$515.00 ,$515.00 ,
5040057,FAR HILLS DRIVE,TOASewer,RES,WELL,PRIVATE,N/A,N/A,N/A,N/A,N/A,,$257.50 ,$257.50 ,$515.00 ,$515.00 ,
5040064,FAR HILLS DRIVE,TOASewer,RES,WELL,PRIVATE,N/A,N/A,N/A,N/A,N/A,,$257.50 ,$257.50 ,$515.00 ,$515.00 ,
5040065,FAR HILLS DRIVE,TOASewer,RES,WELL,PRIVATE,N/A,N/A,N/A,N/A,N/A,,$257.50 ,$257.50 ,$515.00 ,$515.00 ,
5040070,FAR HILLS DRIVE,TOASewer,RES,WELL,PRIVATE,N/A,N/A,N/A,N/A,N/A,,$257.50 ,$257.50 ,$515.00 ,$515.00 ,
5040071,FAR HILLS DRIVE,TOASewer,RES,WELL,PRIVATE,N/A,N/A,N/A,N/A,N/A,,$257.50 ,$257.50 ,$515.00 ,$515.00 ,
5040076,FAR HILLS DRIVE,TOASewer,RES,WELL,PRIVATE,N/A,N/A,N/A,N/A,N/A,,$257.50 ,$257.50 ,$515.00 ,$515.00 ,
5040077,FAR HILLS DRIVE,TOASewer,RES,WELL,PRIVATE,N/A,N/A,N/A,N/A,N/A,,$257.50 ,$257.50 ,$515.00 ,$515.00 ,
2240001,FARMSTEAD LANE,TOASewer,RES,PUBLIC,PUBLIC,25-Oct-19,N/A,36,$4.53 ,$163.08 ,$180.00 ,$180.00 ,$257.50 ,$437.50 ,$437.50 ,
2240002,FARMSTEAD LANE,TOASewer,RES,PUBLIC,PUBLIC,13-Feb-02,N/A,24,$4.53 ,$108.72 ,$180.00 ,$180.00 ,$257.50 ,$437.50 ,$437.50 ,
2240003,FARMSTEAD LANE,TOASewer,RES,PUBLIC,PUBLIC,28-Jul-14,N/A,0,$4.53 , $-   ,$180.00 ,$180.00 ,$257.50 ,$437.50 ,$437.50 ,
2240004,FARMSTEAD LANE,TOASewer,RES,PUBLIC,PUBLIC,12-Feb-16,N/A,70,$4.53 ,$317.10 ,$317.10 ,$317.10 ,$257.50 ,$574.60 ,$574.60 ,
2240005,FARMSTEAD LANE,TOASewer,RES,PUBLIC,PUBLIC,29-Dec-17,N/A,12,$4.53 ,$54.36 ,$180.00 ,$180.00 ,$257.50 ,$437.50 ,$437.50 ,
6230005,FENWICK DRIVE,TOASewer,RES,PUBLIC,PUBLIC,16-May-17,N/A,86,$4.53 ,$389.58 ,$389.58 ,$389.58 ,$257.50 ,$647.08 ,$647.08 ,
6230007,FENWICK DRIVE,TOASewer,RES,PUBLIC,PUBLIC,18-Jul-11,N/A,38,$4.53 ,$172.14 ,$180.00 ,$180.00 ,$257.50 ,$437.50 ,$437.50 ,
6230009,FENWICK DRIVE,TOASewer,RES,PUBLIC,PUBLIC,30-Oct-13,N/A,40,$4.53 ,$181.20 ,$181.20 ,$181.20 ,$257.50 ,$438.70 ,$438.70 ,
6230011,FENWICK DRIVE,TOASewer,RES,PUBLIC,PUBLIC,3-Apr-20,N/A,86,$4.53 ,$389.58 ,$389.58 ,$389.58 ,$257.50 ,$647.08 ,$647.08 ,
6230014,FENWICK DRIVE,TOASewer,RES,PUBLIC,PUBLIC,27-Jun-05,N/A,106,$4.53 ,$480.18 ,$480.18 ,$480.18 ,$257.50 ,$737.68 ,$737.68 ,
6230015,FENWICK DRIVE,TOASewer,RES,PUBLIC,PUBLIC,11-Sep-18,N/A,74,$4.53 ,$335.22 ,$335.22 ,$335.22 ,$257.50 ,$592.72 ,$592.72 ,
6230016,FENWICK DRIVE,TOASewer,RES,PUBLIC,PUBLIC,1-Jun-10,N/A,124,$4.53 ,$561.72 ,$561.72 ,$561.72 ,$257.50 ,$819.22 ,$819.22 ,
6230017,FENWICK DRIVE,TOASewer,RES,PUBLIC,PUBLIC,2-Nov-12,N/A,98,$4.53 ,$443.94 ,$443.94 ,$443.94 ,$257.50 ,$701.44 ,$701.44 ,
6230018,FENWICK DRIVE,TOASewer,RES,PUBLIC,PUBLIC,5-Aug-19,N/A,112,$4.53 ,$507.36 ,$507.36 ,$507.36 ,$257.50 ,$764.86 ,$764.86 ,
6230023,FENWICK DRIVE,TOASewer,RES,PUBLIC,PUBLIC,14-Jul-05,N/A,38,$4.53 ,$172.14 ,$180.00 ,$180.00 ,$257.50 ,$437.50 ,$437.50 ,
6230025,FENWICK DRIVE,TOASewer,RES,PUBLIC,PUBLIC,3-Nov-05,N/A,36,$4.53 ,$163.08 ,$180.00 ,$180.00 ,$257.50 ,$437.50 ,$437.50 ,
6230027,FENWICK DRIVE,TOASewer,RES,PUBLIC,PUBLIC,19-Jun-15,N/A,88,$4.53 ,$398.64 ,$398.64 ,$398.64 ,$257.50 ,$656.14 ,$656.14 ,
6230028,FENWICK DRIVE,TOASewer,RES,PUBLIC,PUBLIC,20-Apr-07,N/A,44,$4.53 ,$199.32 ,$199.32 ,$199.32 ,$257.50 ,$456.82 ,$456.82 ,
6230029,FENWICK DRIVE,TOASewer,RES,PUBLIC,PUBLIC,26-Apr-16,N/A,52,$4.53 ,$235.56 ,$235.56 ,$235.56 ,$257.50 ,$493.06 ,$493.06 ,
6230030,FENWICK DRIVE,TOASewer,RES,PUBLIC,PUBLIC,6-Jul-16,N/A,64,$4.53 ,$289.92 ,$289.92 ,$289.92 ,$257.50 ,$547.42 ,$547.42 ,
2250007,FERNWOOD ROAD,TOASewer,RES,PUBLIC,PUBLIC,30-Nov-06,N/A,54,$4.53 ,$244.62 ,$244.62 ,$244.62 ,$257.50 ,$502.12 ,$502.12 ,
2250008,FERNWOOD ROAD,TOASewer,RES,PUBLIC,PUBLIC,13-Dec-77,N/A,24,$4.53 ,$108.72 ,$180.00 ,$180.00 ,$257.50 ,$437.50 ,$437.50 ,
2250011,FERNWOOD ROAD,TOASewer,RES,PUBLIC,PUBLIC,28-Mar-14,N/A,18,$4.53 ,$81.54 ,$180.00 ,$180.00 ,$257.50 ,$437.50 ,$437.50 ,
2250012,FERNWOOD ROAD,TOASewer,RES,PUBLIC,PUBLIC,1-Jan-01,N/A,36,$4.53 ,$163.08 ,$180.00 ,$180.00 ,$257.50 ,$437.50 ,$437.50 ,
2250015,FERNWOOD ROAD,TOASewer,RES,PUBLIC,PUBLIC,6-May-69,N/A,28,$4.53 ,$126.84 ,$180.00 ,$180.00 ,$257.50 ,$437.50 ,$437.50 ,
2250020,FERNWOOD ROAD,TOASewer,RES,WELL,PRIVATE,N/A,N/A,N/A,N/A,N/A,,$257.50 ,$257.50 ,$515.00 ,$515.00 ,
2250021,FERNWOOD ROAD,TOASewer,RES,PUBLIC,PUBLIC,29-Dec-75,N/A,38,$4.53 ,$172.14 ,$180.00 ,$180.00 ,$257.50 ,$437.50 ,$437.50 ,
2250024,FERNWOOD ROAD,TOASewer,RES,PUBLIC,PUBLIC,25-May-18,N/A,34,$4.53 ,$154.02 ,$180.00 ,$180.00 ,$257.50 ,$437.50 ,$437.50 ,
2250025,FERNWOOD ROAD,TOASewer,RES,PUBLIC,PUBLIC,26-Jul-21,Y,N/A,N/A,N/A,,$257.50 ,$257.50 ,$515.00 ,$515.00 ,
2250033,FERNWOOD ROAD,TOASewer,RES,PUBLIC,PUBLIC,11-Sep-17,N/A,22,$4.53 ,$99.66 ,$180.00 ,$180.00 ,$257.50 ,$437.50 ,$437.50 ,
2250040,FERNWOOD ROAD,TOASewer,RES,WELL,PRIVATE,N/A,N/A,N/A,N/A,N/A,,$257.50 ,$257.50 ,$515.00 ,$515.00 ,
2260001,FIELDSTONE LANE,TOASewer,RES,PUBLIC,PUBLIC,9-Sep-16,N/A,8,$4.53 ,$36.24 ,$180.00 ,$180.00 ,$257.50 ,$437.50 ,$437.50 ,
2260002,FIELDSTONE LANE,TOASewer,RES,PUBLIC,PUBLIC,1-Apr-21,Y,N/A,N/A,N/A,,$257.50 ,$257.50 ,$515.00 ,$515.00 ,
2260003,FIELDSTONE LANE,TOASewer,RES,PUBLIC,PUBLIC,19-Nov-99,N/A,58,$4.53 ,$262.74 ,$262.74 ,$262.74 ,$257.50 ,$520.24 ,$520.24 ,
2260004,FIELDSTONE LANE,TOASewer,RES,PUBLIC,PUBLIC,30-Aug-18,N/A,10,$4.53 ,$45.30 ,$180.00 ,$180.00 ,$257.50 ,$437.50 ,$437.50 ,
2260005,FIELDSTONE LANE,TOASewer,RES,PUBLIC,PUBLIC,16-Jan-85,N/A,36,$4.53 ,$163.08 ,$180.00 ,$180.00 ,$257.50 ,$437.50 ,$437.50 ,
2260006,FIELDSTONE LANE,TOASewer,RES,PUBLIC,PUBLIC,29-Apr-19,N/A,60,$4.53 ,$271.80 ,$271.80 ,$271.80 ,$257.50 ,$529.30 ,$529.30 ,
2260007,FIELDSTONE LANE,TOASewer,RES,PUBLIC,PUBLIC,2-Oct-13,N/A,20,$4.53 ,$90.60 ,$180.00 ,$180.00 ,$257.50 ,$437.50 ,$437.50 ,
2260008,FIELDSTONE LANE,TOASewer,RES,PUBLIC,PUBLIC,29-Aug-02,N/A,34,$4.53 ,$154.02 ,$180.00 ,$180.00 ,$257.50 ,$437.50 ,$437.50 ,
2260009,FIELDSTONE LANE,TOASewer,RES,PUBLIC,PUBLIC,14-Dec-89,N/A,36,$4.53 ,$163.08 ,$180.00 ,$180.00 ,$257.50 ,$437.50 ,$437.50 ,
2260010,FIELDSTONE LANE,TOASewer,RES,PUBLIC,PUBLIC,29-Jul-14,N/A,44,$4.53 ,$199.32 ,$199.32 ,$199.32 ,$257.50 ,$456.82 ,$456.82 ,
2270001,FINCH RUN,TOASewer,RES,PUBLIC,PUBLIC,29-Jun-18,N/A,20,$4.53 ,$90.60 ,$180.00 ,$180.00 ,$257.50 ,$437.50 ,$437.50 ,
2270002,FINCH RUN,TOASewer,RES,PUBLIC,PUBLIC,8-Sep-00,N/A,20,$4.53 ,$90.60 ,$180.00 ,$180.00 ,$257.50 ,$437.50 ,$437.50 ,
2270003,FINCH RUN,TOASewer,RES,PUBLIC,PUBLIC,27-Sep-21,Y,N/A,N/A,N/A,,$257.50 ,$257.50 ,$515.00 ,$515.00 ,
2270004,FINCH RUN,TOASewer,RES,PUBLIC,PUBLIC,7-Mar-12,N/A,16,$4.53 ,$72.48 ,$180.00 ,$180.00 ,$257.50 ,$437.50 ,$437.50 ,
2270005,FINCH RUN,TOASewer,RES,PUBLIC,PUBLIC,22-Dec-20,N/A,26,$4.53 ,$117.78 ,$180.00 ,$180.00 ,$257.50 ,$437.50 ,$437.50 ,
2270006,FINCH RUN,TOASewer,RES,PUBLIC,PUBLIC,21-Feb-20,N/A,16,$4.53 ,$72.48 ,$180.00 ,$180.00 ,$257.50 ,$437.50 ,$437.50 ,
2270007,FINCH RUN,TOASewer,RES,PUBLIC,PUBLIC,3-Dec-19,N/A,72,$4.53 ,$326.16 ,$326.16 ,$326.16 ,$257.50 ,$583.66 ,$583.66 ,
2270008,FINCH RUN,TOASewer,RES,PUBLIC,PUBLIC,4-May-01,N/A,26,$4.53 ,$117.78 ,$180.00 ,$180.00 ,$257.50 ,$437.50 ,$437.50 ,
2270009,FINCH RUN,TOASewer,RES,PUBLIC,PUBLIC,10-Sep-85,N/A,0,$4.53 , $-   ,$180.00 ,$180.00 ,$257.50 ,$437.50 ,$437.50 ,
2270010,FINCH RUN,TOASewer,RES,PUBLIC,PUBLIC,10-Jun-04,N/A,36,$4.53 ,$163.08 ,$180.00 ,$180.00 ,$257.50 ,$437.50 ,$437.50 ,
2270011,FINCH RUN,TOASewer,RES,PUBLIC,PUBLIC,4-May-04,N/A,2,$4.53 ,$9.06 ,$180.00 ,$180.00 ,$257.50 ,$437.50 ,$437.50 ,
2270012,FINCH RUN,TOASewer,RES,PUBLIC,PUBLIC,24-Nov-97,N/A,36,$4.53 ,$163.08 ,$180.00 ,$180.00 ,$257.50 ,$437.50 ,$437.50 ,
2270013,FINCH RUN,TOASewer,RES,PUBLIC,PUBLIC,6-Oct-16,N/A,18,$4.53 ,$81.54 ,$180.00 ,$180.00 ,$257.50 ,$437.50 ,$437.50 ,
2270014,FINCH RUN,TOASewer,RES,PUBLIC,PUBLIC,23-Apr-20,N/A,38,$4.53 ,$172.14 ,$180.00 ,$180.00 ,$257.50 ,$437.50 ,$437.50 ,
2270015,FINCH RUN,TOASewer,RES,PUBLIC,PUBLIC,1-Mar-96,N/A,0,$4.53 , $-   ,$180.00 ,$180.00 ,$257.50 ,$437.50 ,$437.50 ,
2290028,FOOTHILLS DRIVE,TOASewer,RES,WELL,PRIVATE,N/A,N/A,N/A,N/A,N/A,,$257.50 ,$257.50 ,$515.00 ,$515.00 ,
2290035,FOOTHILLS DRIVE,TOASewer,RES,WELL,PRIVATE,N/A,N/A,N/A,N/A,N/A,,$257.50 ,$257.50 ,$515.00 ,$515.00 ,
2290043,FOOTHILLS DRIVE,TOASewer,RES,WELL,PRIVATE,N/A,N/A,N/A,N/A,N/A,,$257.50 ,$257.50 ,$515.00 ,$515.00 ,
6080003,FORDHAM WAY,TOASewer,RES,PUBLIC,PUBLIC,28-May-21,Y,N/A,N/A,N/A,,$257.50 ,$257.50 ,$515.00 ,$515.00 ,
6080007,FORDHAM WAY,TOASewer,RES,PUBLIC,PUBLIC,23-Jun-21,Y,N/A,N/A,N/A,,$257.50 ,$257.50 ,$515.00 ,$515.00 ,
6080011,FORDHAM WAY,TOASewer,RES,PUBLIC,PUBLIC,20-Aug-18,N/A,62,$4.53 ,$280.86 ,$280.86 ,$280.86 ,$257.50 ,$538.36 ,$538.36 ,
6080015,FORDHAM WAY,TOASewer,RES,PUBLIC,PUBLIC,31-Oct-03,N/A,104,$4.53 ,$471.12 ,$471.12 ,$471.12 ,$257.50 ,$728.62 ,$728.62 ,
6080019,FORDHAM WAY,TOASewer,RES,PUBLIC,PUBLIC,15-Jun-09,N/A,62,$4.53 ,$280.86 ,$280.86 ,$280.86 ,$257.50 ,$538.36 ,$538.36 ,
6080023,FORDHAM WAY,TOASewer,RES,PUBLIC,PUBLIC,24-Jan-05,N/A,100,$4.53 ,$453.00 ,$453.00 ,$453.00 ,$257.50 ,$710.50 ,$710.50 ,
6080027,FORDHAM WAY,TOASewer,RES,PUBLIC,PUBLIC,15-Jan-04,N/A,26,$4.53 ,$117.78 ,$180.00 ,$180.00 ,$257.50 ,$437.50 ,$437.50 ,
6080029,FORDHAM WAY,TOASewer,RES,PUBLIC,PUBLIC,17-Oct-19,N/A,92,$4.53 ,$416.76 ,$416.76 ,$416.76 ,$257.50 ,$674.26 ,$674.26 ,
2310018,FORGE DRIVE,TOASewer,RES,PUBLIC,PUBLIC,2-Jul-12,N/A,74,$4.53 ,$335.22 ,$335.22 ,$335.22 ,$257.50 ,$592.72 ,$592.72 ,
2310026,FORGE DRIVE,TOASewer,RES,PUBLIC,PUBLIC,8-Dec-17,N/A,60,$4.53 ,$271.80 ,$271.80 ,$271.80 ,$257.50 ,$529.30 ,$529.30 ,
2310027,FORGE DRIVE,TOASewer,RES,PUBLIC,PUBLIC,25-Feb-19,N/A,50,$4.53 ,$226.50 ,$226.50 ,$226.50 ,$257.50 ,$484.00 ,$484.00 ,
2310036,FORGE DRIVE,TOASewer,RES,PUBLIC,PUBLIC,11-May-78,N/A,14,$4.53 ,$63.42 ,$180.00 ,$180.00 ,$257.50 ,$437.50 ,$437.50 ,
2310045,FORGE DRIVE,TOASewer,RES,PUBLIC,PUBLIC,24-Jun-05,N/A,32,$4.53 ,$144.96 ,$180.00 ,$180.00 ,$257.50 ,$437.50 ,$437.50 ,
2310050,FORGE DRIVE,TOASewer,RES,PUBLIC,PUBLIC,23-Apr-02,N/A,40,$4.53 ,$181.20 ,$181.20 ,$181.20 ,$257.50 ,$438.70 ,$438.70 ,
2310055,FORGE DRIVE,TOASewer,RES,PUBLIC,PUBLIC,24-May-12,N/A,66,$4.53 ,$298.98 ,$298.98 ,$298.98 ,$257.50 ,$556.48 ,$556.48 ,
2310060,FORGE DRIVE,TOASewer,RES,PUBLIC,PUBLIC,2-Jun-14,N/A,74,$4.53 ,$335.22 ,$335.22 ,$335.22 ,$257.50 ,$592.72 ,$592.72 ,
2310065,FORGE DRIVE,TOASewer,RES,PUBLIC,PUBLIC,12-Mar-13,N/A,36,$4.53 ,$163.08 ,$180.00 ,$180.00 ,$257.50 ,$437.50 ,$437.50 ,
2310075,FORGE DRIVE,TOASewer,RES,PUBLIC,PUBLIC,18-Jul-12,N/A,66,$4.53 ,$298.98 ,$298.98 ,$298.98 ,$257.50 ,$556.48 ,$556.48 ,
2310080,FORGE DRIVE,TOASewer,RES,PUBLIC,PUBLIC,15-Dec-14,N/A,68,$4.53 ,$308.04 ,$308.04 ,$308.04 ,$257.50 ,$565.54 ,$565.54 ,
2310085,FORGE DRIVE,TOASewer,RES,PUBLIC,PUBLIC,20-Dec-21,Y,N/A,N/A,N/A,,$257.50 ,$257.50 ,$515.00 ,$515.00 ,
2310103,FORGE DRIVE,TOASewer,RES,PUBLIC,PUBLIC,5-Jul-06,N/A,84,$4.53 ,$380.52 ,$380.52 ,$380.52 ,$257.50 ,$638.02 ,$638.02 ,
2310104,FORGE DRIVE,TOASewer,RES,PUBLIC,PUBLIC,5-Aug-96,N/A,46,$4.53 ,$208.38 ,$208.38 ,$208.38 ,$257.50 ,$465.88 ,$465.88 ,
2310112,FORGE DRIVE,TOASewer,RES,PUBLIC,PUBLIC,1-Apr-85,N/A,34,$4.53 ,$154.02 ,$180.00 ,$180.00 ,$257.50 ,$437.50 ,$437.50 ,
2310115,FORGE DRIVE,TOASewer,RES,PUBLIC,PUBLIC,16-Sep-86,N/A,64,$4.53 ,$289.92 ,$289.92 ,$289.92 ,$257.50 ,$547.42 ,$547.42 ,
2310120,FORGE DRIVE,TOASewer,RES,PUBLIC,PUBLIC,23-Jun-78,N/A,48,$4.53 ,$217.44 ,$217.44 ,$217.44 ,$257.50 ,$474.94 ,$474.94 ,
2310123,FORGE DRIVE,TOASewer,RES,PUBLIC,PUBLIC,1-Aug-77,N/A,52,$4.53 ,$235.56 ,$235.56 ,$235.56 ,$257.50 ,$493.06 ,$493.06 ,
2310124,FORGE DRIVE,TOASewer,RES,PUBLIC,PUBLIC,27-Nov-02,N/A,22,$4.53 ,$99.66 ,$180.00 ,$180.00 ,$257.50 ,$437.50 ,$437.50 ,
2310128,FORGE DRIVE,TOASewer,RES,PUBLIC,PUBLIC,18-Oct-99,N/A,58,$4.53 ,$262.74 ,$262.74 ,$262.74 ,$257.50 ,$520.24 ,$520.24 ,
2310129,FORGE DRIVE,TOASewer,RES,PUBLIC,PUBLIC,12-Apr-89,N/A,82,$4.53 ,$371.46 ,$371.46 ,$371.46 ,$257.50 ,$628.96 ,$628.96 ,
2310132,FORGE DRIVE,TOASewer,RES,PUBLIC,PUBLIC,14-Jul-16,N/A,46,$4.53 ,$208.38 ,$208.38 ,$208.38 ,$257.50 ,$465.88 ,$465.88 ,
2310136,FORGE DRIVE,TOASewer,RES,PUBLIC,PUBLIC,15-Dec-14,N/A,68,$4.53 ,$308.04 ,$308.04 ,$308.04 ,$257.50 ,$565.54 ,$565.54 ,
2310138,FORGE DRIVE,TOASewer,RES,PUBLIC,PUBLIC,10-Jan-94,N/A,16,$4.53 ,$72.48 ,$180.00 ,$180.00 ,$257.50 ,$437.50 ,$437.50 ,
2310140,FORGE DRIVE,TOASewer,RES,PUBLIC,PUBLIC,12-Sep-77,N/A,28,$4.53 ,$126.84 ,$180.00 ,$180.00 ,$257.50 ,$437.50 ,$437.50 ,
2310141,FORGE DRIVE,TOASewer,RES,PUBLIC,PUBLIC,31-Jan-05,N/A,64,$4.53 ,$289.92 ,$289.92 ,$289.92 ,$257.50 ,$547.42 ,$547.42 ,
2310144,FORGE DRIVE,TOASewer,RES,PUBLIC,PUBLIC,15-May-78,N/A,36,$4.53 ,$163.08 ,$180.00 ,$180.00 ,$257.50 ,$437.50 ,$437.50 ,
2310149,FORGE DRIVE,TOASewer,RES,PUBLIC,PUBLIC,26-Sep-77,N/A,32,$4.53 ,$144.96 ,$180.00 ,$180.00 ,$257.50 ,$437.50 ,$437.50 ,
2310150,FORGE DRIVE,TOASewer,RES,PUBLIC,PUBLIC,3-Jun-02,N/A,58,$4.53 ,$262.74 ,$262.74 ,$262.74 ,$257.50 ,$520.24 ,$520.24 ,
2310155,FORGE DRIVE,TOASewer,RES,PUBLIC,PUBLIC,6-Dec-04,N/A,80,$4.53 ,$362.40 ,$362.40 ,$362.40 ,$257.50 ,$619.90 ,$619.90 ,
2310156,FORGE DRIVE,TOASewer,RES,PUBLIC,PUBLIC,15-Aug-17,N/A,74,$4.53 ,$335.22 ,$335.22 ,$335.22 ,$257.50 ,$592.72 ,$592.72 ,
2310157,FORGE DRIVE,TOASewer,RES,PUBLIC,PUBLIC,23-Mar-15,N/A,46,$4.53 ,$208.38 ,$208.38 ,$208.38 ,$257.50 ,$465.88 ,$465.88 ,
2310158,FORGE DRIVE,TOASewer,RES,PUBLIC,PUBLIC,3-May-17,N/A,64,$4.53 ,$289.92 ,$289.92 ,$289.92 ,$257.50 ,$547.42 ,$547.42 ,
5000011,FOX HOLLOW,TOASewer,RES,PUBLIC,PUBLIC,8-Apr-09,N/A,60,$4.53 ,$271.80 ,$271.80 ,$271.80 ,$257.50 ,$529.30 ,$529.30 ,
5000015,FOX HOLLOW,TOASewer,RES,PUBLIC,PUBLIC,23-Jun-04,N/A,32,$4.53 ,$144.96 ,$180.00 ,$180.00 ,$257.50 ,$437.50 ,$437.50 ,
5000016,FOX HOLLOW,TOASewer,RES,PUBLIC,PUBLIC,9-Jun-08,N/A,42,$4.53 ,$190.26 ,$190.26 ,$190.26 ,$257.50 ,$447.76 ,$447.76 ,
5000019,FOX HOLLOW,TOASewer,RES,PUBLIC,PUBLIC,19-Oct-21,Y,N/A,N/A,N/A,,$257.50 ,$257.50 ,$515.00 ,$515.00 ,
5000020,FOX HOLLOW,TOASewer,RES,PUBLIC,PUBLIC,27-May-98,N/A,48,$4.53 ,$217.44 ,$217.44 ,$217.44 ,$257.50 ,$474.94 ,$474.94 ,
5000023,FOX HOLLOW,TOASewer,RES,PUBLIC,PUBLIC,20-Dec-21,Y,N/A,N/A,N/A,,$257.50 ,$257.50 ,$515.00 ,$515.00 ,
5000026,FOX HOLLOW,TOASewer,RES,PUBLIC,PUBLIC,30-Aug-00,N/A,14,$4.53 ,$63.42 ,$180.00 ,$180.00 ,$257.50 ,$437.50 ,$437.50 ,
5000027,FOX HOLLOW,TOASewer,RES,PUBLIC,PUBLIC,10-Nov-97,N/A,40,$4.53 ,$181.20 ,$181.20 ,$181.20 ,$257.50 ,$438.70 ,$438.70 ,
5000031,FOX HOLLOW,TOASewer,RES,PUBLIC,PUBLIC,23-Oct-18,N/A,60,$4.53 ,$271.80 ,$271.80 ,$271.80 ,$257.50 ,$529.30 ,$529.30 ,
5000035,FOX HOLLOW,TOASewer,RES,PUBLIC,PUBLIC,5-May-04,N/A,18,$4.53 ,$81.54 ,$180.00 ,$180.00 ,$257.50 ,$437.50 ,$437.50 ,
5000038,FOX HOLLOW,TOASewer,RES,PUBLIC,PUBLIC,22-May-20,N/A,92,$4.53 ,$416.76 ,$416.76 ,$416.76 ,$257.50 ,$674.26 ,$674.26 ,
5000039,FOX HOLLOW,TOASewer,RES,PUBLIC,PUBLIC,20-Aug-07,N/A,74,$4.53 ,$335.22 ,$335.22 ,$335.22 ,$257.50 ,$592.72 ,$592.72 ,
5000043,FOX HOLLOW,TOASewer,RES,PUBLIC,PUBLIC,17-Feb-99,N/A,36,$4.53 ,$163.08 ,$180.00 ,$180.00 ,$257.50 ,$437.50 ,$437.50 ,
5000044,FOX HOLLOW,TOASewer,RES,PUBLIC,PUBLIC,28-Jul-17,N/A,80,$4.53 ,$362.40 ,$362.40 ,$362.40 ,$257.50 ,$619.90 ,$619.90 ,
5000047,FOX HOLLOW,TOASewer,RES,PUBLIC,PUBLIC,22-Oct-98,N/A,58,$4.53 ,$262.74 ,$262.74 ,$262.74 ,$257.50 ,$520.24 ,$520.24 ,
5000050,FOX HOLLOW,TOASewer,RES,PUBLIC,PUBLIC,20-Jun-12,N/A,62,$4.53 ,$280.86 ,$280.86 ,$280.86 ,$257.50 ,$538.36 ,$538.36 ,
5000051,FOX HOLLOW,TOASewer,RES,PUBLIC,PUBLIC,19-Jun-02,N/A,16,$4.53 ,$72.48 ,$180.00 ,$180.00 ,$257.50 ,$437.50 ,$437.50 ,
5000055,FOX HOLLOW,TOASewer,RES,PUBLIC,PUBLIC,20-Apr-15,N/A,106,$4.53 ,$480.18 ,$480.18 ,$480.18 ,$257.50 ,$737.68 ,$737.68 ,
5000058,FOX HOLLOW,TOASewer,RES,PUBLIC,PUBLIC,1-Feb-13,N/A,116,$4.53 ,$525.48 ,$525.48 ,$525.48 ,$257.50 ,$782.98 ,$782.98 ,
5000059,FOX HOLLOW,TOASewer,RES,PUBLIC,PUBLIC,26-Sep-14,N/A,64,$4.53 ,$289.92 ,$289.92 ,$289.92 ,$257.50 ,$547.42 ,$547.42 ,
5000062,FOX HOLLOW,TOASewer,RES,PUBLIC,PUBLIC,15-Jan-15,N/A,68,$4.53 ,$308.04 ,$308.04 ,$308.04 ,$257.50 ,$565.54 ,$565.54 ,
5000063,FOX HOLLOW,TOASewer,RES,PUBLIC,PUBLIC,26-Apr-00,N/A,86,$4.53 ,$389.58 ,$389.58 ,$389.58 ,$257.50 ,$647.08 ,$647.08 ,
5000066,FOX HOLLOW,TOASewer,RES,PUBLIC,PUBLIC,20-May-20,N/A,40,$4.53 ,$181.20 ,$181.20 ,$181.20 ,$257.50 ,$438.70 ,$438.70 ,
5000067,FOX HOLLOW,TOASewer,RES,PUBLIC,PUBLIC,1-Dec-04,N/A,96,$4.53 ,$434.88 ,$434.88 ,$434.88 ,$257.50 ,$692.38 ,$692.38 ,
5000070,FOX HOLLOW,TOASewer,RES,PUBLIC,PUBLIC,30-Jul-09,N/A,38,$4.53 ,$172.14 ,$180.00 ,$180.00 ,$257.50 ,$437.50 ,$437.50 ,
5000071,FOX HOLLOW,TOASewer,RES,PUBLIC,PUBLIC,28-Dec-10,N/A,110,$4.53 ,$498.30 ,$498.30 ,$498.30 ,$257.50 ,$755.80 ,$755.80 ,
5000074,FOX HOLLOW,TOASewer,RES,PUBLIC,PUBLIC,26-Jul-18,N/A,78,$4.53 ,$353.34 ,$353.34 ,$353.34 ,$257.50 ,$610.84 ,$610.84 ,
5000075,FOX HOLLOW,TOASewer,RES,PUBLIC,PUBLIC,14-Jan-15,N/A,74,$4.53 ,$335.22 ,$335.22 ,$335.22 ,$257.50 ,$592.72 ,$592.72 ,
5000079,FOX HOLLOW,TOASewer,RES,PUBLIC,PUBLIC,4-Aug-14,N/A,98,$4.53 ,$443.94 ,$443.94 ,$443.94 ,$257.50 ,$701.44 ,$701.44 ,
5000080,FOX HOLLOW,TOASewer,RES,PUBLIC,PUBLIC,1-Mar-00,N/A,114,$4.53 ,$516.42 ,$516.42 ,$516.42 ,$257.50 ,$773.92 ,$773.92 ,
5000083,FOX HOLLOW,TOASewer,RES,PUBLIC,PUBLIC,30-Dec-13,N/A,74,$4.53 ,$335.22 ,$335.22 ,$335.22 ,$257.50 ,$592.72 ,$592.72 ,
5000087,FOX HOLLOW,TOASewer,RES,PUBLIC,PUBLIC,5-Aug-97,N/A,40,$4.53 ,$181.20 ,$181.20 ,$181.20 ,$257.50 ,$438.70 ,$438.70 ,
5000090,FOX HOLLOW,TOASewer,RES,PUBLIC,PUBLIC,7-Dec-98,N/A,24,$4.53 ,$108.72 ,$180.00 ,$180.00 ,$257.50 ,$437.50 ,$437.50 ,
5000091,FOX HOLLOW,TOASewer,RES,PUBLIC,PUBLIC,28-Jul-97,N/A,12,$4.53 ,$54.36 ,$180.00 ,$180.00 ,$257.50 ,$437.50 ,$437.50 ,
5000095,FOX HOLLOW,TOASewer,RES,PUBLIC,PUBLIC,28-May-13,N/A,76,$4.53 ,$344.28 ,$344.28 ,$344.28 ,$257.50 ,$601.78 ,$601.78 ,
5000098,FOX HOLLOW,TOASewer,RES,PUBLIC,PUBLIC,12-Nov-04,N/A,86,$4.53 ,$389.58 ,$389.58 ,$389.58 ,$257.50 ,$647.08 ,$647.08 ,
5000099,FOX HOLLOW,TOASewer,RES,PUBLIC,PUBLIC,2-Jul-97,N/A,44,$4.53 ,$199.32 ,$199.32 ,$199.32 ,$257.50 ,$456.82 ,$456.82 ,
5000103,FOX HOLLOW,TOASewer,RES,PUBLIC,PUBLIC,1-Jul-03,N/A,36,$4.53 ,$163.08 ,$180.00 ,$180.00 ,$257.50 ,$437.50 ,$437.50 ,
5000106,FOX HOLLOW,TOASewer,RES,PUBLIC,PUBLIC,12-Aug-16,N/A,96,$4.53 ,$434.88 ,$434.88 ,$434.88 ,$257.50 ,$692.38 ,$692.38 ,
5000107,FOX HOLLOW,TOASewer,RES,PUBLIC,PUBLIC,2-Dec-16,N/A,84,$4.53 ,$380.52 ,$380.52 ,$380.52 ,$257.50 ,$638.02 ,$638.02 ,
5000111,FOX HOLLOW,TOASewer,RES,PUBLIC,PUBLIC,16-Jan-98,N/A,40,$4.53 ,$181.20 ,$181.20 ,$181.20 ,$257.50 ,$438.70 ,$438.70 ,
5000114,FOX HOLLOW,TOASewer,RES,PUBLIC,PUBLIC,21-Feb-13,N/A,30,$4.53 ,$135.90 ,$180.00 ,$180.00 ,$257.50 ,$437.50 ,$437.50 ,
5000115,FOX HOLLOW,TOASewer,RES,PUBLIC,PUBLIC,18-Dec-09,N/A,124,$4.53 ,$561.72 ,$561.72 ,$561.72 ,$257.50 ,$819.22 ,$819.22 ,
5000119,FOX HOLLOW,TOASewer,RES,PUBLIC,PUBLIC,23-Mar-98,N/A,10,$4.53 ,$45.30 ,$180.00 ,$180.00 ,$257.50 ,$437.50 ,$437.50 ,
5000120,FOX HOLLOW,TOASewer,RES,PUBLIC,PUBLIC,27-Nov-19,N/A,76,$4.53 ,$344.28 ,$344.28 ,$344.28 ,$257.50 ,$601.78 ,$601.78 ,
5000126,FOX HOLLOW,TOASewer,RES,PUBLIC,PUBLIC,12-Nov-15,N/A,58,$4.53 ,$262.74 ,$262.74 ,$262.74 ,$257.50 ,$520.24 ,$520.24 ,
5000132,FOX HOLLOW,TOASewer,RES,PUBLIC,PUBLIC,15-Oct-13,N/A,50,$4.53 ,$226.50 ,$226.50 ,$226.50 ,$257.50 ,$484.00 ,$484.00 ,
5000135,FOX HOLLOW,TOASewer,RES,PUBLIC,PUBLIC,10-Jun-19,N/A,70,$4.53 ,$317.10 ,$317.10 ,$317.10 ,$257.50 ,$574.60 ,$574.60 ,
2350006,FRANCIS STREET,TOASewer,RES,WELL,PRIVATE,N/A,N/A,N/A,N/A,N/A,,$257.50 ,$257.50 ,$515.00 ,$515.00 ,
2350012,FRANCIS STREET,TOASewer,RES,WELL,PRIVATE,N/A,N/A,N/A,N/A,N/A,,$257.50 ,$257.50 ,$515.00 ,$515.00 ,
2350013,FRANCIS STREET,TOASewer,RES,WELL,PRIVATE,N/A,N/A,N/A,N/A,N/A,,$257.50 ,$257.50 ,$515.00 ,$515.00 ,
2350015,FRANCIS STREET,TOASewer,RES,WELL,PRIVATE,N/A,N/A,N/A,N/A,N/A,,$257.50 ,$257.50 ,$515.00 ,$515.00 ,
2350016,FRANCIS STREET,TOASewer,RES,WELL,PRIVATE,N/A,N/A,N/A,N/A,N/A,,$257.50 ,$257.50 ,$515.00 ,$515.00 ,
2350020,FRANCIS STREET,TOASewer,RES,WELL,PRIVATE,N/A,N/A,N/A,N/A,N/A,,$257.50 ,$257.50 ,$515.00 ,$515.00 ,
2350021,FRANCIS STREET,TOASewer,RES,WELL,PRIVATE,N/A,N/A,N/A,N/A,N/A,,$257.50 ,$257.50 ,$515.00 ,$515.00 ,
2350024,FRANCIS STREET,TOASewer,RES,WELL,PRIVATE,N/A,N/A,N/A,N/A,N/A,,$257.50 ,$257.50 ,$515.00 ,$515.00 ,
2350028,FRANCIS STREET,TOASewer,RES,WELL,PRIVATE,N/A,N/A,N/A,N/A,N/A,,$257.50 ,$257.50 ,$515.00 ,$515.00 ,
5060003,GARNET HILL LANE,TOASewer,RES,PUBLIC,PUBLIC,30-May-17,N/A,110,$4.53 ,$498.30 ,$498.30 ,$498.30 ,$257.50 ,$755.80 ,$755.80 ,
5060004,GARNET HILL LANE,TOASewer,RES,PUBLIC,PUBLIC,26-Sep-12,N/A,78,$4.53 ,$353.34 ,$353.34 ,$353.34 ,$257.50 ,$610.84 ,$610.84 ,
5060007,GARNET HILL LANE,TOASewer,RES,PUBLIC,PUBLIC,15-Nov-10,N/A,140,$4.53 ,$634.20 ,$634.20 ,$634.20 ,$257.50 ,$891.70 ,$891.70 ,
5060010,GARNET HILL LANE,TOASewer,RES,PUBLIC,PUBLIC,22-Jun-17,N/A,84,$4.53 ,$380.52 ,$380.52 ,$380.52 ,$257.50 ,$638.02 ,$638.02 ,
5060011,GARNET HILL LANE,TOASewer,RES,PUBLIC,PUBLIC,19-Mar-13,N/A,98,$4.53 ,$443.94 ,$443.94 ,$443.94 ,$257.50 ,$701.44 ,$701.44 ,
5060015,GARNET HILL LANE,TOASewer,RES,PUBLIC,PUBLIC,13-Dec-10,N/A,78,$4.53 ,$353.34 ,$353.34 ,$353.34 ,$257.50 ,$610.84 ,$610.84 ,
5060016,GARNET HILL LANE,TOASewer,RES,PUBLIC,PUBLIC,18-May-21,Y,N/A,N/A,N/A,,$257.50 ,$257.50 ,$515.00 ,$515.00 ,
5060019,GARNET HILL LANE,TOASewer,RES,PUBLIC,PUBLIC,30-Jul-20,N/A,100,$4.53 ,$453.00 ,$453.00 ,$453.00 ,$257.50 ,$710.50 ,$710.50 ,
5060020,GARNET HILL LANE,TOASewer,RES,PUBLIC,PUBLIC,8-Aug-16,N/A,50,$4.53 ,$226.50 ,$226.50 ,$226.50 ,$257.50 ,$484.00 ,$484.00 ,
5060025,GARNET HILL LANE,TOASewer,RES,PUBLIC,PUBLIC,13-Aug-18,N/A,50,$4.53 ,$226.50 ,$226.50 ,$226.50 ,$257.50 ,$484.00 ,$484.00 ,
5060026,GARNET HILL LANE,TOASewer,RES,PUBLIC,PUBLIC,16-Dec-14,N/A,48,$4.53 ,$217.44 ,$217.44 ,$217.44 ,$257.50 ,$474.94 ,$474.94 ,
5150001,GATEWOOD,TOASewer,RES,PUBLIC,PUBLIC,15-Aug-07,N/A,54,$4.53 ,$244.62 ,$244.62 ,$244.62 ,$257.50 ,$502.12 ,$502.12 ,
5150002,GATEWOOD,TOASewer,RES,PUBLIC,PUBLIC,14-Jan-13,N/A,30,$4.53 ,$135.90 ,$180.00 ,$180.00 ,$257.50 ,$437.50 ,$437.50 ,
5150003,GATEWOOD,TOASewer,RES,PUBLIC,PUBLIC,23-Jun-14,N/A,36,$4.53 ,$163.08 ,$180.00 ,$180.00 ,$257.50 ,$437.50 ,$437.50 ,
5150004,GATEWOOD,TOASewer,RES,PUBLIC,PUBLIC,1-Apr-10,N/A,18,$4.53 ,$81.54 ,$180.00 ,$180.00 ,$257.50 ,$437.50 ,$437.50 ,
5150005,GATEWOOD,TOASewer,RES,PUBLIC,PUBLIC,14-Sep-20,N/A,54,$4.53 ,$244.62 ,$244.62 ,$244.62 ,$257.50 ,$502.12 ,$502.12 ,
5150006,GATEWOOD,TOASewer,RES,PUBLIC,PUBLIC,29-Oct-03,N/A,42,$4.53 ,$190.26 ,$190.26 ,$190.26 ,$257.50 ,$447.76 ,$447.76 ,
5150007,GATEWOOD,TOASewer,RES,PUBLIC,PUBLIC,2-Mar-09,N/A,10,$4.53 ,$45.30 ,$180.00 ,$180.00 ,$257.50 ,$437.50 ,$437.50 ,
5150008,GATEWOOD,TOASewer,RES,PUBLIC,PUBLIC,30-Jun-03,N/A,14,$4.53 ,$63.42 ,$180.00 ,$180.00 ,$257.50 ,$437.50 ,$437.50 ,
5150009,GATEWOOD,TOASewer,RES,PUBLIC,PUBLIC,18-Aug-11,N/A,60,$4.53 ,$271.80 ,$271.80 ,$271.80 ,$257.50 ,$529.30 ,$529.30 ,
5150010,GATEWOOD,TOASewer,RES,PUBLIC,PUBLIC,30-Apr-20,N/A,10,$4.53 ,$45.30 ,$180.00 ,$180.00 ,$257.50 ,$437.50 ,$437.50 ,
5150011,GATEWOOD,TOASewer,RES,PUBLIC,PUBLIC,23-Mar-05,N/A,20,$4.53 ,$90.60 ,$180.00 ,$180.00 ,$257.50 ,$437.50 ,$437.50 ,
5150012,GATEWOOD,TOASewer,RES,PUBLIC,PUBLIC,6-Mar-20,N/A,10,$4.53 ,$45.30 ,$180.00 ,$180.00 ,$257.50 ,$437.50 ,$437.50 ,
5150014,GATEWOOD,TOASewer,RES,PUBLIC,PUBLIC,16-Oct-14,N/A,48,$4.53 ,$217.44 ,$217.44 ,$217.44 ,$257.50 ,$474.94 ,$474.94 ,
5150015,GATEWOOD,TOASewer,RES,PUBLIC,PUBLIC,28-May-04,N/A,22,$4.53 ,$99.66 ,$180.00 ,$180.00 ,$257.50 ,$437.50 ,$437.50 ,
5150016,GATEWOOD,TOASewer,RES,PUBLIC,PUBLIC,18-Apr-17,N/A,6,$4.53 ,$27.18 ,$180.00 ,$180.00 ,$257.50 ,$437.50 ,$437.50 ,
5150017,GATEWOOD,TOASewer,RES,PUBLIC,PUBLIC,4-May-04,N/A,32,$4.53 ,$144.96 ,$180.00 ,$180.00 ,$257.50 ,$437.50 ,$437.50 ,
5150018,GATEWOOD,TOASewer,RES,PUBLIC,PUBLIC,27-Aug-21,Y,N/A,N/A,N/A,,$257.50 ,$257.50 ,$515.00 ,$515.00 ,
5150020,GATEWOOD,TOASewer,RES,PUBLIC,PUBLIC,20-Feb-20,N/A,12,$4.53 ,$54.36 ,$180.00 ,$180.00 ,$257.50 ,$437.50 ,$437.50 ,
5150022,GATEWOOD,TOASewer,RES,PUBLIC,PUBLIC,2-Jun-17,N/A,16,$4.53 ,$72.48 ,$180.00 ,$180.00 ,$257.50 ,$437.50 ,$437.50 ,
5150024,GATEWOOD,TOASewer,RES,PUBLIC,PUBLIC,19-May-21,Y,N/A,N/A,N/A,,$257.50 ,$257.50 ,$515.00 ,$515.00 ,
5150026,GATEWOOD,TOASewer,RES,PUBLIC,PUBLIC,20-Jun-14,N/A,8,$4.53 ,$36.24 ,$180.00 ,$180.00 ,$257.50 ,$437.50 ,$437.50 ,
5150028,GATEWOOD,TOASewer,RES,PUBLIC,PUBLIC,6-Apr-18,N/A,2,$4.53 ,$9.06 ,$180.00 ,$180.00 ,$257.50 ,$437.50 ,$437.50 ,
5150030,GATEWOOD,TOASewer,RES,PUBLIC,PUBLIC,30-Jul-01,N/A,6,$4.53 ,$27.18 ,$180.00 ,$180.00 ,$257.50 ,$437.50 ,$437.50 ,
5150032,GATEWOOD,TOASewer,RES,PUBLIC,PUBLIC,15-Jan-19,N/A,40,$4.53 ,$181.20 ,$181.20 ,$181.20 ,$257.50 ,$438.70 ,$438.70 ,
5150033,GATEWOOD,TOASewer,RES,PUBLIC,PUBLIC,24-Jul-03,N/A,54,$4.53 ,$244.62 ,$244.62 ,$244.62 ,$257.50 ,$502.12 ,$502.12 ,
5150034,GATEWOOD,TOASewer,RES,PUBLIC,PUBLIC,12-Sep-16,N/A,12,$4.53 ,$54.36 ,$180.00 ,$180.00 ,$257.50 ,$437.50 ,$437.50 ,
5150035,GATEWOOD,TOASewer,RES,PUBLIC,PUBLIC,19-Feb-10,N/A,30,$4.53 ,$135.90 ,$180.00 ,$180.00 ,$257.50 ,$437.50 ,$437.50 ,
5150036,GATEWOOD,TOASewer,RES,PUBLIC,PUBLIC,29-Jun-12,N/A,18,$4.53 ,$81.54 ,$180.00 ,$180.00 ,$257.50 ,$437.50 ,$437.50 ,
5150037,GATEWOOD,TOASewer,RES,PUBLIC,PUBLIC,2-Sep-14,N/A,44,$4.53 ,$199.32 ,$199.32 ,$199.32 ,$257.50 ,$456.82 ,$456.82 ,
5150039,GATEWOOD,TOASewer,RES,PUBLIC,PUBLIC,24-Jun-14,N/A,18,$4.53 ,$81.54 ,$180.00 ,$180.00 ,$257.50 ,$437.50 ,$437.50 ,
5150041,GATEWOOD,TOASewer,RES,PUBLIC,PUBLIC,20-Mar-02,N/A,70,$4.53 ,$317.10 ,$317.10 ,$317.10 ,$257.50 ,$574.60 ,$574.60 ,
2410012,GLEN HOLLOW DRIVE,TOASewer,RES,PUBLIC,PUBLIC,17-Nov-14,N/A,44,$4.53 ,$199.32 ,$199.32 ,$199.32 ,$257.50 ,$456.82 ,$456.82 ,
2430005,GOODWILL TRAIL,TOASewer,RES,WELL,PRIVATE,N/A,N/A,N/A,N/A,N/A,,$257.50 ,$257.50 ,$515.00 ,$515.00 ,
2430007,GOODWILL TRAIL,TOASewer,RES,WELL,PRIVATE,N/A,N/A,N/A,N/A,N/A,,$257.50 ,$257.50 ,$515.00 ,$515.00 ,
2430008,GOODWILL TRAIL,TOASewer,RES,WELL,PRIVATE,N/A,N/A,N/A,N/A,N/A,,$257.50 ,$257.50 ,$515.00 ,$515.00 ,
2430009,GOODWILL TRAIL,TOASewer,RES,WELL,PRIVATE,N/A,N/A,N/A,N/A,N/A,,$257.50 ,$257.50 ,$515.00 ,$515.00 ,
2430014,GOODWILL TRAIL,TOASewer,RES,WELL,PRIVATE,N/A,N/A,N/A,N/A,N/A,,$257.50 ,$257.50 ,$515.00 ,$515.00 ,
2430015,GOODWILL TRAIL,TOASewer,RES,WELL,PRIVATE,N/A,N/A,N/A,N/A,N/A,,$257.50 ,$257.50 ,$515.00 ,$515.00 ,
2430017,GOODWILL TRAIL,TOASewer,RES,WELL,PRIVATE,N/A,N/A,N/A,N/A,N/A,,$257.50 ,$257.50 ,$515.00 ,$515.00 ,
2430018,GOODWILL TRAIL,TOASewer,RES,WELL,PRIVATE,N/A,N/A,N/A,N/A,N/A,,$257.50 ,$257.50 ,$515.00 ,$515.00 ,
6280001,GOODWIN PLACE,TOASewer,RES,PUBLIC,PUBLIC,28-Jul-21,Y,N/A,N/A,N/A,,$257.50 ,$257.50 ,$515.00 ,$515.00 ,
6280002,GOODWIN PLACE,TOASewer,RES,PUBLIC,PUBLIC,14-Jul-06,N/A,64,$4.53 ,$289.92 ,$289.92 ,$289.92 ,$257.50 ,$547.42 ,$547.42 ,
6280003,GOODWIN PLACE,TOASewer,RES,PUBLIC,PUBLIC,11-Aug-06,N/A,14,$4.53 ,$63.42 ,$180.00 ,$180.00 ,$257.50 ,$437.50 ,$437.50 ,
6280004,GOODWIN PLACE,TOASewer,RES,PUBLIC,PUBLIC,21-Apr-15,N/A,106,$4.53 ,$480.18 ,$480.18 ,$480.18 ,$257.50 ,$737.68 ,$737.68 ,
6280005,GOODWIN PLACE,TOASewer,RES,PUBLIC,PUBLIC,8-Nov-07,N/A,46,$4.53 ,$208.38 ,$208.38 ,$208.38 ,$257.50 ,$465.88 ,$465.88 ,
6280006,GOODWIN PLACE,TOASewer,RES,PUBLIC,PUBLIC,22-Mar-06,N/A,112,$4.53 ,$507.36 ,$507.36 ,$507.36 ,$257.50 ,$764.86 ,$764.86 ,
6280007,GOODWIN PLACE,TOASewer,RES,PUBLIC,PUBLIC,20-May-08,N/A,74,$4.53 ,$335.22 ,$335.22 ,$335.22 ,$257.50 ,$592.72 ,$592.72 ,
4790015,GOVERNORS RIDGE,TOASewer,RES,PUBLIC,PUBLIC,20-Jun-97,N/A,110,$4.53 ,$498.30 ,$498.30 ,$498.30 ,$257.50 ,$755.80 ,$755.80 ,
2450001,GRAY PINE COMMON,TOASewer,RES,PUBLIC,PUBLIC,2-Jul-18,N/A,10,$4.53 ,$45.30 ,$180.00 ,$180.00 ,$257.50 ,$437.50 ,$437.50 ,
2450002,GRAY PINE COMMON,TOASewer,RES,PUBLIC,PUBLIC,2-Jun-98,N/A,60,$4.53 ,$271.80 ,$271.80 ,$271.80 ,$257.50 ,$529.30 ,$529.30 ,
2450003,GRAY PINE COMMON,TOASewer,RES,PUBLIC,PUBLIC,29-Jul-13,N/A,36,$4.53 ,$163.08 ,$180.00 ,$180.00 ,$257.50 ,$437.50 ,$437.50 ,
2450004,GRAY PINE COMMON,TOASewer,RES,PUBLIC,PUBLIC,6-Sep-19,N/A,28,$4.53 ,$126.84 ,$180.00 ,$180.00 ,$257.50 ,$437.50 ,$437.50 ,
2450005,GRAY PINE COMMON,TOASewer,RES,PUBLIC,PUBLIC,2-Apr-12,N/A,26,$4.53 ,$117.78 ,$180.00 ,$180.00 ,$257.50 ,$437.50 ,$437.50 ,
2450006,GRAY PINE COMMON,TOASewer,RES,PUBLIC,PUBLIC,14-Sep-20,N/A,8,$4.53 ,$36.24 ,$180.00 ,$180.00 ,$257.50 ,$437.50 ,$437.50 ,
2450007,GRAY PINE COMMON,TOASewer,RES,PUBLIC,PUBLIC,8-May-03,N/A,36,$4.53 ,$163.08 ,$180.00 ,$180.00 ,$257.50 ,$437.50 ,$437.50 ,
2450008,GRAY PINE COMMON,TOASewer,RES,PUBLIC,PUBLIC,8-May-78,N/A,28,$4.53 ,$126.84 ,$180.00 ,$180.00 ,$257.50 ,$437.50 ,$437.50 ,
2450009,GRAY PINE COMMON,TOASewer,RES,PUBLIC,PUBLIC,28-Jul-20,N/A,28,$4.53 ,$126.84 ,$180.00 ,$180.00 ,$257.50 ,$437.50 ,$437.50 ,
2450010,GRAY PINE COMMON,TOASewer,RES,PUBLIC,PUBLIC,30-Jun-14,N/A,78,$4.53 ,$353.34 ,$353.34 ,$353.34 ,$257.50 ,$610.84 ,$610.84 ,
2450011,GRAY PINE COMMON,TOASewer,RES,PUBLIC,PUBLIC,29-Oct-99,N/A,10,$4.53 ,$45.30 ,$180.00 ,$180.00 ,$257.50 ,$437.50 ,$437.50 ,
2450012,GRAY PINE COMMON,TOASewer,RES,PUBLIC,PUBLIC,18-Oct-19,N/A,20,$4.53 ,$90.60 ,$180.00 ,$180.00 ,$257.50 ,$437.50 ,$437.50 ,
2450013,GRAY PINE COMMON,TOASewer,RES,PUBLIC,PUBLIC,16-May-07,N/A,16,$4.53 ,$72.48 ,$180.00 ,$180.00 ,$257.50 ,$437.50 ,$437.50 ,
2450014,GRAY PINE COMMON,TOASewer,RES,PUBLIC,PUBLIC,7-Dec-12,N/A,24,$4.53 ,$108.72 ,$180.00 ,$180.00 ,$257.50 ,$437.50 ,$437.50 ,
2450015,GRAY PINE COMMON,TOASewer,RES,PUBLIC,PUBLIC,1-Apr-20,N/A,20,$4.53 ,$90.60 ,$180.00 ,$180.00 ,$257.50 ,$437.50 ,$437.50 ,
2450016,GRAY PINE COMMON,TOASewer,RES,PUBLIC,PUBLIC,23-Aug-84,N/A,20,$4.53 ,$90.60 ,$180.00 ,$180.00 ,$257.50 ,$437.50 ,$437.50 ,
2450017,GRAY PINE COMMON,TOASewer,RES,PUBLIC,PUBLIC,28-Jun-16,N/A,20,$4.53 ,$90.60 ,$180.00 ,$180.00 ,$257.50 ,$437.50 ,$437.50 ,
2450018,GRAY PINE COMMON,TOASewer,RES,PUBLIC,PUBLIC,26-Feb-21,Y,N/A,N/A,N/A,,$257.50 ,$257.50 ,$515.00 ,$515.00 ,
2450019,GRAY PINE COMMON,TOASewer,RES,PUBLIC,PUBLIC,17-Jun-19,N/A,32,$4.53 ,$144.96 ,$180.00 ,$180.00 ,$257.50 ,$437.50 ,$437.50 ,
2450020,GRAY PINE COMMON,TOASewer,RES,PUBLIC,PUBLIC,6-Jul-04,N/A,78,$4.53 ,$353.34 ,$353.34 ,$353.34 ,$257.50 ,$610.84 ,$610.84 ,
2450021,GRAY PINE COMMON,TOASewer,RES,PUBLIC,PUBLIC,20-Aug-04,N/A,0,$4.53 , $-   ,$180.00 ,$180.00 ,$257.50 ,$437.50 ,$437.50 ,
2450022,GRAY PINE COMMON,TOASewer,RES,PUBLIC,PUBLIC,18-Nov-19,N/A,18,$4.53 ,$81.54 ,$180.00 ,$180.00 ,$257.50 ,$437.50 ,$437.50 ,
2450023,GRAY PINE COMMON,TOASewer,RES,PUBLIC,PUBLIC,21-Jun-17,N/A,30,$4.53 ,$135.90 ,$180.00 ,$180.00 ,$257.50 ,$437.50 ,$437.50 ,
2450024,GRAY PINE COMMON,TOASewer,RES,PUBLIC,PUBLIC,23-May-16,N/A,26,$4.53 ,$117.78 ,$180.00 ,$180.00 ,$257.50 ,$437.50 ,$437.50 ,
2450025,GRAY PINE COMMON,TOASewer,RES,PUBLIC,PUBLIC,25-Sep-95,N/A,10,$4.53 ,$45.30 ,$180.00 ,$180.00 ,$257.50 ,$437.50 ,$437.50 ,
2450026,GRAY PINE COMMON,TOASewer,RES,PUBLIC,PUBLIC,28-Dec-16,N/A,32,$4.53 ,$144.96 ,$180.00 ,$180.00 ,$257.50 ,$437.50 ,$437.50 ,
2450027,GRAY PINE COMMON,TOASewer,RES,PUBLIC,PUBLIC,2-May-19,N/A,42,$4.53 ,$190.26 ,$190.26 ,$190.26 ,$257.50 ,$447.76 ,$447.76 ,
2450028,GRAY PINE COMMON,TOASewer,RES,PUBLIC,PUBLIC,16-Nov-20,N/A,30,$4.53 ,$135.90 ,$180.00 ,$180.00 ,$257.50 ,$437.50 ,$437.50 ,
2450029,GRAY PINE COMMON,TOASewer,RES,PUBLIC,PUBLIC,1-Jan-07,N/A,18,$4.53 ,$81.54 ,$180.00 ,$180.00 ,$257.50 ,$437.50 ,$437.50 ,
2450030,GRAY PINE COMMON,TOASewer,RES,PUBLIC,PUBLIC,16-Jun-20,N/A,14,$4.53 ,$63.42 ,$180.00 ,$180.00 ,$257.50 ,$437.50 ,$437.50 ,
2450031,GRAY PINE COMMON,TOASewer,RES,PUBLIC,PUBLIC,11-Mar-16,N/A,14,$4.53 ,$63.42 ,$180.00 ,$180.00 ,$257.50 ,$437.50 ,$437.50 ,
2450032,GRAY PINE COMMON,TOASewer,RES,PUBLIC,PUBLIC,23-Mar-16,N/A,28,$4.53 ,$126.84 ,$180.00 ,$180.00 ,$257.50 ,$437.50 ,$437.50 ,
5240001,GREENWICH LANE,TOASewer,RES,PUBLIC,PUBLIC,24-Mar-16,N/A,76,$4.53 ,$344.28 ,$344.28 ,$344.28 ,$257.50 ,$601.78 ,$601.78 ,
5240002,GREENWICH LANE,TOASewer,RES,PUBLIC,PUBLIC,23-May-19,N/A,40,$4.53 ,$181.20 ,$181.20 ,$181.20 ,$257.50 ,$438.70 ,$438.70 ,
5240003,GREENWICH LANE,TOASewer,RES,PUBLIC,PUBLIC,13-Jul-15,N/A,42,$4.53 ,$190.26 ,$190.26 ,$190.26 ,$257.50 ,$447.76 ,$447.76 ,
5240004,GREENWICH LANE,TOASewer,RES,PUBLIC,PUBLIC,12-Feb-20,N/A,26,$4.53 ,$117.78 ,$180.00 ,$180.00 ,$257.50 ,$437.50 ,$437.50 ,
5240005,GREENWICH LANE,TOASewer,RES,PUBLIC,PUBLIC,15-May-00,N/A,26,$4.53 ,$117.78 ,$180.00 ,$180.00 ,$257.50 ,$437.50 ,$437.50 ,
5240006,GREENWICH LANE,TOASewer,RES,PUBLIC,PUBLIC,18-Jun-12,N/A,40,$4.53 ,$181.20 ,$181.20 ,$181.20 ,$257.50 ,$438.70 ,$438.70 ,
5240007,GREENWICH LANE,TOASewer,RES,PUBLIC,PUBLIC,30-Sep-97,N/A,0,$4.53 , $-   ,$180.00 ,$180.00 ,$257.50 ,$437.50 ,$437.50 ,
5240008,GREENWICH LANE,TOASewer,RES,PUBLIC,PUBLIC,7-Oct-20,N/A,40,$4.53 ,$181.20 ,$181.20 ,$181.20 ,$257.50 ,$438.70 ,$438.70 ,
5240009,GREENWICH LANE,TOASewer,RES,PUBLIC,PUBLIC,18-Sep-17,N/A,8,$4.53 ,$36.24 ,$180.00 ,$180.00 ,$257.50 ,$437.50 ,$437.50 ,
5240010,GREENWICH LANE,TOASewer,RES,PUBLIC,PUBLIC,25-Sep-15,N/A,88,$4.53 ,$398.64 ,$398.64 ,$398.64 ,$257.50 ,$656.14 ,$656.14 ,
5240011,GREENWICH LANE,TOASewer,RES,PUBLIC,PUBLIC,19-Nov-19,N/A,22,$4.53 ,$99.66 ,$180.00 ,$180.00 ,$257.50 ,$437.50 ,$437.50 ,
5240012,GREENWICH LANE,TOASewer,RES,PUBLIC,PUBLIC,7-Nov-12,N/A,22,$4.53 ,$99.66 ,$180.00 ,$180.00 ,$257.50 ,$437.50 ,$437.50 ,
5240013,GREENWICH LANE,TOASewer,RES,PUBLIC,PUBLIC,20-Jul-09,N/A,18,$4.53 ,$81.54 ,$180.00 ,$180.00 ,$257.50 ,$437.50 ,$437.50 ,
5240014,GREENWICH LANE,TOASewer,RES,PUBLIC,PUBLIC,1-Jul-97,N/A,68,$4.53 ,$308.04 ,$308.04 ,$308.04 ,$257.50 ,$565.54 ,$565.54 ,
5240015,GREENWICH LANE,TOASewer,RES,PUBLIC,PUBLIC,2-Dec-16,N/A,46,$4.53 ,$208.38 ,$208.38 ,$208.38 ,$257.50 ,$465.88 ,$465.88 ,
5240016,GREENWICH LANE,TOASewer,RES,PUBLIC,PUBLIC,22-Jun-99,N/A,0,$4.53 , $-   ,$180.00 ,$180.00 ,$257.50 ,$437.50 ,$437.50 ,
5240017,GREENWICH LANE,TOASewer,RES,PUBLIC,PUBLIC,25-Jun-08,N/A,44,$4.53 ,$199.32 ,$199.32 ,$199.32 ,$257.50 ,$456.82 ,$456.82 ,
5240018,GREENWICH LANE,TOASewer,RES,PUBLIC,PUBLIC,17-Nov-17,N/A,32,$4.53 ,$144.96 ,$180.00 ,$180.00 ,$257.50 ,$437.50 ,$437.50 ,
5240019,GREENWICH LANE,TOASewer,RES,PUBLIC,PUBLIC,14-Dec-21,Y,N/A,N/A,N/A,,$257.50 ,$257.50 ,$515.00 ,$515.00 ,
5240020,GREENWICH LANE,TOASewer,RES,PUBLIC,PUBLIC,10-Jul-06,N/A,16,$4.53 ,$72.48 ,$180.00 ,$180.00 ,$257.50 ,$437.50 ,$437.50 ,
5240021,GREENWICH LANE,TOASewer,RES,PUBLIC,PUBLIC,2-Sep-97,N/A,30,$4.53 ,$135.90 ,$180.00 ,$180.00 ,$257.50 ,$437.50 ,$437.50 ,
5240022,GREENWICH LANE,TOASewer,RES,PUBLIC,PUBLIC,10-Jul-07,N/A,60,$4.53 ,$271.80 ,$271.80 ,$271.80 ,$257.50 ,$529.30 ,$529.30 ,
5240023,GREENWICH LANE,TOASewer,RES,PUBLIC,PUBLIC,15-Dec-97,N/A,48,$4.53 ,$217.44 ,$217.44 ,$217.44 ,$257.50 ,$474.94 ,$474.94 ,
5240024,GREENWICH LANE,TOASewer,RES,PUBLIC,PUBLIC,9-Aug-11,N/A,72,$4.53 ,$326.16 ,$326.16 ,$326.16 ,$257.50 ,$583.66 ,$583.66 ,
2470009,GREENWOOD DRIVE,TOASewer,RES,WELL,PRIVATE,N/A,N/A,N/A,N/A,N/A,,$257.50 ,$257.50 ,$515.00 ,$515.00 ,
2480001,GREY FOX TRAIL,TOASewer,RES,PUBLIC,PUBLIC,23-Feb-15,N/A,50,$4.53 ,$226.50 ,$226.50 ,$226.50 ,$257.50 ,$484.00 ,$484.00 ,
2480002,GREY FOX TRAIL,TOASewer,RES,PUBLIC,PUBLIC,26-Oct-90,N/A,26,$4.53 ,$117.78 ,$180.00 ,$180.00 ,$257.50 ,$437.50 ,$437.50 ,
2480003,GREY FOX TRAIL,TOASewer,RES,PUBLIC,PUBLIC,25-Sep-02,N/A,24,$4.53 ,$108.72 ,$180.00 ,$180.00 ,$257.50 ,$437.50 ,$437.50 ,
2480004,GREY FOX TRAIL,TOASewer,RES,PUBLIC,PUBLIC,4-Dec-19,N/A,20,$4.53 ,$90.60 ,$180.00 ,$180.00 ,$257.50 ,$437.50 ,$437.50 ,
2480005,GREY FOX TRAIL,TOASewer,RES,PUBLIC,PUBLIC,2-Jun-88,N/A,20,$4.53 ,$90.60 ,$180.00 ,$180.00 ,$257.50 ,$437.50 ,$437.50 ,
2480006,GREY FOX TRAIL,TOASewer,RES,PUBLIC,PUBLIC,24-Aug-11,N/A,28,$4.53 ,$126.84 ,$180.00 ,$180.00 ,$257.50 ,$437.50 ,$437.50 ,
2480007,GREY FOX TRAIL,TOASewer,RES,PUBLIC,PUBLIC,19-Feb-20,N/A,10,$4.53 ,$45.30 ,$180.00 ,$180.00 ,$257.50 ,$437.50 ,$437.50 ,
2480008,GREY FOX TRAIL,TOASewer,RES,PUBLIC,PUBLIC,13-Apr-20,N/A,56,$4.53 ,$253.68 ,$253.68 ,$253.68 ,$257.50 ,$511.18 ,$511.18 ,
2480009,GREY FOX TRAIL,TOASewer,RES,PUBLIC,PUBLIC,30-Oct-14,N/A,28,$4.53 ,$126.84 ,$180.00 ,$180.00 ,$257.50 ,$437.50 ,$437.50 ,
2490012,GREYSTONE LANE,TOASewer,RES,PUBLIC,PUBLIC,20-Apr-18,N/A,66,$4.53 ,$298.98 ,$298.98 ,$298.98 ,$257.50 ,$556.48 ,$556.48 ,
2490018,GREYSTONE LANE,TOASewer,RES,PUBLIC,PUBLIC,30-Jul-01,N/A,60,$4.53 ,$271.80 ,$271.80 ,$271.80 ,$257.50 ,$529.30 ,$529.30 ,
2490019,GREYSTONE LANE,TOASewer,RES,PUBLIC,PUBLIC,19-Jun-18,N/A,72,$4.53 ,$326.16 ,$326.16 ,$326.16 ,$257.50 ,$583.66 ,$583.66 ,
2490022,GREYSTONE LANE,TOASewer,RES,PUBLIC,PUBLIC,21-May-98,N/A,36,$4.53 ,$163.08 ,$180.00 ,$180.00 ,$257.50 ,$437.50 ,$437.50 ,
2530001,HADDAM DRIVE,TOASewer,RES,PUBLIC,PUBLIC,28-Jun-19,N/A,20,$4.53 ,$90.60 ,$180.00 ,$180.00 ,$257.50 ,$437.50 ,$437.50 ,
2530002,HADDAM DRIVE,TOASewer,RES,PUBLIC,PUBLIC,1-Dec-21,Y,N/A,N/A,N/A,,$257.50 ,$257.50 ,$515.00 ,$515.00 ,
2530003,HADDAM DRIVE,TOASewer,RES,PUBLIC,PUBLIC,18-Jun-18,N/A,58,$4.53 ,$262.74 ,$262.74 ,$262.74 ,$257.50 ,$520.24 ,$520.24 ,
2530004,HADDAM DRIVE,TOASewer,RES,PUBLIC,PUBLIC,9-Aug-17,N/A,28,$4.53 ,$126.84 ,$180.00 ,$180.00 ,$257.50 ,$437.50 ,$437.50 ,
2530005,HADDAM DRIVE,TOASewer,RES,PUBLIC,PUBLIC,23-Sep-08,N/A,44,$4.53 ,$199.32 ,$199.32 ,$199.32 ,$257.50 ,$456.82 ,$456.82 ,
2530006,HADDAM DRIVE,TOASewer,RES,PUBLIC,PUBLIC,8-Oct-20,N/A,22,$4.53 ,$99.66 ,$180.00 ,$180.00 ,$257.50 ,$437.50 ,$437.50 ,
2530007,HADDAM DRIVE,TOASewer,RES,PUBLIC,PUBLIC,1-Aug-17,N/A,42,$4.53 ,$190.26 ,$190.26 ,$190.26 ,$257.50 ,$447.76 ,$447.76 ,
2530008,HADDAM DRIVE,TOASewer,RES,PUBLIC,PUBLIC,14-Jan-19,N/A,8,$4.53 ,$36.24 ,$180.00 ,$180.00 ,$257.50 ,$437.50 ,$437.50 ,
2540006,HADLEY DRIVE,TOASewer,RES,PUBLIC,PUBLIC,29-Jul-16,N/A,144,$4.53 ,$652.32 ,$652.32 ,$652.32 ,$257.50 ,$909.82 ,$909.82 ,
2540007,HADLEY DRIVE,TOASewer,RES,PUBLIC,PUBLIC,15-Aug-06,N/A,46,$4.53 ,$208.38 ,$208.38 ,$208.38 ,$257.50 ,$465.88 ,$465.88 ,
2540014,HADLEY DRIVE,TOASewer,RES,PUBLIC,PUBLIC,13-Jul-04,N/A,54,$4.53 ,$244.62 ,$244.62 ,$244.62 ,$257.50 ,$502.12 ,$502.12 ,
2540015,HADLEY DRIVE,TOASewer,RES,PUBLIC,PUBLIC,4-Jun-98,N/A,46,$4.53 ,$208.38 ,$208.38 ,$208.38 ,$257.50 ,$465.88 ,$465.88 ,
2560001,HAMPTON PLACE,TOASewer,RES,PUBLIC,PUBLIC,6-May-21,Y,N/A,N/A,N/A,,$257.50 ,$257.50 ,$515.00 ,$515.00 ,
2560002,HAMPTON PLACE,TOASewer,RES,PUBLIC,PUBLIC,18-May-21,Y,N/A,N/A,N/A,,$257.50 ,$257.50 ,$515.00 ,$515.00 ,
2560003,HAMPTON PLACE,TOASewer,RES,PUBLIC,PUBLIC,25-Nov-20,N/A,26,$4.53 ,$117.78 ,$180.00 ,$180.00 ,$257.50 ,$437.50 ,$437.50 ,
2560004,HAMPTON PLACE,TOASewer,RES,PUBLIC,PUBLIC,2-Sep-11,N/A,20,$4.53 ,$90.60 ,$180.00 ,$180.00 ,$257.50 ,$437.50 ,$437.50 ,
2560005,HAMPTON PLACE,TOASewer,RES,PUBLIC,PUBLIC,21-Oct-20,N/A,20,$4.53 ,$90.60 ,$180.00 ,$180.00 ,$257.50 ,$437.50 ,$437.50 ,
2560006,HAMPTON PLACE,TOASewer,RES,PUBLIC,PUBLIC,16-Jul-18,N/A,4,$4.53 ,$18.12 ,$180.00 ,$180.00 ,$257.50 ,$437.50 ,$437.50 ,
2560007,HAMPTON PLACE,TOASewer,RES,PUBLIC,PUBLIC,2-Sep-21,Y,N/A,N/A,N/A,,$257.50 ,$257.50 ,$515.00 ,$515.00 ,
2580003,HASTINGS TURN,TOASewer,RES,PUBLIC,PUBLIC,16-Apr-12,N/A,56,$4.53 ,$253.68 ,$253.68 ,$253.68 ,$257.50 ,$511.18 ,$511.18 ,
2580005,HASTINGS TURN,TOASewer,RES,PUBLIC,PUBLIC,28-Jun-18,N/A,44,$4.53 ,$199.32 ,$199.32 ,$199.32 ,$257.50 ,$456.82 ,$456.82 ,
2580007,HASTINGS TURN,TOASewer,RES,PUBLIC,PUBLIC,17-Oct-94,N/A,28,$4.53 ,$126.84 ,$180.00 ,$180.00 ,$257.50 ,$437.50 ,$437.50 ,
2580009,HASTINGS TURN,TOASewer,RES,PUBLIC,PUBLIC,1-May-96,N/A,82,$4.53 ,$371.46 ,$371.46 ,$371.46 ,$257.50 ,$628.96 ,$628.96 ,
2580015,HASTINGS TURN,TOASewer,RES,PUBLIC,PUBLIC,2-Jul-08,N/A,134,$4.53 ,$607.02 ,$607.02 ,$607.02 ,$257.50 ,$864.52 ,$864.52 ,
2580018,HASTINGS TURN,TOASewer,RES,PUBLIC,PUBLIC,24-May-11,N/A,66,$4.53 ,$298.98 ,$298.98 ,$298.98 ,$257.50 ,$556.48 ,$556.48 ,
2580019,HASTINGS TURN,TOASewer,RES,PUBLIC,PUBLIC,21-Jul-11,N/A,52,$4.53 ,$235.56 ,$235.56 ,$235.56 ,$257.50 ,$493.06 ,$493.06 ,
2580023,HASTINGS TURN,TOASewer,RES,PUBLIC,PUBLIC,3-Feb-03,N/A,38,$4.53 ,$172.14 ,$180.00 ,$180.00 ,$257.50 ,$437.50 ,$437.50 ,
2580024,HASTINGS TURN,TOASewer,RES,PUBLIC,PUBLIC,3-Nov-14,N/A,66,$4.53 ,$298.98 ,$298.98 ,$298.98 ,$257.50 ,$556.48 ,$556.48 ,
2580027,HASTINGS TURN,TOASewer,RES,PUBLIC,PUBLIC,22-Dec-16,N/A,60,$4.53 ,$271.80 ,$271.80 ,$271.80 ,$257.50 ,$529.30 ,$529.30 ,
2580028,HASTINGS TURN,TOASewer,RES,PUBLIC,,17-Jul-01,N/A,360,$4.53 ,"$1,630.80 ","$1,630.80 ","$1,630.80 ",$257.50 ,"$1,888.30 ","$1,888.30 ",
2580031,HASTINGS TURN,TOASewer,RES,PUBLIC,PUBLIC,29-Jun-18,N/A,70,$4.53 ,$317.10 ,$317.10 ,$317.10 ,$257.50 ,$574.60 ,$574.60 ,
2580032,HASTINGS TURN,TOASewer,RES,PUBLIC,PUBLIC,4-Nov-19,N/A,140,$4.53 ,$634.20 ,$634.20 ,$634.20 ,$257.50 ,$891.70 ,$891.70 ,
2580035,HASTINGS TURN,TOASewer,RES,PUBLIC,PUBLIC,31-May-12,N/A,164,$4.53 ,$742.92 ,$742.92 ,$742.92 ,$257.50 ,"$1,000.42 ","$1,000.42 ",
2580038,HASTINGS TURN,TOASewer,RES,PUBLIC,PUBLIC,21-May-93,N/A,60,$4.53 ,$271.80 ,$271.80 ,$271.80 ,$257.50 ,$529.30 ,$529.30 ,
2580041,HASTINGS TURN,TOASewer,RES,PUBLIC,PUBLIC,31-Aug-05,N/A,32,$4.53 ,$144.96 ,$180.00 ,$180.00 ,$257.50 ,$437.50 ,$437.50 ,
5370004,HAWKS RIDGE,TOASewer,RES,PUBLIC,PUBLIC,23-Jun-16,N/A,112,$4.53 ,$507.36 ,$507.36 ,$507.36 ,$257.50 ,$764.86 ,$764.86 ,
5370005,HAWKS RIDGE,TOASewer,RES,PUBLIC,PUBLIC,24-Mar-03,N/A,38,$4.53 ,$172.14 ,$180.00 ,$180.00 ,$257.50 ,$437.50 ,$437.50 ,
5370008,HAWKS RIDGE,TOASewer,RES,PUBLIC,PUBLIC,17-Aug-15,N/A,96,$4.53 ,$434.88 ,$434.88 ,$434.88 ,$257.50 ,$692.38 ,$692.38 ,
5370009,HAWKS RIDGE,TOASewer,RES,PUBLIC,,2-Jan-20,N/A,224,$4.53 ,"$1,014.72 ","$1,014.72 ","$1,014.72 ",$257.50 ,"$1,272.22 ","$1,272.22 ",
5370011,HAWKS RIDGE,TOASewer,RES,PUBLIC,PUBLIC,18-Jun-18,N/A,72,$4.53 ,$326.16 ,$326.16 ,$326.16 ,$257.50 ,$583.66 ,$583.66 ,
5370012,HAWKS RIDGE,TOASewer,RES,PUBLIC,PUBLIC,31-Jan-03,N/A,178,$4.53 ,$806.34 ,$806.34 ,$806.34 ,$257.50 ,"$1,063.84 ","$1,063.84 ",
5160001,HAWTHORN WAY,TOASewer,RES,PUBLIC,PUBLIC,29-Jun-05,N/A,50,$4.53 ,$226.50 ,$226.50 ,$226.50 ,$257.50 ,$484.00 ,$484.00 ,
5160002,HAWTHORN WAY,TOASewer,RES,PUBLIC,PUBLIC,28-Dec-07,N/A,70,$4.53 ,$317.10 ,$317.10 ,$317.10 ,$257.50 ,$574.60 ,$574.60 ,
5160003,HAWTHORN WAY,TOASewer,RES,PUBLIC,PUBLIC,8-Aug-13,N/A,12,$4.53 ,$54.36 ,$180.00 ,$180.00 ,$257.50 ,$437.50 ,$437.50 ,
5160004,HAWTHORN WAY,TOASewer,RES,PUBLIC,PUBLIC,21-Jun-10,N/A,38,$4.53 ,$172.14 ,$180.00 ,$180.00 ,$257.50 ,$437.50 ,$437.50 ,
2600004,HAYNES ROAD,TOASewer,RES,PUBLIC,PUBLIC,19-Oct-98,N/A,112,$4.53 ,$507.36 ,$507.36 ,$507.36 ,$257.50 ,$764.86 ,$764.86 ,
2600024,HAYNES ROAD,TOASewer,RES,PUBLIC,PUBLIC,14-Feb-00,N/A,38,$4.53 ,$172.14 ,$180.00 ,$180.00 ,$257.50 ,$437.50 ,$437.50 ,
2600029,HAYNES ROAD,TOASewer,RES,PUBLIC,PUBLIC,3-Sep-19,N/A,74,$4.53 ,$335.22 ,$335.22 ,$335.22 ,$257.50 ,$592.72 ,$592.72 ,
2600036,HAYNES ROAD,TOASewer,RES,PUBLIC,PUBLIC,30-Aug-73,N/A,2,$4.53 ,$9.06 ,$180.00 ,$180.00 ,$257.50 ,$437.50 ,$437.50 ,
2600044,HAYNES ROAD,TOASEWER,RES,PUBLIC,PUBLIC,12-Jan-15,N/A,46,$4.53 ,$208.38 ,$208.38 ,$208.38 ,$257.50 ,$465.88 ,$465.88 ,
2600050,HAYNES ROAD,TOASewer,RES,PUBLIC,PUBLIC,14-Jan-85,N/A,100,$4.53 ,$453.00 ,$453.00 ,$453.00 ,$257.50 ,$710.50 ,$710.50 ,
2600069,HAYNES ROAD,TOASewer,RES,PUBLIC,PUBLIC,27-Nov-00,N/A,28,$4.53 ,$126.84 ,$180.00 ,$180.00 ,$257.50 ,$437.50 ,$437.50 ,
2600081,HAYNES ROAD,TOASewer,RES,PUBLIC,PUBLIC,9-Jan-07,N/A,50,$4.53 ,$226.50 ,$226.50 ,$226.50 ,$257.50 ,$484.00 ,$484.00 ,
2600087,HAYNES ROAD,TOASewer,RES,PUBLIC,PUBLIC,13-Sep-13,N/A,70,$4.53 ,$317.10 ,$317.10 ,$317.10 ,$257.50 ,$574.60 ,$574.60 ,
2600102,HAYNES ROAD,TOASewer,RES,PUBLIC,PUBLIC,1-Apr-04,N/A,62,$4.53 ,$280.86 ,$280.86 ,$280.86 ,$257.50 ,$538.36 ,$538.36 ,
2600123,HAYNES ROAD,TOASewer,RES,PUBLIC,PUBLIC,5-Sep-17,N/A,58,$4.53 ,$262.74 ,$262.74 ,$262.74 ,$257.50 ,$520.24 ,$520.24 ,
2600140,HAYNES ROAD,TOASewer,RES,PUBLIC,PUBLIC,1-Dec-99,N/A,30,$4.53 ,$135.90 ,$180.00 ,$180.00 ,$257.50 ,$437.50 ,$437.50 ,
2600147,HAYNES ROAD,TOASewer,RES,PUBLIC,PUBLIC,26-Aug-05,N/A,40,$4.53 ,$181.20 ,$181.20 ,$181.20 ,$257.50 ,$438.70 ,$438.70 ,
2600148,HAYNES ROAD,TOASewer,RES,PUBLIC,PUBLIC,13-Jun-16,N/A,88,$4.53 ,$398.64 ,$398.64 ,$398.64 ,$257.50 ,$656.14 ,$656.14 ,
2600153,HAYNES ROAD,TOASewer,RES,PUBLIC,PUBLIC,30-Sep-77,N/A,28,$4.53 ,$126.84 ,$180.00 ,$180.00 ,$257.50 ,$437.50 ,$437.50 ,
2600156,HAYNES ROAD,TOASewer,RES,PUBLIC,PUBLIC,22-Jul-16,N/A,78,$4.53 ,$353.34 ,$353.34 ,$353.34 ,$257.50 ,$610.84 ,$610.84 ,
2600166,HAYNES ROAD,TOASewer,RES,PUBLIC,PUBLIC,22-Jan-96,N/A,54,$4.53 ,$244.62 ,$244.62 ,$244.62 ,$257.50 ,$502.12 ,$502.12 ,
2600171,HAYNES ROAD,TOASewer,RES,PUBLIC,PUBLIC,31-Jul-79,N/A,24,$4.53 ,$108.72 ,$180.00 ,$180.00 ,$257.50 ,$437.50 ,$437.50 ,
2600172,HAYNES ROAD,TOASewer,RES,PUBLIC,PUBLIC,24-Dec-20,N/A,40,$4.53 ,$181.20 ,$181.20 ,$181.20 ,$257.50 ,$438.70 ,$438.70 ,
2600177,HAYNES ROAD,TOASewer,RES,PUBLIC,PUBLIC,14-Aug-95,N/A,58,$4.53 ,$262.74 ,$262.74 ,$262.74 ,$257.50 ,$520.24 ,$520.24 ,
2600183,HAYNES ROAD,TOASewer,RES,PUBLIC,PUBLIC,6-Oct-17,N/A,34,$4.53 ,$154.02 ,$180.00 ,$180.00 ,$257.50 ,$437.50 ,$437.50 ,
2600186,HAYNES ROAD,TOASewer,RES,PUBLIC,PUBLIC,19-Dec-00,N/A,70,$4.53 ,$317.10 ,$317.10 ,$317.10 ,$257.50 ,$574.60 ,$574.60 ,
2600192,HAYNES ROAD,TOASewer,RES,PUBLIC,PUBLIC,17-Jun-05,N/A,60,$4.53 ,$271.80 ,$271.80 ,$271.80 ,$257.50 ,$529.30 ,$529.30 ,
2600210,HAYNES ROAD,TOASewer,RES,PUBLIC,PUBLIC,24-Sep-12,N/A,52,$4.53 ,$235.56 ,$235.56 ,$235.56 ,$257.50 ,$493.06 ,$493.06 ,
2600248,HAYNES ROAD,TOASewer,RES,PUBLIC,PUBLIC,13-Apr-20,N/A,38,$4.53 ,$172.14 ,$180.00 ,$180.00 ,$257.50 ,$437.50 ,$437.50 ,
2600255,HAYNES ROAD,TOASewer,RES,PUBLIC,PUBLIC,2-Jun-04,N/A,40,$4.53 ,$181.20 ,$181.20 ,$181.20 ,$257.50 ,$438.70 ,$438.70 ,
4870002,HEATHCOTE,TOASewer,RES,PUBLIC,PUBLIC,2-Aug-12,N/A,20,$4.53 ,$90.60 ,$180.00 ,$180.00 ,$257.50 ,$437.50 ,$437.50 ,
4870004,HEATHCOTE,TOASewer,RES,PUBLIC,PUBLIC,15-Feb-02,N/A,16,$4.53 ,$72.48 ,$180.00 ,$180.00 ,$257.50 ,$437.50 ,$437.50 ,
4870007,HEATHCOTE,TOASewer,RES,PUBLIC,PUBLIC,8-Oct-02,N/A,124,$4.53 ,$561.72 ,$561.72 ,$561.72 ,$257.50 ,$819.22 ,$819.22 ,
4870008,HEATHCOTE,TOASewer,RES,PUBLIC,PUBLIC,30-Sep-19,N/A,82,$4.53 ,$371.46 ,$371.46 ,$371.46 ,$257.50 ,$628.96 ,$628.96 ,
4870015,HEATHCOTE,TOASewer,RES,PUBLIC,PUBLIC,31-Mar-98,N/A,58,$4.53 ,$262.74 ,$262.74 ,$262.74 ,$257.50 ,$520.24 ,$520.24 ,
4870016,HEATHCOTE,TOASewer,RES,PUBLIC,PUBLIC,22-May-97,N/A,74,$4.53 ,$335.22 ,$335.22 ,$335.22 ,$257.50 ,$592.72 ,$592.72 ,
2650010,HENLEY WAY,TOASewer,RES,PUBLIC,PUBLIC,15-Jun-99,N/A,82,$4.53 ,$371.46 ,$371.46 ,$371.46 ,$257.50 ,$628.96 ,$628.96 ,
2650018,HENLEY WAY,TOASewer,RES,PUBLIC,PUBLIC,1-Jun-99,N/A,68,$4.53 ,$308.04 ,$308.04 ,$308.04 ,$257.50 ,$565.54 ,$565.54 ,
2650023,HENLEY WAY,TOASewer,RES,PUBLIC,PUBLIC,26-Jul-12,N/A,160,$4.53 ,$724.80 ,$724.80 ,$724.80 ,$257.50 ,$982.30 ,$982.30 ,
2650026,HENLEY WAY,TOASewer,RES,PUBLIC,PUBLIC,15-Aug-05,N/A,20,$4.53 ,$90.60 ,$180.00 ,$180.00 ,$257.50 ,$437.50 ,$437.50 ,
2650034,HENLEY WAY,TOASewer,RES,PUBLIC,PUBLIC,12-Jul-94,N/A,122,$4.53 ,$552.66 ,$552.66 ,$552.66 ,$257.50 ,$810.16 ,$810.16 ,
2650037,HENLEY WAY,TOASewer,RES,PUBLIC,PUBLIC,3-Jul-17,N/A,60,$4.53 ,$271.80 ,$271.80 ,$271.80 ,$257.50 ,$529.30 ,$529.30 ,
2650042,HENLEY WAY,TOASewer,RES,PUBLIC,PUBLIC,26-Sep-16,N/A,78,$4.53 ,$353.34 ,$353.34 ,$353.34 ,$257.50 ,$610.84 ,$610.84 ,
2650045,HENLEY WAY,TOASewer,RES,PUBLIC,PUBLIC,15-Mar-12,N/A,154,$4.53 ,$697.62 ,$697.62 ,$697.62 ,$257.50 ,$955.12 ,$955.12 ,
2650048,HENLEY WAY,TOASewer,RES,PUBLIC,PUBLIC,18-Nov-91,N/A,84,$4.53 ,$380.52 ,$380.52 ,$380.52 ,$257.50 ,$638.02 ,$638.02 ,
2650056,HENLEY WAY,TOASewer,RES,PUBLIC,PUBLIC,26-Aug-97,N/A,62,$4.53 ,$280.86 ,$280.86 ,$280.86 ,$257.50 ,$538.36 ,$538.36 ,
2650057,HENLEY WAY,TOASewer,RES,PUBLIC,PUBLIC,1-May-19,N/A,48,$4.53 ,$217.44 ,$217.44 ,$217.44 ,$257.50 ,$474.94 ,$474.94 ,
2650065,HENLEY WAY,TOASewer,RES,PUBLIC,PUBLIC,9-Aug-99,N/A,56,$4.53 ,$253.68 ,$253.68 ,$253.68 ,$257.50 ,$511.18 ,$511.18 ,
2650068,HENLEY WAY,TOASewer,RES,PUBLIC,PUBLIC,29-Apr-91,N/A,64,$4.53 ,$289.92 ,$289.92 ,$289.92 ,$257.50 ,$547.42 ,$547.42 ,
2650077,HENLEY WAY,TOASewer,RES,PUBLIC,PUBLIC,13-Jul-20,N/A,38,$4.53 ,$172.14 ,$180.00 ,$180.00 ,$257.50 ,$437.50 ,$437.50 ,
2650080,HENLEY WAY,TOASewer,RES,PUBLIC,PUBLIC,9-Dec-20,N/A,78,$4.53 ,$353.34 ,$353.34 ,$353.34 ,$257.50 ,$610.84 ,$610.84 ,
2650085,HENLEY WAY,TOASewer,RES,PUBLIC,PUBLIC,1-Jul-05,N/A,156,$4.53 ,$706.68 ,$706.68 ,$706.68 ,$257.50 ,$964.18 ,$964.18 ,
2650088,HENLEY WAY,TOASewer,RES,PUBLIC,PUBLIC,31-May-90,N/A,58,$4.53 ,$262.74 ,$262.74 ,$262.74 ,$257.50 ,$520.24 ,$520.24 ,
2650096,HENLEY WAY,TOASewer,RES,PUBLIC,PUBLIC,18-Oct-04,N/A,50,$4.53 ,$226.50 ,$226.50 ,$226.50 ,$257.50 ,$484.00 ,$484.00 ,
2650099,HENLEY WAY,TOASewer,RES,PUBLIC,PUBLIC,6-Feb-09,N/A,102,$4.53 ,$462.06 ,$462.06 ,$462.06 ,$257.50 ,$719.56 ,$719.56 ,
2650104,HENLEY WAY,TOASewer,RES,PUBLIC,PUBLIC,17-Aug-89,N/A,36,$4.53 ,$163.08 ,$180.00 ,$180.00 ,$257.50 ,$437.50 ,$437.50 ,
2650108,HENLEY WAY,TOASewer,RES,PUBLIC,PUBLIC,14-Sep-01,N/A,54,$4.53 ,$244.62 ,$244.62 ,$244.62 ,$257.50 ,$502.12 ,$502.12 ,
2650112,HENLEY WAY,TOASewer,RES,PUBLIC,,30-Jul-19,N/A,212,$4.53 ,$960.36 ,$960.36 ,$960.36 ,$257.50 ,"$1,217.86 ","$1,217.86 ",
2650115,HENLEY WAY,TOASewer,RES,PUBLIC,PUBLIC,15-Oct-04,N/A,40,$4.53 ,$181.20 ,$181.20 ,$181.20 ,$257.50 ,$438.70 ,$438.70 ,
2650120,HENLEY WAY,TOASewer,RES,PUBLIC,PUBLIC,3-Oct-94,N/A,2,$4.53 ,$9.06 ,$180.00 ,$180.00 ,$257.50 ,$437.50 ,$437.50 ,
2650123,HENLEY WAY,TOASewer,RES,PUBLIC,PUBLIC,22-Aug-06,N/A,96,$4.53 ,$434.88 ,$434.88 ,$434.88 ,$257.50 ,$692.38 ,$692.38 ,
2650128,HENLEY WAY,TOASewer,RES,PUBLIC,PUBLIC,2-Aug-93,N/A,32,$4.53 ,$144.96 ,$180.00 ,$180.00 ,$257.50 ,$437.50 ,$437.50 ,
2660001,HERITAGE DRIVE,TOASewer,RES,PUBLIC,PUBLIC,20-May-20,N/A,28,$4.53 ,$126.84 ,$180.00 ,$180.00 ,$257.50 ,$437.50 ,$437.50 ,
2660002,HERITAGE DRIVE,TOASewer,RES,PUBLIC,PUBLIC,2-Apr-07,N/A,16,$4.53 ,$72.48 ,$180.00 ,$180.00 ,$257.50 ,$437.50 ,$437.50 ,
2660003,HERITAGE DRIVE,TOASewer,RES,PUBLIC,PUBLIC,30-Jun-97,N/A,20,$4.53 ,$90.60 ,$180.00 ,$180.00 ,$257.50 ,$437.50 ,$437.50 ,
2660004,HERITAGE DRIVE,TOASewer,RES,PUBLIC,PUBLIC,1-Dec-17,N/A,20,$4.53 ,$90.60 ,$180.00 ,$180.00 ,$257.50 ,$437.50 ,$437.50 ,
2660005,HERITAGE DRIVE,TOASewer,RES,PUBLIC,PUBLIC,20-Dec-18,N/A,6,$4.53 ,$27.18 ,$180.00 ,$180.00 ,$257.50 ,$437.50 ,$437.50 ,
2660006,HERITAGE DRIVE,TOASewer,RES,PUBLIC,PUBLIC,16-Jul-01,N/A,20,$4.53 ,$90.60 ,$180.00 ,$180.00 ,$257.50 ,$437.50 ,$437.50 ,
2660007,HERITAGE DRIVE,TOASewer,RES,PUBLIC,PUBLIC,21-Dec-18,N/A,20,$4.53 ,$90.60 ,$180.00 ,$180.00 ,$257.50 ,$437.50 ,$437.50 ,
2660008,HERITAGE DRIVE,TOASewer,RES,PUBLIC,PUBLIC,10-Mar-21,Y,N/A,N/A,N/A,,$257.50 ,$257.50 ,$515.00 ,$515.00 ,
2660009,HERITAGE DRIVE,TOASewer,RES,PUBLIC,PUBLIC,6-Nov-14,N/A,16,$4.53 ,$72.48 ,$180.00 ,$180.00 ,$257.50 ,$437.50 ,$437.50 ,
2660010,HERITAGE DRIVE,TOASewer,RES,PUBLIC,PUBLIC,2-Apr-20,N/A,12,$4.53 ,$54.36 ,$180.00 ,$180.00 ,$257.50 ,$437.50 ,$437.50 ,
2660011,HERITAGE DRIVE,TOASewer,RES,PUBLIC,PUBLIC,15-Jun-07,N/A,8,$4.53 ,$36.24 ,$180.00 ,$180.00 ,$257.50 ,$437.50 ,$437.50 ,
2660012,HERITAGE DRIVE,TOASewer,RES,PUBLIC,PUBLIC,1-Nov-13,N/A,38,$4.53 ,$172.14 ,$180.00 ,$180.00 ,$257.50 ,$437.50 ,$437.50 ,
2660013,HERITAGE DRIVE,TOASewer,RES,PUBLIC,PUBLIC,27-Oct-06,N/A,10,$4.53 ,$45.30 ,$180.00 ,$180.00 ,$257.50 ,$437.50 ,$437.50 ,
2660014,HERITAGE DRIVE,TOASewer,RES,PUBLIC,PUBLIC,30-Jan-20,N/A,0,$4.53 , $-   ,$180.00 ,$180.00 ,$257.50 ,$437.50 ,$437.50 ,
2660015,HERITAGE DRIVE,TOASewer,RES,PUBLIC,PUBLIC,1-Jul-10,N/A,60,$4.53 ,$271.80 ,$271.80 ,$271.80 ,$257.50 ,$529.30 ,$529.30 ,
2660016,HERITAGE DRIVE,TOASewer,RES,PUBLIC,PUBLIC,29-Jun-20,N/A,8,$4.53 ,$36.24 ,$180.00 ,$180.00 ,$257.50 ,$437.50 ,$437.50 ,
2660017,HERITAGE DRIVE,TOASewer,RES,PUBLIC,PUBLIC,24-Apr-20,N/A,16,$4.53 ,$72.48 ,$180.00 ,$180.00 ,$257.50 ,$437.50 ,$437.50 ,
2660018,HERITAGE DRIVE,TOASewer,RES,PUBLIC,PUBLIC,29-Jun-21,Y,N/A,N/A,N/A,,$257.50 ,$257.50 ,$515.00 ,$515.00 ,
2660019,HERITAGE DRIVE,TOASewer,RES,PUBLIC,PUBLIC,19-Nov-04,N/A,44,$4.53 ,$199.32 ,$199.32 ,$199.32 ,$257.50 ,$456.82 ,$456.82 ,
2660020,HERITAGE DRIVE,TOASewer,RES,PUBLIC,PUBLIC,1-Mar-99,N/A,66,$4.53 ,$298.98 ,$298.98 ,$298.98 ,$257.50 ,$556.48 ,$556.48 ,
2660021,HERITAGE DRIVE,TOASewer,RES,PUBLIC,PUBLIC,31-Jul-17,N/A,6,$4.53 ,$27.18 ,$180.00 ,$180.00 ,$257.50 ,$437.50 ,$437.50 ,
2660022,HERITAGE DRIVE,TOASewer,RES,PUBLIC,PUBLIC,15-Jan-15,N/A,18,$4.53 ,$81.54 ,$180.00 ,$180.00 ,$257.50 ,$437.50 ,$437.50 ,
2660023,HERITAGE DRIVE,TOASewer,RES,PUBLIC,PUBLIC,9-Sep-14,N/A,34,$4.53 ,$154.02 ,$180.00 ,$180.00 ,$257.50 ,$437.50 ,$437.50 ,
2660024,HERITAGE DRIVE,TOASewer,RES,PUBLIC,PUBLIC,4-Dec-98,N/A,28,$4.53 ,$126.84 ,$180.00 ,$180.00 ,$257.50 ,$437.50 ,$437.50 ,
2660025,HERITAGE DRIVE,TOASewer,RES,PUBLIC,PUBLIC,11-Jun-80,N/A,6,$4.53 ,$27.18 ,$180.00 ,$180.00 ,$257.50 ,$437.50 ,$437.50 ,
2660026,HERITAGE DRIVE,TOASewer,RES,PUBLIC,PUBLIC,31-Mar-93,N/A,32,$4.53 ,$144.96 ,$180.00 ,$180.00 ,$257.50 ,$437.50 ,$437.50 ,
2660027,HERITAGE DRIVE,TOASewer,RES,PUBLIC,PUBLIC,3-May-21,Y,N/A,N/A,N/A,,$257.50 ,$257.50 ,$515.00 ,$515.00 ,
2660028,HERITAGE DRIVE,TOASewer,RES,PUBLIC,PUBLIC,6-Jul-21,Y,N/A,N/A,N/A,,$257.50 ,$257.50 ,$515.00 ,$515.00 ,
2660029,HERITAGE DRIVE,TOASewer,RES,PUBLIC,PUBLIC,6-Jun-07,N/A,0,$4.53 , $-   ,$180.00 ,$180.00 ,$257.50 ,$437.50 ,$437.50 ,
2660030,HERITAGE DRIVE,TOASewer,RES,PUBLIC,PUBLIC,1-Jan-01,N/A,12,$4.53 ,$54.36 ,$180.00 ,$180.00 ,$257.50 ,$437.50 ,$437.50 ,
2660031,HERITAGE DRIVE,TOASewer,RES,PUBLIC,PUBLIC,9-Feb-95,N/A,56,$4.53 ,$253.68 ,$253.68 ,$253.68 ,$257.50 ,$511.18 ,$511.18 ,
2660032,HERITAGE DRIVE,TOASewer,RES,PUBLIC,PUBLIC,19-May-21,Y,N/A,N/A,N/A,,$257.50 ,$257.50 ,$515.00 ,$515.00 ,
2660033,HERITAGE DRIVE,TOASewer,RES,PUBLIC,PUBLIC,8-Aug-17,N/A,16,$4.53 ,$72.48 ,$180.00 ,$180.00 ,$257.50 ,$437.50 ,$437.50 ,
2660034,HERITAGE DRIVE,TOASewer,RES,PUBLIC,PUBLIC,3-Jul-17,N/A,8,$4.53 ,$36.24 ,$180.00 ,$180.00 ,$257.50 ,$437.50 ,$437.50 ,
2660035,HERITAGE DRIVE,TOASewer,RES,PUBLIC,PUBLIC,12-Sep-19,N/A,12,$4.53 ,$54.36 ,$180.00 ,$180.00 ,$257.50 ,$437.50 ,$437.50 ,
2660036,HERITAGE DRIVE,TOASewer,RES,PUBLIC,PUBLIC,3-Jun-21,Y,N/A,N/A,N/A,,$257.50 ,$257.50 ,$515.00 ,$515.00 ,
2660037,HERITAGE DRIVE,TOASewer,RES,PUBLIC,PUBLIC,5-Jul-18,N/A,22,$4.53 ,$99.66 ,$180.00 ,$180.00 ,$257.50 ,$437.50 ,$437.50 ,
2660038,HERITAGE DRIVE,TOASewer,RES,PUBLIC,PUBLIC,4-May-21,Y,N/A,N/A,N/A,,$257.50 ,$257.50 ,$515.00 ,$515.00 ,
2660039,HERITAGE DRIVE,TOASewer,RES,PUBLIC,PUBLIC,22-Mar-18,N/A,20,$4.53 ,$90.60 ,$180.00 ,$180.00 ,$257.50 ,$437.50 ,$437.50 ,
2660040,HERITAGE DRIVE,TOASewer,RES,PUBLIC,PUBLIC,17-Aug-21,Y,N/A,N/A,N/A,,$257.50 ,$257.50 ,$515.00 ,$515.00 ,
2660041,HERITAGE DRIVE,TOASewer,RES,PUBLIC,PUBLIC,29-Jun-09,N/A,20,$4.53 ,$90.60 ,$180.00 ,$180.00 ,$257.50 ,$437.50 ,$437.50 ,
2660042,HERITAGE DRIVE,TOASewer,RES,PUBLIC,PUBLIC,5-Jun-02,N/A,14,$4.53 ,$63.42 ,$180.00 ,$180.00 ,$257.50 ,$437.50 ,$437.50 ,
2660044,HERITAGE DRIVE,TOASewer,RES,PUBLIC,PUBLIC,4-Dec-00,N/A,62,$4.53 ,$280.86 ,$280.86 ,$280.86 ,$257.50 ,$538.36 ,$538.36 ,
2660045,HERITAGE DRIVE,TOASewer,RES,PUBLIC,PUBLIC,17-Jul-00,N/A,52,$4.53 ,$235.56 ,$235.56 ,$235.56 ,$257.50 ,$493.06 ,$493.06 ,
2690018,HIGH RIDGE HOLLOW,TOASewer,RES,PUBLIC,PUBLIC,8-Sep-08,N/A,34,$4.53 ,$154.02 ,$180.00 ,$180.00 ,$257.50 ,$437.50 ,$437.50 ,
2690023,HIGH RIDGE HOLLOW,TOASewer,RES,PUBLIC,PUBLIC,15-Aug-17,N/A,70,$4.53 ,$317.10 ,$317.10 ,$317.10 ,$257.50 ,$574.60 ,$574.60 ,
2690024,HIGH RIDGE HOLLOW,TOASewer,RES,PUBLIC,PUBLIC,3-Jun-20,N/A,128,$4.53 ,$579.84 ,$579.84 ,$579.84 ,$257.50 ,$837.34 ,$837.34 ,
2690031,HIGH RIDGE HOLLOW,TOASewer,RES,PUBLIC,PUBLIC,6-Aug-18,N/A,68,$4.53 ,$308.04 ,$308.04 ,$308.04 ,$257.50 ,$565.54 ,$565.54 ,
2690032,HIGH RIDGE HOLLOW,TOASewer,RES,PUBLIC,PUBLIC,29-Jun-15,N/A,84,$4.53 ,$380.52 ,$380.52 ,$380.52 ,$257.50 ,$638.02 ,$638.02 ,
2690035,HIGH RIDGE HOLLOW,TOASewer,RES,PUBLIC,PUBLIC,26-Jun-97,N/A,114,$4.53 ,$516.42 ,$516.42 ,$516.42 ,$257.50 ,$773.92 ,$773.92 ,
2690039,HIGH RIDGE HOLLOW,TOASewer,RES,PUBLIC,PUBLIC,27-Dec-00,N/A,66,$4.53 ,$298.98 ,$298.98 ,$298.98 ,$257.50 ,$556.48 ,$556.48 ,
2690042,HIGH RIDGE HOLLOW,TOASewer,RES,PUBLIC,PUBLIC,30-Jan-98,N/A,36,$4.53 ,$163.08 ,$180.00 ,$180.00 ,$257.50 ,$437.50 ,$437.50 ,
2690045,HIGH RIDGE HOLLOW,TOASewer,RES,PUBLIC,PUBLIC,26-Aug-19,N/A,66,$4.53 ,$298.98 ,$298.98 ,$298.98 ,$257.50 ,$556.48 ,$556.48 ,
2690051,HIGH RIDGE HOLLOW,TOASewer,RES,PUBLIC,PUBLIC,1-Jun-16,N/A,82,$4.53 ,$371.46 ,$371.46 ,$371.46 ,$257.50 ,$628.96 ,$628.96 ,
2690052,HIGH RIDGE HOLLOW,TOASewer,RES,PUBLIC,PUBLIC,4-Aug-86,N/A,12,$4.53 ,$54.36 ,$180.00 ,$180.00 ,$257.50 ,$437.50 ,$437.50 ,
2690057,HIGH RIDGE HOLLOW,TOASewer,RES,PUBLIC,PUBLIC,19-Dec-18,N/A,134,$4.53 ,$607.02 ,$607.02 ,$607.02 ,$257.50 ,$864.52 ,$864.52 ,
2690058,HIGH RIDGE HOLLOW,TOASewer,RES,PUBLIC,PUBLIC,30-Jun-88,N/A,54,$4.53 ,$244.62 ,$244.62 ,$244.62 ,$257.50 ,$502.12 ,$502.12 ,
2690060,HIGH RIDGE HOLLOW,TOASewer,RES,PUBLIC,PUBLIC,1-Aug-12,N/A,44,$4.53 ,$199.32 ,$199.32 ,$199.32 ,$257.50 ,$456.82 ,$456.82 ,
2690061,HIGH RIDGE HOLLOW,TOASewer,RES,PUBLIC,PUBLIC,16-Jun-97,N/A,76,$4.53 ,$344.28 ,$344.28 ,$344.28 ,$257.50 ,$601.78 ,$601.78 ,
2700094,HIGH RIDGE ROAD,TOASewer,RES,PUBLIC,PUBLIC,1-Apr-19,N/A,0,$4.53 , $-   ,$180.00 ,$180.00 ,$257.50 ,$437.50 ,$437.50 ,
2700100,HIGH RIDGE ROAD,TOASewer,RES,PUBLIC,PUBLIC,28-Mar-08,N/A,26,$4.53 ,$117.78 ,$180.00 ,$180.00 ,$257.50 ,$437.50 ,$437.50 ,
2700101,HIGH RIDGE ROAD,TOASewer,RES,PUBLIC,PUBLIC,1-Jul-13,N/A,84,$4.53 ,$380.52 ,$380.52 ,$380.52 ,$257.50 ,$638.02 ,$638.02 ,
2700102,HIGH RIDGE ROAD,TOASewer,RES,PUBLIC,PUBLIC,29-Oct-14,N/A,50,$4.53 ,$226.50 ,$226.50 ,$226.50 ,$257.50 ,$484.00 ,$484.00 ,
2700104,HIGH RIDGE ROAD,TOASewer,RES,PUBLIC,PUBLIC,23-Jul-18,N/A,34,$4.53 ,$154.02 ,$180.00 ,$180.00 ,$257.50 ,$437.50 ,$437.50 ,
2700106,HIGH RIDGE ROAD,TOASewer,RES,PUBLIC,PUBLIC,28-Oct-14,N/A,28,$4.53 ,$126.84 ,$180.00 ,$180.00 ,$257.50 ,$437.50 ,$437.50 ,
2700111,HIGH RIDGE ROAD,TOASewer,RES,PUBLIC,PUBLIC,21-Dec-20,N/A,18,$4.53 ,$81.54 ,$180.00 ,$180.00 ,$257.50 ,$437.50 ,$437.50 ,
2700112,HIGH RIDGE ROAD,TOASewer,RES,PUBLIC,PUBLIC,2-Jan-87,N/A,18,$4.53 ,$81.54 ,$180.00 ,$180.00 ,$257.50 ,$437.50 ,$437.50 ,
2700121,HIGH RIDGE ROAD,TOASewer,RES,PUBLIC,PUBLIC,23-Sep-16,N/A,42,$4.53 ,$190.26 ,$190.26 ,$190.26 ,$257.50 ,$447.76 ,$447.76 ,
2700122,HIGH RIDGE ROAD,TOASewer,RES,PUBLIC,PUBLIC,5-Dec-74,N/A,32,$4.53 ,$144.96 ,$180.00 ,$180.00 ,$257.50 ,$437.50 ,$437.50 ,
2700127,HIGH RIDGE ROAD,TOASewer,RES,PUBLIC,PUBLIC,4-Jun-18,N/A,60,$4.53 ,$271.80 ,$271.80 ,$271.80 ,$257.50 ,$529.30 ,$529.30 ,
2700135,HIGH RIDGE ROAD,TOASewer,RES,PUBLIC,PUBLIC,16-Nov-83,N/A,50,$4.53 ,$226.50 ,$226.50 ,$226.50 ,$257.50 ,$484.00 ,$484.00 ,
2700136,HIGH RIDGE ROAD,TOASewer,RES,PUBLIC,PUBLIC,30-Dec-81,N/A,62,$4.53 ,$280.86 ,$280.86 ,$280.86 ,$257.50 ,$538.36 ,$538.36 ,
2700141,HIGH RIDGE ROAD,TOASewer,RES,PUBLIC,PUBLIC,15-Dec-83,N/A,6,$4.53 ,$27.18 ,$180.00 ,$180.00 ,$257.50 ,$437.50 ,$437.50 ,
2700150,HIGH RIDGE ROAD,TOASewer,RES,PUBLIC,PUBLIC,10-Nov-09,N/A,60,$4.53 ,$271.80 ,$271.80 ,$271.80 ,$257.50 ,$529.30 ,$529.30 ,
2700151,HIGH RIDGE ROAD,TOASewer,RES,PUBLIC,PUBLIC,16-Nov-16,N/A,50,$4.53 ,$226.50 ,$226.50 ,$226.50 ,$257.50 ,$484.00 ,$484.00 ,
2700155,HIGH RIDGE ROAD,TOASewer,RES,PUBLIC,PUBLIC,3-Jun-19,N/A,50,$4.53 ,$226.50 ,$226.50 ,$226.50 ,$257.50 ,$484.00 ,$484.00 ,
2700159,HIGH RIDGE ROAD,TOASewer,RES,PUBLIC,PUBLIC,12-Aug-93,N/A,52,$4.53 ,$235.56 ,$235.56 ,$235.56 ,$257.50 ,$493.06 ,$493.06 ,
2700160,HIGH RIDGE ROAD,TOASewer,RES,PUBLIC,PUBLIC,14-Feb-79,N/A,12,$4.53 ,$54.36 ,$180.00 ,$180.00 ,$257.50 ,$437.50 ,$437.50 ,
2700165,HIGH RIDGE ROAD,TOASewer,RES,PUBLIC,PUBLIC,2-Nov-06,N/A,44,$4.53 ,$199.32 ,$199.32 ,$199.32 ,$257.50 ,$456.82 ,$456.82 ,
2700166,HIGH RIDGE ROAD,TOASewer,RES,PUBLIC,PUBLIC,26-May-20,N/A,50,$4.53 ,$226.50 ,$226.50 ,$226.50 ,$257.50 ,$484.00 ,$484.00 ,
2700171,HIGH RIDGE ROAD,TOASewer,RES,PUBLIC,PUBLIC,16-Mar-06,N/A,34,$4.53 ,$154.02 ,$180.00 ,$180.00 ,$257.50 ,$437.50 ,$437.50 ,
2700174,HIGH RIDGE ROAD,TOASewer,RES,PUBLIC,PUBLIC,29-Mar-10,N/A,60,$4.53 ,$271.80 ,$271.80 ,$271.80 ,$257.50 ,$529.30 ,$529.30 ,
2700177,HIGH RIDGE ROAD,TOASewer,RES,PUBLIC,PUBLIC,23-Nov-15,N/A,42,$4.53 ,$190.26 ,$190.26 ,$190.26 ,$257.50 ,$447.76 ,$447.76 ,
2700182,HIGH RIDGE ROAD,TOASewer,RES,PUBLIC,PUBLIC,3-Aug-20,N/A,72,$4.53 ,$326.16 ,$326.16 ,$326.16 ,$257.50 ,$583.66 ,$583.66 ,
2700183,HIGH RIDGE ROAD,TOASewer,RES,PUBLIC,PUBLIC,30-Jun-20,N/A,58,$4.53 ,$262.74 ,$262.74 ,$262.74 ,$257.50 ,$520.24 ,$520.24 ,
2700185,HIGH RIDGE ROAD,TOASewer,RES,PUBLIC,PUBLIC,2-Jul-15,N/A,74,$4.53 ,$335.22 ,$335.22 ,$335.22 ,$257.50 ,$592.72 ,$592.72 ,
2700190,HIGH RIDGE ROAD,TOASewer,RES,PUBLIC,PUBLIC,31-Jul-17,N/A,68,$4.53 ,$308.04 ,$308.04 ,$308.04 ,$257.50 ,$565.54 ,$565.54 ,
2700191,HIGH RIDGE ROAD,TOASewer,RES,PUBLIC,PUBLIC,8-May-18,N/A,40,$4.53 ,$181.20 ,$181.20 ,$181.20 ,$257.50 ,$438.70 ,$438.70 ,
2710001,HIGHLAND SQUARE,TOASewer,RES,PUBLIC,PUBLIC,21-Nov-88,N/A,32,$4.53 ,$144.96 ,$180.00 ,$180.00 ,$257.50 ,$437.50 ,$437.50 ,
2710002,HIGHLAND SQUARE,TOASewer,RES,PUBLIC,PUBLIC,30-Jun-03,N/A,2,$4.53 ,$9.06 ,$180.00 ,$180.00 ,$257.50 ,$437.50 ,$437.50 ,
2710003,HIGHLAND SQUARE,TOASewer,RES,PUBLIC,PUBLIC,15-Nov-12,N/A,16,$4.53 ,$72.48 ,$180.00 ,$180.00 ,$257.50 ,$437.50 ,$437.50 ,
2710004,HIGHLAND SQUARE,TOASewer,RES,PUBLIC,PUBLIC,3-Jan-94,N/A,6,$4.53 ,$27.18 ,$180.00 ,$180.00 ,$257.50 ,$437.50 ,$437.50 ,
2710005,HIGHLAND SQUARE,TOASewer,RES,PUBLIC,PUBLIC,13-Feb-90,N/A,12,$4.53 ,$54.36 ,$180.00 ,$180.00 ,$257.50 ,$437.50 ,$437.50 ,
2710006,HIGHLAND SQUARE,TOASewer,RES,PUBLIC,PUBLIC,19-Aug-19,N/A,18,$4.53 ,$81.54 ,$180.00 ,$180.00 ,$257.50 ,$437.50 ,$437.50 ,
2710007,HIGHLAND SQUARE,TOASewer,RES,PUBLIC,PUBLIC,17-Jul-06,N/A,14,$4.53 ,$63.42 ,$180.00 ,$180.00 ,$257.50 ,$437.50 ,$437.50 ,
2730005,HIGHWOOD DRIVE,TOASewer,RES,PUBLIC,PUBLIC,4-Oct-19,N/A,90,$4.53 ,$407.70 ,$407.70 ,$407.70 ,$257.50 ,$665.20 ,$665.20 ,
2740003,HILLCREST DRIVE,TOASewer,RES,WELL,PRIVATE,N/A,N/A,N/A,N/A,N/A,,$257.50 ,$257.50 ,$515.00 ,$515.00 ,
2740004,HILLCREST DRIVE,TOASewer,RES,WELL,PRIVATE,N/A,N/A,N/A,N/A,N/A,,$257.50 ,$257.50 ,$515.00 ,$515.00 ,
2740007,HILLCREST DRIVE,TOASewer,RES,WELL,PRIVATE,N/A,N/A,N/A,N/A,N/A,,$257.50 ,$257.50 ,$515.00 ,$515.00 ,
2740009,HILLCREST DRIVE,TOASewer,RES,WELL,PRIVATE,N/A,N/A,N/A,N/A,N/A,,$257.50 ,$257.50 ,$515.00 ,$515.00 ,
2740010,HILLCREST DRIVE,TOASewer,RES,WELL,PRIVATE,N/A,N/A,N/A,N/A,N/A,,$257.50 ,$257.50 ,$515.00 ,$515.00 ,
2740011,HILLCREST DRIVE,TOASewer,RES,WELL,PRIVATE,N/A,N/A,N/A,N/A,N/A,,$257.50 ,$257.50 ,$515.00 ,$515.00 ,
2740014,HILLCREST DRIVE,TOASewer,RES,WELL,PRIVATE,N/A,N/A,N/A,N/A,N/A,,$257.50 ,$257.50 ,$515.00 ,$515.00 ,
2740015,HILLCREST DRIVE,TOASewer,RES,WELL,PRIVATE,N/A,N/A,N/A,N/A,N/A,,$257.50 ,$257.50 ,$515.00 ,$515.00 ,
2740016,HILLCREST DRIVE,TOASewer,RES,WELL,PRIVATE,N/A,N/A,N/A,N/A,N/A,,$257.50 ,$257.50 ,$515.00 ,$515.00 ,
2740017,HILLCREST DRIVE,TOASewer,RES,WELL,PRIVATE,N/A,N/A,N/A,N/A,N/A,,$257.50 ,$257.50 ,$515.00 ,$515.00 ,
2740018,HILLCREST DRIVE,TOASewer,RES,WELL,PRIVATE,N/A,N/A,N/A,N/A,N/A,,$257.50 ,$257.50 ,$515.00 ,$515.00 ,
2740019,HILLCREST DRIVE,TOASewer,RES,WELL,PRIVATE,N/A,N/A,N/A,N/A,N/A,,$257.50 ,$257.50 ,$515.00 ,$515.00 ,
2740023,HILLCREST DRIVE,TOASewer,RES,WELL,PRIVATE,N/A,N/A,N/A,N/A,N/A,,$257.50 ,$257.50 ,$515.00 ,$515.00 ,
2740025,HILLCREST DRIVE,TOASewer,RES,WELL,PRIVATE,N/A,N/A,N/A,N/A,N/A,,$257.50 ,$257.50 ,$515.00 ,$515.00 ,
2760006,HITCHCOCK LANE,TOASewer,RES,PUBLIC,PUBLIC,17-Aug-07,N/A,52,$4.53 ,$235.56 ,$235.56 ,$235.56 ,$257.50 ,$493.06 ,$493.06 ,
2760016,HITCHCOCK LANE,TOASewer,RES,PUBLIC,PUBLIC,21-Jun-17,N/A,54,$4.53 ,$244.62 ,$244.62 ,$244.62 ,$257.50 ,$502.12 ,$502.12 ,
2760021,HITCHCOCK LANE,TOASewer,RES,PUBLIC,PUBLIC,1-Jan-01,N/A,86,$4.53 ,$389.58 ,$389.58 ,$389.58 ,$257.50 ,$647.08 ,$647.08 ,
2760026,HITCHCOCK LANE,TOASewer,RES,PUBLIC,PUBLIC,16-Oct-01,N/A,56,$4.53 ,$253.68 ,$253.68 ,$253.68 ,$257.50 ,$511.18 ,$511.18 ,
2760029,HITCHCOCK LANE,TOASewer,RES,PUBLIC,PUBLIC,18-Jun-73,N/A,52,$4.53 ,$235.56 ,$235.56 ,$235.56 ,$257.50 ,$493.06 ,$493.06 ,
2760034,HITCHCOCK LANE,TOASewer,RES,PUBLIC,PUBLIC,2-Nov-98,N/A,36,$4.53 ,$163.08 ,$180.00 ,$180.00 ,$257.50 ,$437.50 ,$437.50 ,
2760035,HITCHCOCK LANE,TOASewer,RES,PUBLIC,PUBLIC,30-Jun-78,N/A,150,$4.53 ,$679.50 ,$679.50 ,$679.50 ,$257.50 ,$937.00 ,$937.00 ,
2760043,HITCHCOCK LANE,TOASewer,RES,PUBLIC,PUBLIC,1-Jan-01,N/A,54,$4.53 ,$244.62 ,$244.62 ,$244.62 ,$257.50 ,$502.12 ,$502.12 ,
2760044,HITCHCOCK LANE,TOASewer,RES,PUBLIC,PUBLIC,20-Aug-19,N/A,42,$4.53 ,$190.26 ,$190.26 ,$190.26 ,$257.50 ,$447.76 ,$447.76 ,
2760057,HITCHCOCK LANE,TOASewer,RES,PUBLIC,PUBLIC,19-Dec-06,N/A,54,$4.53 ,$244.62 ,$244.62 ,$244.62 ,$257.50 ,$502.12 ,$502.12 ,
2760058,HITCHCOCK LANE,TOASewer,RES,PUBLIC,PUBLIC,15-Aug-69,N/A,82,$4.53 ,$371.46 ,$371.46 ,$371.46 ,$257.50 ,$628.96 ,$628.96 ,
2760063,HITCHCOCK LANE,TOASewer,RES,PUBLIC,PUBLIC,6-May-98,N/A,58,$4.53 ,$262.74 ,$262.74 ,$262.74 ,$257.50 ,$520.24 ,$520.24 ,
2760064,HITCHCOCK LANE,TOASewer,RES,PUBLIC,PUBLIC,18-Jun-80,N/A,46,$4.53 ,$208.38 ,$208.38 ,$208.38 ,$257.50 ,$465.88 ,$465.88 ,
2770138,HOLLISTER DRIVE,TOASewer,RES,PUBLIC,PUBLIC,24-May-19,N/A,56,$4.53 ,$253.68 ,$253.68 ,$253.68 ,$257.50 ,$511.18 ,$511.18 ,
2770139,HOLLISTER DRIVE,TOASewer,RES,PUBLIC,PUBLIC,4-Sep-12,N/A,48,$4.53 ,$217.44 ,$217.44 ,$217.44 ,$257.50 ,$474.94 ,$474.94 ,
2770145,HOLLISTER DRIVE,TOASewer,RES,PUBLIC,PUBLIC,12-Mar-03,N/A,76,$4.53 ,$344.28 ,$344.28 ,$344.28 ,$257.50 ,$601.78 ,$601.78 ,
2770146,HOLLISTER DRIVE,TOASewer,RES,PUBLIC,PUBLIC,23-May-17,N/A,82,$4.53 ,$371.46 ,$371.46 ,$371.46 ,$257.50 ,$628.96 ,$628.96 ,
2770151,HOLLISTER DRIVE,TOASewer,RES,PUBLIC,PUBLIC,25-Nov-85,N/A,30,$4.53 ,$135.90 ,$180.00 ,$180.00 ,$257.50 ,$437.50 ,$437.50 ,
2770152,HOLLISTER DRIVE,TOASewer,RES,PUBLIC,PUBLIC,18-Oct-13,N/A,60,$4.53 ,$271.80 ,$271.80 ,$271.80 ,$257.50 ,$529.30 ,$529.30 ,
2770155,HOLLISTER DRIVE,TOASewer,RES,PUBLIC,PUBLIC,5-Mar-07,N/A,36,$4.53 ,$163.08 ,$180.00 ,$180.00 ,$257.50 ,$437.50 ,$437.50 ,
2770162,HOLLISTER DRIVE,TOASewer,RES,PUBLIC,PUBLIC,20-Mar-06,N/A,126,$4.53 ,$570.78 ,$570.78 ,$570.78 ,$257.50 ,$828.28 ,$828.28 ,
2770177,HOLLISTER DRIVE,TOASewer,RES,PUBLIC,PUBLIC,16-Jan-86,N/A,20,$4.53 ,$90.60 ,$180.00 ,$180.00 ,$257.50 ,$437.50 ,$437.50 ,
2770187,HOLLISTER DRIVE,TOASewer,RES,PUBLIC,PUBLIC,20-Jan-15,N/A,38,$4.53 ,$172.14 ,$180.00 ,$180.00 ,$257.50 ,$437.50 ,$437.50 ,
2770195,HOLLISTER DRIVE,TOASewer,RES,PUBLIC,PUBLIC,26-Jun-96,N/A,56,$4.53 ,$253.68 ,$253.68 ,$253.68 ,$257.50 ,$511.18 ,$511.18 ,
2770201,HOLLISTER DRIVE,TOASewer,RES,PUBLIC,PUBLIC,13-Dec-81,N/A,40,$4.53 ,$181.20 ,$181.20 ,$181.20 ,$257.50 ,$438.70 ,$438.70 ,
2770204,HOLLISTER DRIVE,TOASewer,RES,PUBLIC,PUBLIC,22-Jan-18,N/A,92,$4.53 ,$416.76 ,$416.76 ,$416.76 ,$257.50 ,$674.26 ,$674.26 ,
2770207,HOLLISTER DRIVE,TOASewer,RES,PUBLIC,PUBLIC,28-Sep-84,N/A,14,$4.53 ,$63.42 ,$180.00 ,$180.00 ,$257.50 ,$437.50 ,$437.50 ,
2770213,HOLLISTER DRIVE,TOASewer,RES,PUBLIC,PUBLIC,23-Jul-99,N/A,72,$4.53 ,$326.16 ,$326.16 ,$326.16 ,$257.50 ,$583.66 ,$583.66 ,
2770214,HOLLISTER DRIVE,TOASewer,RES,PUBLIC,PUBLIC,18-May-15,N/A,0,$4.53 , $-   ,$180.00 ,$180.00 ,$257.50 ,$437.50 ,$437.50 ,
2770221,HOLLISTER DRIVE,TOASewer,RES,PUBLIC,PUBLIC,21-Nov-16,N/A,60,$4.53 ,$271.80 ,$271.80 ,$271.80 ,$257.50 ,$529.30 ,$529.30 ,
2770229,HOLLISTER DRIVE,TOASewer,RES,PUBLIC,PUBLIC,1-May-17,N/A,76,$4.53 ,$344.28 ,$344.28 ,$344.28 ,$257.50 ,$601.78 ,$601.78 ,
2770237,HOLLISTER DRIVE,TOASewer,RES,PUBLIC,PUBLIC,4-Apr-94,N/A,28,$4.53 ,$126.84 ,$180.00 ,$180.00 ,$257.50 ,$437.50 ,$437.50 ,
2770238,HOLLISTER DRIVE,TOASewer,RES,PUBLIC,PUBLIC,16-May-03,N/A,50,$4.53 ,$226.50 ,$226.50 ,$226.50 ,$257.50 ,$484.00 ,$484.00 ,
2770245,HOLLISTER DRIVE,TOASewer,RES,PUBLIC,PUBLIC,14-Sep-12,N/A,66,$4.53 ,$298.98 ,$298.98 ,$298.98 ,$257.50 ,$556.48 ,$556.48 ,
2770246,HOLLISTER DRIVE,TOASewer,RES,PUBLIC,PUBLIC,4-Oct-21,Y,N/A,N/A,N/A,,$257.50 ,$257.50 ,$515.00 ,$515.00 ,
2770251,HOLLISTER DRIVE,TOASewer,RES,PUBLIC,PUBLIC,21-Nov-17,N/A,58,$4.53 ,$262.74 ,$262.74 ,$262.74 ,$257.50 ,$520.24 ,$520.24 ,
2770261,HOLLISTER DRIVE,TOASewer,RES,PUBLIC,PUBLIC,14-May-15,N/A,138,$4.53 ,$625.14 ,$625.14 ,$625.14 ,$257.50 ,$882.64 ,$882.64 ,
2770309,HOLLISTER DRIVE,TOASewer,RES,PUBLIC,PUBLIC,28-Jun-93,N/A,44,$4.53 ,$199.32 ,$199.32 ,$199.32 ,$257.50 ,$456.82 ,$456.82 ,
2790004,HOMESTEAD LANE,TOASewer,RES,PUBLIC,PUBLIC,13-May-21,Y,N/A,N/A,N/A,,$257.50 ,$257.50 ,$515.00 ,$515.00 ,
2790005,HOMESTEAD LANE,TOASewer,RES,PUBLIC,PUBLIC,12-Jun-79,N/A,52,$4.53 ,$235.56 ,$235.56 ,$235.56 ,$257.50 ,$493.06 ,$493.06 ,
2790010,HOMESTEAD LANE,TOASewer,RES,PUBLIC,PUBLIC,11-Jun-98,N/A,66,$4.53 ,$298.98 ,$298.98 ,$298.98 ,$257.50 ,$556.48 ,$556.48 ,
2790011,HOMESTEAD LANE,TOASewer,RES,PUBLIC,PUBLIC,28-Jul-78,N/A,50,$4.53 ,$226.50 ,$226.50 ,$226.50 ,$257.50 ,$484.00 ,$484.00 ,
2790016,HOMESTEAD LANE,TOASewer,RES,PUBLIC,PUBLIC,15-Jul-96,N/A,54,$4.53 ,$244.62 ,$244.62 ,$244.62 ,$257.50 ,$502.12 ,$502.12 ,
2790017,HOMESTEAD LANE,TOASewer,RES,PUBLIC,PUBLIC,19-Dec-84,N/A,24,$4.53 ,$108.72 ,$180.00 ,$180.00 ,$257.50 ,$437.50 ,$437.50 ,
2790022,HOMESTEAD LANE,TOASewer,RES,PUBLIC,PUBLIC,1-Jan-01,N/A,86,$4.53 ,$389.58 ,$389.58 ,$389.58 ,$257.50 ,$647.08 ,$647.08 ,
2790023,HOMESTEAD LANE,TOASewer,RES,PUBLIC,PUBLIC,1-Apr-16,N/A,66,$4.53 ,$298.98 ,$298.98 ,$298.98 ,$257.50 ,$556.48 ,$556.48 ,
2790028,HOMESTEAD LANE,TOASewer,RES,PUBLIC,PUBLIC,13-Sep-19,N/A,98,$4.53 ,$443.94 ,$443.94 ,$443.94 ,$257.50 ,$701.44 ,$701.44 ,
2790029,HOMESTEAD LANE,TOASewer,RES,PUBLIC,PUBLIC,19-Mar-79,N/A,58,$4.53 ,$262.74 ,$262.74 ,$262.74 ,$257.50 ,$520.24 ,$520.24 ,
2790034,HOMESTEAD LANE,TOASewer,RES,PUBLIC,PUBLIC,18-Nov-21,Y,N/A,N/A,N/A,,$257.50 ,$257.50 ,$515.00 ,$515.00 ,
2790040,HOMESTEAD LANE,TOASewer,RES,PUBLIC,PUBLIC,26-Aug-97,N/A,32,$4.53 ,$144.96 ,$180.00 ,$180.00 ,$257.50 ,$437.50 ,$437.50 ,
2790041,HOMESTEAD LANE,TOASewer,RES,PUBLIC,PUBLIC,5-Jul-05,N/A,54,$4.53 ,$244.62 ,$244.62 ,$244.62 ,$257.50 ,$502.12 ,$502.12 ,
2800001,HOUNDS CHASE,TOASewer,RES,PUBLIC,PUBLIC,8-Aug-85,N/A,28,$4.53 ,$126.84 ,$180.00 ,$180.00 ,$257.50 ,$437.50 ,$437.50 ,
2800002,HOUNDS CHASE,TOASewer,RES,PUBLIC,PUBLIC,17-Jul-17,N/A,20,$4.53 ,$90.60 ,$180.00 ,$180.00 ,$257.50 ,$437.50 ,$437.50 ,
2800003,HOUNDS CHASE,TOASewer,RES,PUBLIC,PUBLIC,3-Sep-96,N/A,10,$4.53 ,$45.30 ,$180.00 ,$180.00 ,$257.50 ,$437.50 ,$437.50 ,
2800004,HOUNDS CHASE,TOASewer,RES,PUBLIC,PUBLIC,2-Sep-15,N/A,16,$4.53 ,$72.48 ,$180.00 ,$180.00 ,$257.50 ,$437.50 ,$437.50 ,
2800005,HOUNDS CHASE,TOASewer,RES,PUBLIC,PUBLIC,6-Jul-04,N/A,22,$4.53 ,$99.66 ,$180.00 ,$180.00 ,$257.50 ,$437.50 ,$437.50 ,
2800006,HOUNDS CHASE,TOASewer,RES,PUBLIC,PUBLIC,1-Feb-06,N/A,66,$4.53 ,$298.98 ,$298.98 ,$298.98 ,$257.50 ,$556.48 ,$556.48 ,
2800007,HOUNDS CHASE,TOASewer,RES,PUBLIC,PUBLIC,16-Aug-16,N/A,34,$4.53 ,$154.02 ,$180.00 ,$180.00 ,$257.50 ,$437.50 ,$437.50 ,
2810067,HUCKLEBERRY HILL RD,TOASewer,RES,PUBLIC,PUBLIC,12-Nov-93,N/A,4,$4.53 ,$18.12 ,$180.00 ,$180.00 ,$257.50 ,$437.50 ,$437.50 ,
2810083,HUCKLEBERRY HILL RD,TOASewer,RES,PUBLIC,PUBLIC,5-Oct-20,N/A,58,$4.53 ,$262.74 ,$262.74 ,$262.74 ,$257.50 ,$520.24 ,$520.24 ,
2810084,HUCKLEBERRY HILL RD,TOASewer,RES,WELL,PRIVATE,N/A,N/A,N/A,N/A,N/A,,$257.50 ,$257.50 ,$515.00 ,$515.00 ,
2810088,HUCKLEBERRY HILL RD,TOASewer,RES,PUBLIC,PUBLIC,2-Nov-82,N/A,30,$4.53 ,$135.90 ,$180.00 ,$180.00 ,$257.50 ,$437.50 ,$437.50 ,
2810091,HUCKLEBERRY HILL RD,TOASewer,RES,PUBLIC,PUBLIC,1-Aug-03,N/A,54,$4.53 ,$244.62 ,$244.62 ,$244.62 ,$257.50 ,$502.12 ,$502.12 ,
2810107,HUCKLEBERRY HILL RD,TOASewer,RES,PUBLIC,PUBLIC,21-Aug-70,N/A,0,$4.53 , $-   ,$180.00 ,$180.00 ,$257.50 ,$437.50 ,$437.50 ,
2810237,HUCKLEBERRY HILL RD,TOASewer,RES,WELL,PRIVATE,N/A,N/A,N/A,N/A,N/A,,$257.50 ,$257.50 ,$515.00 ,$515.00 ,
2810253,HUCKLEBERRY HILL RD,TOASewer,RES,WELL,PRIVATE,N/A,N/A,N/A,N/A,N/A,,$257.50 ,$257.50 ,$515.00 ,$515.00 ,
2810254,HUCKLEBERRY HILL RD,TOASewer,RES,WELL,PRIVATE,N/A,N/A,N/A,N/A,N/A,,$257.50 ,$257.50 ,$515.00 ,$515.00 ,
2810291,HUCKLEBERRY HILL RD,TOASewer,RES,WELL,PRIVATE,N/A,N/A,N/A,N/A,N/A,,$257.50 ,$257.50 ,$515.00 ,$515.00 ,
2810345,HUCKLEBERRY HILL RD,TOASewer,RES,PUBLIC,PUBLIC,26-May-11,N/A,0,$4.53 , $-   ,$180.00 ,$180.00 ,$257.50 ,$437.50 ,$437.50 ,
2810348,HUCKLEBERRY HILL RD,TOASewer,RES,PUBLIC,PUBLIC,17-Jan-17,N/A,56,$4.53 ,$253.68 ,$253.68 ,$253.68 ,$257.50 ,$511.18 ,$511.18 ,
2810354,HUCKLEBERRY HILL RD,TOASewer,RES,WELL,PRIVATE,N/A,N/A,N/A,N/A,N/A,,$257.50 ,$257.50 ,$515.00 ,$515.00 ,
2810362,HUCKLEBERRY HILL RD,TOASewer,RES,PUBLIC,PUBLIC,16-Feb-17,N/A,60,$4.53 ,$271.80 ,$271.80 ,$271.80 ,$257.50 ,$529.30 ,$529.30 ,
2810380,HUCKLEBERRY HILL RD,TOASewer,RES,WELL,PRIVATE,N/A,N/A,N/A,N/A,N/A,,$257.50 ,$257.50 ,$515.00 ,$515.00 ,
2810384,HUCKLEBERRY HILL RD,TOASewer,RES,WELL,PRIVATE,N/A,N/A,N/A,N/A,N/A,,$257.50 ,$257.50 ,$515.00 ,$515.00 ,
2810389,HUCKLEBERRY HILL RD,TOASewer,RES,PUBLIC,PUBLIC,9-Apr-07,N/A,40,$4.53 ,$181.20 ,$181.20 ,$181.20 ,$257.50 ,$438.70 ,$438.70 ,
2810390,HUCKLEBERRY HILL RD,TOASewer,RES,PUBLIC,PUBLIC,8-Feb-93,N/A,42,$4.53 ,$190.26 ,$190.26 ,$190.26 ,$257.50 ,$447.76 ,$447.76 ,
2810405,HUCKLEBERRY HILL RD,TOASewer,RES,PUBLIC,PUBLIC,28-Mar-68,N/A,36,$4.53 ,$163.08 ,$180.00 ,$180.00 ,$257.50 ,$437.50 ,$437.50 ,
2810406,HUCKLEBERRY HILL RD,TOASewer,RES,WELL,PRIVATE,N/A,N/A,N/A,N/A,N/A,,$257.50 ,$257.50 ,$515.00 ,$515.00 ,
2810414,HUCKLEBERRY HILL RD,TOASewer,RES,PUBLIC,PUBLIC,19-May-10,N/A,88,$4.53 ,$398.64 ,$398.64 ,$398.64 ,$257.50 ,$656.14 ,$656.14 ,
2810430,HUCKLEBERRY HILL RD,TOASewer,RES,PUBLIC,PUBLIC,24-Jun-74,N/A,20,$4.53 ,$90.60 ,$180.00 ,$180.00 ,$257.50 ,$437.50 ,$437.50 ,
2810452,HUCKLEBERRY HILL RD,TOASewer,RES,PUBLIC,PUBLIC,8-Sep-86,N/A,100,$4.53 ,$453.00 ,$453.00 ,$453.00 ,$257.50 ,$710.50 ,$710.50 ,
2810460,HUCKLEBERRY HILL RD,TOASewer,RES,PUBLIC,PUBLIC,10-May-95,N/A,90,$4.53 ,$407.70 ,$407.70 ,$407.70 ,$257.50 ,$665.20 ,$665.20 ,
2820003,HUNTER ROAD,TOASewer,RES,WELL,PRIVATE,N/A,N/A,N/A,N/A,N/A,,$257.50 ,$257.50 ,$515.00 ,$515.00 ,
2820008,HUNTER ROAD,TOASewer,RES,WELL,PRIVATE,N/A,N/A,N/A,N/A,N/A,,$257.50 ,$257.50 ,$515.00 ,$515.00 ,
2820009,HUNTER ROAD,TOASewer,RES,WELL,PRIVATE,N/A,N/A,N/A,N/A,N/A,,$257.50 ,$257.50 ,$515.00 ,$515.00 ,
2820016,HUNTER ROAD,TOASewer,RES,WELL,PRIVATE,N/A,N/A,N/A,N/A,N/A,,$257.50 ,$257.50 ,$515.00 ,$515.00 ,
2820017,HUNTER ROAD,TOASewer,RES,WELL,PRIVATE,N/A,N/A,N/A,N/A,N/A,,$257.50 ,$257.50 ,$515.00 ,$515.00 ,
2820027,HUNTER ROAD,TOASewer,RES,WELL,PRIVATE,N/A,N/A,N/A,N/A,N/A,,$257.50 ,$257.50 ,$515.00 ,$515.00 ,
2820033,HUNTER ROAD,TOASewer,RES,WELL,PRIVATE,N/A,N/A,N/A,N/A,N/A,,$257.50 ,$257.50 ,$515.00 ,$515.00 ,
2820039,HUNTER ROAD,TOASewer,RES,WELL,PRIVATE,N/A,N/A,N/A,N/A,N/A,,$257.50 ,$257.50 ,$515.00 ,$515.00 ,
2850049,HURDLE FENCE DRIVE,TOASewer,RES,WELL,PRIVATE,N/A,N/A,N/A,N/A,N/A,,$257.50 ,$257.50 ,$515.00 ,$515.00 ,
2860004,INDIAN PIPE TRAIL,TOASewer,RES,PUBLIC,PUBLIC,30-Mar-15,N/A,62,$4.53 ,$280.86 ,$280.86 ,$280.86 ,$257.50 ,$538.36 ,$538.36 ,
2860005,INDIAN PIPE TRAIL,TOASewer,RES,PUBLIC,PUBLIC,25-Aug-21,Y,N/A,N/A,N/A,,$257.50 ,$257.50 ,$515.00 ,$515.00 ,
2860011,INDIAN PIPE TRAIL,TOASewer,RES,PUBLIC,PUBLIC,5-Oct-20,N/A,66,$4.53 ,$298.98 ,$298.98 ,$298.98 ,$257.50 ,$556.48 ,$556.48 ,
2860014,INDIAN PIPE TRAIL,TOASewer,RES,PUBLIC,PUBLIC,20-Jun-12,N/A,46,$4.53 ,$208.38 ,$208.38 ,$208.38 ,$257.50 ,$465.88 ,$465.88 ,
2860019,INDIAN PIPE TRAIL,TOASewer,RES,PUBLIC,PUBLIC,14-Sep-99,N/A,66,$4.53 ,$298.98 ,$298.98 ,$298.98 ,$257.50 ,$556.48 ,$556.48 ,
2860022,INDIAN PIPE TRAIL,TOASewer,RES,PUBLIC,PUBLIC,22-Jan-13,N/A,76,$4.53 ,$344.28 ,$344.28 ,$344.28 ,$257.50 ,$601.78 ,$601.78 ,
2860030,INDIAN PIPE TRAIL,TOASewer,RES,PUBLIC,PUBLIC,31-Mar-10,N/A,60,$4.53 ,$271.80 ,$271.80 ,$271.80 ,$257.50 ,$529.30 ,$529.30 ,
2860036,INDIAN PIPE TRAIL,TOASewer,RES,PUBLIC,PUBLIC,22-Aug-12,N/A,102,$4.53 ,$462.06 ,$462.06 ,$462.06 ,$257.50 ,$719.56 ,$719.56 ,
2880001,IRON FORGE,TOASewer,RES,PUBLIC,PUBLIC,8-Jun-18,N/A,60,$4.53 ,$271.80 ,$271.80 ,$271.80 ,$257.50 ,$529.30 ,$529.30 ,
2880002,IRON FORGE,TOASewer,RES,PUBLIC,PUBLIC,28-Mar-14,N/A,42,$4.53 ,$190.26 ,$190.26 ,$190.26 ,$257.50 ,$447.76 ,$447.76 ,
2880003,IRON FORGE,TOASewer,RES,PUBLIC,PUBLIC,26-Aug-03,N/A,60,$4.53 ,$271.80 ,$271.80 ,$271.80 ,$257.50 ,$529.30 ,$529.30 ,
2880004,IRON FORGE,TOASewer,RES,PUBLIC,PUBLIC,28-Jun-02,N/A,0,$4.53 , $-   ,$180.00 ,$180.00 ,$257.50 ,$437.50 ,$437.50 ,
2880005,IRON FORGE,TOASewer,RES,PUBLIC,PUBLIC,22-Aug-89,N/A,36,$4.53 ,$163.08 ,$180.00 ,$180.00 ,$257.50 ,$437.50 ,$437.50 ,
2880006,IRON FORGE,TOASewer,RES,PUBLIC,PUBLIC,15-Sep-21,Y,N/A,N/A,N/A,,$257.50 ,$257.50 ,$515.00 ,$515.00 ,
2890001,IRONTREE COURT,TOASewer,RES,PUBLIC,PUBLIC,10-Jan-17,N/A,18,$4.53 ,$81.54 ,$180.00 ,$180.00 ,$257.50 ,$437.50 ,$437.50 ,
2890002,IRONTREE COURT,TOASewer,RES,PUBLIC,PUBLIC,17-Jun-97,N/A,20,$4.53 ,$90.60 ,$180.00 ,$180.00 ,$257.50 ,$437.50 ,$437.50 ,
2890003,IRONTREE COURT,TOASewer,RES,PUBLIC,PUBLIC,4-Oct-12,N/A,46,$4.53 ,$208.38 ,$208.38 ,$208.38 ,$257.50 ,$465.88 ,$465.88 ,
2890004,IRONTREE COURT,TOASewer,RES,PUBLIC,PUBLIC,19-Jan-84,N/A,22,$4.53 ,$99.66 ,$180.00 ,$180.00 ,$257.50 ,$437.50 ,$437.50 ,
2890005,IRONTREE COURT,TOASewer,RES,PUBLIC,PUBLIC,11-May-84,N/A,10,$4.53 ,$45.30 ,$180.00 ,$180.00 ,$257.50 ,$437.50 ,$437.50 ,
2890006,IRONTREE COURT,TOASewer,RES,PUBLIC,PUBLIC,17-Oct-11,N/A,18,$4.53 ,$81.54 ,$180.00 ,$180.00 ,$257.50 ,$437.50 ,$437.50 ,
2890007,IRONTREE COURT,TOASewer,RES,PUBLIC,PUBLIC,19-Oct-88,N/A,24,$4.53 ,$108.72 ,$180.00 ,$180.00 ,$257.50 ,$437.50 ,$437.50 ,
2890008,IRONTREE COURT,TOASewer,RES,PUBLIC,PUBLIC,23-Jan-19,N/A,18,$4.53 ,$81.54 ,$180.00 ,$180.00 ,$257.50 ,$437.50 ,$437.50 ,
2890009,IRONTREE COURT,TOASewer,RES,PUBLIC,PUBLIC,16-Dec-11,N/A,8,$4.53 ,$36.24 ,$180.00 ,$180.00 ,$257.50 ,$437.50 ,$437.50 ,
5250001,IVORYTON PLACE,TOASewer,RES,PUBLIC,PUBLIC,1-Jul-14,N/A,18,$4.53 ,$81.54 ,$180.00 ,$180.00 ,$257.50 ,$437.50 ,$437.50 ,
5250002,IVORYTON PLACE,TOASewer,RES,PUBLIC,PUBLIC,21-Jun-21,Y,N/A,N/A,N/A,,$257.50 ,$257.50 ,$515.00 ,$515.00 ,
5250004,IVORYTON PLACE,TOASewer,RES,PUBLIC,PUBLIC,7-Jul-98,N/A,46,$4.53 ,$208.38 ,$208.38 ,$208.38 ,$257.50 ,$465.88 ,$465.88 ,
5250005,IVORYTON PLACE,TOASewer,RES,PUBLIC,PUBLIC,1-May-98,N/A,40,$4.53 ,$181.20 ,$181.20 ,$181.20 ,$257.50 ,$438.70 ,$438.70 ,
2900001,IVY COVE,TOASewer,RES,PUBLIC,PUBLIC,27-Jun-11,N/A,76,$4.53 ,$344.28 ,$344.28 ,$344.28 ,$257.50 ,$601.78 ,$601.78 ,
2900002,IVY COVE,TOASewer,RES,PUBLIC,PUBLIC,29-Jan-02,N/A,4,$4.53 ,$18.12 ,$180.00 ,$180.00 ,$257.50 ,$437.50 ,$437.50 ,
2900003,IVY COVE,TOASewer,RES,PUBLIC,PUBLIC,15-Oct-20,N/A,16,$4.53 ,$72.48 ,$180.00 ,$180.00 ,$257.50 ,$437.50 ,$437.50 ,
2900004,IVY COVE,TOASewer,RES,PUBLIC,PUBLIC,29-Jun-99,N/A,48,$4.53 ,$217.44 ,$217.44 ,$217.44 ,$257.50 ,$474.94 ,$474.94 ,
2900005,IVY COVE,TOASewer,RES,PUBLIC,PUBLIC,19-May-98,N/A,84,$4.53 ,$380.52 ,$380.52 ,$380.52 ,$257.50 ,$638.02 ,$638.02 ,
2900006,IVY COVE,TOASewer,RES,PUBLIC,PUBLIC,9-Apr-07,N/A,26,$4.53 ,$117.78 ,$180.00 ,$180.00 ,$257.50 ,$437.50 ,$437.50 ,
2900007,IVY COVE,TOASewer,RES,PUBLIC,PUBLIC,8-Nov-21,Y,N/A,N/A,N/A,,$257.50 ,$257.50 ,$515.00 ,$515.00 ,
2900008,IVY COVE,TOASewer,RES,PUBLIC,PUBLIC,18-Mar-19,N/A,12,$4.53 ,$54.36 ,$180.00 ,$180.00 ,$257.50 ,$437.50 ,$437.50 ,
2920001,JAY COURT,TOASewer,RES,PUBLIC,PUBLIC,24-May-13,N/A,20,$4.53 ,$90.60 ,$180.00 ,$180.00 ,$257.50 ,$437.50 ,$437.50 ,
2920002,JAY COURT,TOASewer,RES,PUBLIC,PUBLIC,13-Aug-15,N/A,40,$4.53 ,$181.20 ,$181.20 ,$181.20 ,$257.50 ,$438.70 ,$438.70 ,
2920003,JAY COURT,TOASewer,RES,PUBLIC,PUBLIC,22-Nov-11,N/A,16,$4.53 ,$72.48 ,$180.00 ,$180.00 ,$257.50 ,$437.50 ,$437.50 ,
2920004,JAY COURT,TOASewer,RES,PUBLIC,PUBLIC,3-Nov-92,N/A,0,$4.53 , $-   ,$180.00 ,$180.00 ,$257.50 ,$437.50 ,$437.50 ,
2920005,JAY COURT,TOASewer,RES,PUBLIC,PUBLIC,29-May-87,N/A,20,$4.53 ,$90.60 ,$180.00 ,$180.00 ,$257.50 ,$437.50 ,$437.50 ,
2920006,JAY COURT,TOASewer,RES,PUBLIC,PUBLIC,23-Dec-15,N/A,36,$4.53 ,$163.08 ,$180.00 ,$180.00 ,$257.50 ,$437.50 ,$437.50 ,
2920007,JAY COURT,TOASewer,RES,PUBLIC,PUBLIC,10-Feb-04,N/A,12,$4.53 ,$54.36 ,$180.00 ,$180.00 ,$257.50 ,$437.50 ,$437.50 ,
2920008,JAY COURT,TOASewer,RES,PUBLIC,PUBLIC,17-Aug-21,Y,N/A,N/A,N/A,,$257.50 ,$257.50 ,$515.00 ,$515.00 ,
2920009,JAY COURT,TOASewer,RES,PUBLIC,PUBLIC,24-Jul-17,N/A,18,$4.53 ,$81.54 ,$180.00 ,$180.00 ,$257.50 ,$437.50 ,$437.50 ,
2930062,JUNIPER DRIVE,TOASewer,RES,PUBLIC,PUBLIC,25-Oct-10,N/A,122,$4.53 ,$552.66 ,$552.66 ,$552.66 ,$257.50 ,$810.16 ,$810.16 ,
2930067,JUNIPER DRIVE,TOASewer,RES,PUBLIC,PUBLIC,9-Dec-20,N/A,58,$4.53 ,$262.74 ,$262.74 ,$262.74 ,$257.50 ,$520.24 ,$520.24 ,
2930075,JUNIPER DRIVE,TOASewer,RES,PUBLIC,PUBLIC,15-Jul-16,N/A,28,$4.53 ,$126.84 ,$180.00 ,$180.00 ,$257.50 ,$437.50 ,$437.50 ,
2930107,JUNIPER DRIVE,TOASewer,RES,PUBLIC,PUBLIC,19-Mar-02,N/A,34,$4.53 ,$154.02 ,$180.00 ,$180.00 ,$257.50 ,$437.50 ,$437.50 ,
2930111,JUNIPER DRIVE,TOASewer,RES,PUBLIC,PUBLIC,18-Nov-97,N/A,46,$4.53 ,$208.38 ,$208.38 ,$208.38 ,$257.50 ,$465.88 ,$465.88 ,
2930117,JUNIPER DRIVE,TOASewer,RES,PUBLIC,PUBLIC,11-Jun-15,N/A,74,$4.53 ,$335.22 ,$335.22 ,$335.22 ,$257.50 ,$592.72 ,$592.72 ,
2930178,JUNIPER DRIVE,TOASewer,RES,PUBLIC,PUBLIC,1-Oct-13,N/A,54,$4.53 ,$244.62 ,$244.62 ,$244.62 ,$257.50 ,$502.12 ,$502.12 ,
6170001,KENINGTON ROAD,TOASewer,RES,PUBLIC,PUBLIC,4-Dec-20,N/A,24,$4.53 ,$108.72 ,$180.00 ,$180.00 ,$257.50 ,$437.50 ,$437.50 ,
6170002,KENINGTON ROAD,TOASewer,RES,PUBLIC,PUBLIC,27-Jul-15,N/A,42,$4.53 ,$190.26 ,$190.26 ,$190.26 ,$257.50 ,$447.76 ,$447.76 ,
6170003,KENINGTON ROAD,TOASewer,RES,PUBLIC,PUBLIC,14-Jun-06,N/A,18,$4.53 ,$81.54 ,$180.00 ,$180.00 ,$257.50 ,$437.50 ,$437.50 ,
6170004,KENINGTON ROAD,TOASewer,RES,PUBLIC,PUBLIC,16-Nov-05,N/A,64,$4.53 ,$289.92 ,$289.92 ,$289.92 ,$257.50 ,$547.42 ,$547.42 ,
6170005,KENINGTON ROAD,TOASewer,RES,PUBLIC,PUBLIC,24-Dec-20,N/A,12,$4.53 ,$54.36 ,$180.00 ,$180.00 ,$257.50 ,$437.50 ,$437.50 ,
6170006,KENINGTON ROAD,TOASewer,RES,PUBLIC,PUBLIC,31-May-19,N/A,36,$4.53 ,$163.08 ,$180.00 ,$180.00 ,$257.50 ,$437.50 ,$437.50 ,
6170007,KENINGTON ROAD,TOASewer,RES,PUBLIC,PUBLIC,22-Jun-12,N/A,34,$4.53 ,$154.02 ,$180.00 ,$180.00 ,$257.50 ,$437.50 ,$437.50 ,
6170008,KENINGTON ROAD,TOASewer,RES,PUBLIC,PUBLIC,1-Jun-10,N/A,0,$4.53 , $-   ,$180.00 ,$180.00 ,$257.50 ,$437.50 ,$437.50 ,
6170009,KENINGTON ROAD,TOASewer,RES,PUBLIC,PUBLIC,15-Oct-12,N/A,16,$4.53 ,$72.48 ,$180.00 ,$180.00 ,$257.50 ,$437.50 ,$437.50 ,
6170010,KENINGTON ROAD,TOASewer,RES,PUBLIC,PUBLIC,23-Aug-17,N/A,20,$4.53 ,$90.60 ,$180.00 ,$180.00 ,$257.50 ,$437.50 ,$437.50 ,
6170011,KENINGTON ROAD,TOASewer,RES,PUBLIC,PUBLIC,13-Mar-06,N/A,16,$4.53 ,$72.48 ,$180.00 ,$180.00 ,$257.50 ,$437.50 ,$437.50 ,
6170012,KENINGTON ROAD,TOASewer,RES,PUBLIC,PUBLIC,7-Dec-20,N/A,24,$4.53 ,$108.72 ,$180.00 ,$180.00 ,$257.50 ,$437.50 ,$437.50 ,
6170013,KENINGTON ROAD,TOASewer,RES,PUBLIC,PUBLIC,9-Feb-06,N/A,20,$4.53 ,$90.60 ,$180.00 ,$180.00 ,$257.50 ,$437.50 ,$437.50 ,
6170014,KENINGTON ROAD,TOASewer,RES,PUBLIC,PUBLIC,3-Mar-06,N/A,20,$4.53 ,$90.60 ,$180.00 ,$180.00 ,$257.50 ,$437.50 ,$437.50 ,
6170015,KENINGTON ROAD,TOASewer,RES,PUBLIC,PUBLIC,2-May-13,N/A,34,$4.53 ,$154.02 ,$180.00 ,$180.00 ,$257.50 ,$437.50 ,$437.50 ,
6170016,KENINGTON ROAD,TOASewer,RES,PUBLIC,PUBLIC,4-Aug-06,N/A,6,$4.53 ,$27.18 ,$180.00 ,$180.00 ,$257.50 ,$437.50 ,$437.50 ,
6170017,KENINGTON ROAD,TOASewer,RES,PUBLIC,PUBLIC,31-Jul-06,N/A,40,$4.53 ,$181.20 ,$181.20 ,$181.20 ,$257.50 ,$438.70 ,$438.70 ,
6170018,KENINGTON ROAD,TOASewer,RES,PUBLIC,PUBLIC,4-Apr-06,N/A,42,$4.53 ,$190.26 ,$190.26 ,$190.26 ,$257.50 ,$447.76 ,$447.76 ,
6170019,KENINGTON ROAD,TOASewer,RES,PUBLIC,PUBLIC,10-Jul-09,N/A,32,$4.53 ,$144.96 ,$180.00 ,$180.00 ,$257.50 ,$437.50 ,$437.50 ,
6170020,KENINGTON ROAD,TOASewer,RES,PUBLIC,PUBLIC,13-Jun-16,N/A,26,$4.53 ,$117.78 ,$180.00 ,$180.00 ,$257.50 ,$437.50 ,$437.50 ,
6170021,KENINGTON ROAD,TOASewer,RES,PUBLIC,PUBLIC,2-Dec-05,N/A,14,$4.53 ,$63.42 ,$180.00 ,$180.00 ,$257.50 ,$437.50 ,$437.50 ,
6170022,KENINGTON ROAD,TOASewer,RES,PUBLIC,PUBLIC,21-May-18,N/A,52,$4.53 ,$235.56 ,$235.56 ,$235.56 ,$257.50 ,$493.06 ,$493.06 ,
6170023,KENINGTON ROAD,TOASewer,RES,PUBLIC,PUBLIC,14-Oct-05,N/A,34,$4.53 ,$154.02 ,$180.00 ,$180.00 ,$257.50 ,$437.50 ,$437.50 ,
6170024,KENINGTON ROAD,TOASewer,RES,PUBLIC,PUBLIC,3-Oct-05,N/A,20,$4.53 ,$90.60 ,$180.00 ,$180.00 ,$257.50 ,$437.50 ,$437.50 ,
6170025,KENINGTON ROAD,TOASewer,RES,PUBLIC,PUBLIC,25-Jun-18,N/A,38,$4.53 ,$172.14 ,$180.00 ,$180.00 ,$257.50 ,$437.50 ,$437.50 ,
6170026,KENINGTON ROAD,TOASewer,RES,PUBLIC,PUBLIC,10-Mar-06,N/A,56,$4.53 ,$253.68 ,$253.68 ,$253.68 ,$257.50 ,$511.18 ,$511.18 ,
2940001,KEYSTONE CIRCLE,TOASewer,RES,PUBLIC,PUBLIC,11-Aug-78,N/A,16,$4.53 ,$72.48 ,$180.00 ,$180.00 ,$257.50 ,$437.50 ,$437.50 ,
2940002,KEYSTONE CIRCLE,TOASewer,RES,PUBLIC,PUBLIC,1-Jul-15,N/A,32,$4.53 ,$144.96 ,$180.00 ,$180.00 ,$257.50 ,$437.50 ,$437.50 ,
2940003,KEYSTONE CIRCLE,TOASewer,RES,PUBLIC,PUBLIC,15-Jul-21,Y,N/A,N/A,N/A,,$257.50 ,$257.50 ,$515.00 ,$515.00 ,
2940004,KEYSTONE CIRCLE,TOASewer,RES,PUBLIC,PUBLIC,17-Apr-20,N/A,34,$4.53 ,$154.02 ,$180.00 ,$180.00 ,$257.50 ,$437.50 ,$437.50 ,
2940005,KEYSTONE CIRCLE,TOASewer,RES,PUBLIC,PUBLIC,26-Jun-14,N/A,42,$4.53 ,$190.26 ,$190.26 ,$190.26 ,$257.50 ,$447.76 ,$447.76 ,
2940006,KEYSTONE CIRCLE,TOASewer,RES,PUBLIC,PUBLIC,2-Oct-17,N/A,18,$4.53 ,$81.54 ,$180.00 ,$180.00 ,$257.50 ,$437.50 ,$437.50 ,
2940007,KEYSTONE CIRCLE,TOASewer,RES,PUBLIC,PUBLIC,26-Mar-12,N/A,32,$4.53 ,$144.96 ,$180.00 ,$180.00 ,$257.50 ,$437.50 ,$437.50 ,
2940008,KEYSTONE CIRCLE,TOASewer,RES,PUBLIC,PUBLIC,26-Nov-08,N/A,20,$4.53 ,$90.60 ,$180.00 ,$180.00 ,$257.50 ,$437.50 ,$437.50 ,
2940009,KEYSTONE CIRCLE,TOASewer,RES,PUBLIC,PUBLIC,1-Dec-97,N/A,38,$4.53 ,$172.14 ,$180.00 ,$180.00 ,$257.50 ,$437.50 ,$437.50 ,
2940010,KEYSTONE CIRCLE,TOASewer,RES,PUBLIC,PUBLIC,11-Mar-03,N/A,18,$4.53 ,$81.54 ,$180.00 ,$180.00 ,$257.50 ,$437.50 ,$437.50 ,
4940005,KING RICHARDS COURT,TOASewer,RES,PUBLIC,PUBLIC,24-Aug-17,N/A,56,$4.53 ,$253.68 ,$253.68 ,$253.68 ,$257.50 ,$511.18 ,$511.18 ,
4940009,KING RICHARDS COURT,TOASewer,RES,PUBLIC,PUBLIC,12-Sep-97,N/A,68,$4.53 ,$308.04 ,$308.04 ,$308.04 ,$257.50 ,$565.54 ,$565.54 ,
4940015,KING RICHARDS COURT,TOASewer,RES,PUBLIC,PUBLIC,7-Dec-20,N/A,4,$4.53 ,$18.12 ,$180.00 ,$180.00 ,$257.50 ,$437.50 ,$437.50 ,
4940024,KING RICHARDS COURT,TOASewer,RES,PUBLIC,PUBLIC,27-Apr-21,Y,N/A,N/A,N/A,,$257.50 ,$257.50 ,$515.00 ,$515.00 ,
4940027,KING RICHARDS COURT,TOASewer,RES,PUBLIC,PUBLIC,28-Jun-16,N/A,86,$4.53 ,$389.58 ,$389.58 ,$389.58 ,$257.50 ,$647.08 ,$647.08 ,
4940032,KING RICHARDS COURT,TOASewer,RES,PUBLIC,PUBLIC,24-Sep-12,N/A,72,$4.53 ,$326.16 ,$326.16 ,$326.16 ,$257.50 ,$583.66 ,$583.66 ,
4940033,KING RICHARDS COURT,TOASewer,RES,PUBLIC,PUBLIC,13-Aug-04,N/A,50,$4.53 ,$226.50 ,$226.50 ,$226.50 ,$257.50 ,$484.00 ,$484.00 ,
4850104,KINGS WOOD DRIVE,TOASewer,RES,PUBLIC,PUBLIC,21-Sep-16,N/A,114,$4.53 ,$516.42 ,$516.42 ,$516.42 ,$257.50 ,$773.92 ,$773.92 ,
4850111,KINGS WOOD DRIVE,TOASewer,RES,PUBLIC,PUBLIC,28-Nov-17,N/A,78,$4.53 ,$353.34 ,$353.34 ,$353.34 ,$257.50 ,$610.84 ,$610.84 ,
4850112,KINGS WOOD DRIVE,TOASewer,RES,PUBLIC,PUBLIC,19-Aug-99,N/A,32,$4.53 ,$144.96 ,$180.00 ,$180.00 ,$257.50 ,$437.50 ,$437.50 ,
4850117,KINGS WOOD DRIVE,TOASewer,RES,PUBLIC,PUBLIC,4-Aug-16,N/A,82,$4.53 ,$371.46 ,$371.46 ,$371.46 ,$257.50 ,$628.96 ,$628.96 ,
4850118,KINGS WOOD DRIVE,TOASewer,RES,PUBLIC,PUBLIC,12-May-98,N/A,72,$4.53 ,$326.16 ,$326.16 ,$326.16 ,$257.50 ,$583.66 ,$583.66 ,
4850125,KINGS WOOD DRIVE,TOASewer,RES,PUBLIC,PUBLIC,2-Oct-14,N/A,100,$4.53 ,$453.00 ,$453.00 ,$453.00 ,$257.50 ,$710.50 ,$710.50 ,
4850126,KINGS WOOD DRIVE,TOASewer,RES,PUBLIC,PUBLIC,20-Jan-98,N/A,32,$4.53 ,$144.96 ,$180.00 ,$180.00 ,$257.50 ,$437.50 ,$437.50 ,
4850133,KINGS WOOD DRIVE,TOASewer,RES,PUBLIC,PUBLIC,17-Oct-19,N/A,48,$4.53 ,$217.44 ,$217.44 ,$217.44 ,$257.50 ,$474.94 ,$474.94 ,
4850134,KINGS WOOD DRIVE,TOASewer,RES,PUBLIC,PUBLIC,29-Mar-12,N/A,52,$4.53 ,$235.56 ,$235.56 ,$235.56 ,$257.50 ,$493.06 ,$493.06 ,
4850140,KINGS WOOD DRIVE,TOASewer,RES,PUBLIC,PUBLIC,19-Jun-00,N/A,42,$4.53 ,$190.26 ,$190.26 ,$190.26 ,$257.50 ,$447.76 ,$447.76 ,
4850145,KINGS WOOD DRIVE,TOASewer,RES,PUBLIC,PUBLIC,19-Jun-06,N/A,40,$4.53 ,$181.20 ,$181.20 ,$181.20 ,$257.50 ,$438.70 ,$438.70 ,
4850148,KINGS WOOD DRIVE,TOASewer,RES,PUBLIC,PUBLIC,8-Jun-21,Y,N/A,N/A,N/A,,$257.50 ,$257.50 ,$515.00 ,$515.00 ,
4850151,KINGS WOOD DRIVE,TOASewer,RES,PUBLIC,PUBLIC,9-Aug-01,N/A,38,$4.53 ,$172.14 ,$180.00 ,$180.00 ,$257.50 ,$437.50 ,$437.50 ,
4850156,KINGS WOOD DRIVE,TOASewer,RES,PUBLIC,PUBLIC,14-Oct-09,N/A,58,$4.53 ,$262.74 ,$262.74 ,$262.74 ,$257.50 ,$520.24 ,$520.24 ,
4850157,KINGS WOOD DRIVE,TOASewer,RES,PUBLIC,PUBLIC,12-Feb-16,N/A,40,$4.53 ,$181.20 ,$181.20 ,$181.20 ,$257.50 ,$438.70 ,$438.70 ,
4850163,KINGS WOOD DRIVE,TOASewer,RES,PUBLIC,PUBLIC,2-Nov-15,N/A,24,$4.53 ,$108.72 ,$180.00 ,$180.00 ,$257.50 ,$437.50 ,$437.50 ,
4850164,KINGS WOOD DRIVE,TOASewer,RES,PUBLIC,PUBLIC,11-Jul-14,N/A,58,$4.53 ,$262.74 ,$262.74 ,$262.74 ,$257.50 ,$520.24 ,$520.24 ,
4850175,KINGS WOOD DRIVE,TOASewer,RES,PUBLIC,PUBLIC,15-Sep-14,N/A,86,$4.53 ,$389.58 ,$389.58 ,$389.58 ,$257.50 ,$647.08 ,$647.08 ,
4850176,KINGS WOOD DRIVE,TOASewer,RES,PUBLIC,PUBLIC,31-Mar-11,N/A,76,$4.53 ,$344.28 ,$344.28 ,$344.28 ,$257.50 ,$601.78 ,$601.78 ,
4850184,KINGS WOOD DRIVE,TOASewer,RES,PUBLIC,PUBLIC,28-Jun-18,N/A,90,$4.53 ,$407.70 ,$407.70 ,$407.70 ,$257.50 ,$665.20 ,$665.20 ,
4850192,KINGS WOOD DRIVE,TOASewer,RES,PUBLIC,PUBLIC,1-Aug-19,N/A,50,$4.53 ,$226.50 ,$226.50 ,$226.50 ,$257.50 ,$484.00 ,$484.00 ,
2960001,KIRBYSHIRE,TOASewer,RES,PUBLIC,PUBLIC,4-Apr-17,N/A,48,$4.53 ,$217.44 ,$217.44 ,$217.44 ,$257.50 ,$474.94 ,$474.94 ,
2960002,KIRBYSHIRE,TOASewer,RES,PUBLIC,PUBLIC,31-Oct-94,N/A,4,$4.53 ,$18.12 ,$180.00 ,$180.00 ,$257.50 ,$437.50 ,$437.50 ,
2960003,KIRBYSHIRE,TOASewer,RES,PUBLIC,PUBLIC,20-Nov-14,N/A,6,$4.53 ,$27.18 ,$180.00 ,$180.00 ,$257.50 ,$437.50 ,$437.50 ,
2960004,KIRBYSHIRE,TOASewer,RES,PUBLIC,PUBLIC,1-Mar-07,N/A,26,$4.53 ,$117.78 ,$180.00 ,$180.00 ,$257.50 ,$437.50 ,$437.50 ,
2960005,KIRBYSHIRE,TOASewer,RES,PUBLIC,PUBLIC,31-Aug-89,N/A,64,$4.53 ,$289.92 ,$289.92 ,$289.92 ,$257.50 ,$547.42 ,$547.42 ,
2960006,KIRBYSHIRE,TOASewer,RES,PUBLIC,PUBLIC,30-Sep-96,N/A,12,$4.53 ,$54.36 ,$180.00 ,$180.00 ,$257.50 ,$437.50 ,$437.50 ,
2960007,KIRBYSHIRE,TOASewer,RES,PUBLIC,PUBLIC,8-Aug-90,N/A,8,$4.53 ,$36.24 ,$180.00 ,$180.00 ,$257.50 ,$437.50 ,$437.50 ,
2960008,KIRBYSHIRE,TOASewer,RES,PUBLIC,PUBLIC,25-Sep-97,N/A,0,$4.53 , $-   ,$180.00 ,$180.00 ,$257.50 ,$437.50 ,$437.50 ,
6410006,KNOLL LANE,TOASewer,RES,PUBLIC,PUBLIC,23-Dec-11,N/A,18,$4.53 ,$81.54 ,$180.00 ,$180.00 ,$257.50 ,$437.50 ,$437.50 ,
6410009,KNOLL LANE,TOASewer,RES,PUBLIC,PUBLIC,5-Nov-12,N/A,44,$4.53 ,$199.32 ,$199.32 ,$199.32 ,$257.50 ,$456.82 ,$456.82 ,
6410012,KNOLL LANE,TOASewer,RES,PUBLIC,PUBLIC,30-Dec-11,N/A,68,$4.53 ,$308.04 ,$308.04 ,$308.04 ,$257.50 ,$565.54 ,$565.54 ,
6410015,KNOLL LANE,TOASewer,RES,PUBLIC,PUBLIC,3-Jan-12,N/A,94,$4.53 ,$425.82 ,$425.82 ,$425.82 ,$257.50 ,$683.32 ,$683.32 ,
6410019,KNOLL LANE,TOASewer,RES,PUBLIC,PUBLIC,19-Nov-21,Y,N/A,N/A,N/A,,$257.50 ,$257.50 ,$515.00 ,$515.00 ,
6410020,KNOLL LANE,TOASewer,RES,PUBLIC,PUBLIC,21-Nov-12,N/A,78,$4.53 ,$353.34 ,$353.34 ,$353.34 ,$257.50 ,$610.84 ,$610.84 ,
6410023,KNOLL LANE,TOASewer,RES,PUBLIC,,27-Dec-11,N/A,182,$4.53 ,$824.46 ,$824.46 ,$824.46 ,$257.50 ,"$1,081.96 ","$1,081.96 ",
6410027,KNOLL LANE,TOASewer,RES,PUBLIC,PUBLIC,21-Aug-13,N/A,74,$4.53 ,$335.22 ,$335.22 ,$335.22 ,$257.50 ,$592.72 ,$592.72 ,
2980005,LAKEVIEW BOULEVARD,TOASewer,RES,PUBLIC,PUBLIC,2-Sep-03,N/A,54,$4.53 ,$244.62 ,$244.62 ,$244.62 ,$257.50 ,$502.12 ,$502.12 ,
2980012,LAKEVIEW BOULEVARD,TOASewer,RES,PUBLIC,PUBLIC,25-Jan-17,N/A,26,$4.53 ,$117.78 ,$180.00 ,$180.00 ,$257.50 ,$437.50 ,$437.50 ,
2980015,LAKEVIEW BOULEVARD,TOASewer,RES,PUBLIC,PUBLIC,5-Jan-93,N/A,42,$4.53 ,$190.26 ,$190.26 ,$190.26 ,$257.50 ,$447.76 ,$447.76 ,
2980019,LAKEVIEW BOULEVARD,TOASewer,RES,WELL,PRIVATE,N/A,N/A,N/A,N/A,N/A,,$257.50 ,$257.50 ,$515.00 ,$515.00 ,
2980020,LAKEVIEW BOULEVARD,TOASewer,RES,PUBLIC,PUBLIC,1-Dec-99,N/A,24,$4.53 ,$108.72 ,$180.00 ,$180.00 ,$257.50 ,$437.50 ,$437.50 ,
2980021,LAKEVIEW BOULEVARD,TOASewer,RES,PUBLIC,PUBLIC,1-Apr-10,N/A,98,$4.53 ,$443.94 ,$443.94 ,$443.94 ,$257.50 ,$701.44 ,$701.44 ,
2980025,LAKEVIEW BOULEVARD,TOASewer,RES,PUBLIC,PUBLIC,22-Dec-14,N/A,58,$4.53 ,$262.74 ,$262.74 ,$262.74 ,$257.50 ,$520.24 ,$520.24 ,
2980027,LAKEVIEW BOULEVARD,TOASewer,RES,PUBLIC,PUBLIC,1-Dec-99,N/A,52,$4.53 ,$235.56 ,$235.56 ,$235.56 ,$257.50 ,$493.06 ,$493.06 ,
2980028,LAKEVIEW BOULEVARD,TOASewer,RES,PUBLIC,PUBLIC,18-Oct-95,N/A,24,$4.53 ,$108.72 ,$180.00 ,$180.00 ,$257.50 ,$437.50 ,$437.50 ,
2980032,LAKEVIEW BOULEVARD,TOASewer,RES,PUBLIC,PUBLIC,23-Jun-17,N/A,32,$4.53 ,$144.96 ,$180.00 ,$180.00 ,$257.50 ,$437.50 ,$437.50 ,
2980035,LAKEVIEW BOULEVARD,TOASewer,RES,PUBLIC,PUBLIC,17-Feb-76,N/A,48,$4.53 ,$217.44 ,$217.44 ,$217.44 ,$257.50 ,$474.94 ,$474.94 ,
2980041,LAKEVIEW BOULEVARD,TOASewer,RES,PUBLIC,PUBLIC,14-Nov-84,N/A,46,$4.53 ,$208.38 ,$208.38 ,$208.38 ,$257.50 ,$465.88 ,$465.88 ,
2980045,LAKEVIEW BOULEVARD,TOASewer,RES,WELL,PRIVATE,N/A,N/A,N/A,N/A,N/A,,$257.50 ,$257.50 ,$515.00 ,$515.00 ,
2980046,LAKEVIEW BOULEVARD,TOASewer,RES,PUBLIC,PUBLIC,23-Nov-21,Y,N/A,N/A,N/A,,$257.50 ,$257.50 ,$515.00 ,$515.00 ,
2980051,LAKEVIEW BOULEVARD,TOASewer,RES,WELL,PRIVATE,N/A,N/A,N/A,N/A,N/A,,$257.50 ,$257.50 ,$515.00 ,$515.00 ,
5170001,LANCASTER COURT,TOASewer,RES,PUBLIC,PUBLIC,1-Aug-02,N/A,4,$4.53 ,$18.12 ,$180.00 ,$180.00 ,$257.50 ,$437.50 ,$437.50 ,
5170002,LANCASTER COURT,TOASewer,RES,PUBLIC,PUBLIC,11-Jul-16,N/A,66,$4.53 ,$298.98 ,$298.98 ,$298.98 ,$257.50 ,$556.48 ,$556.48 ,
5170003,LANCASTER COURT,TOASewer,RES,PUBLIC,PUBLIC,20-Dec-02,N/A,32,$4.53 ,$144.96 ,$180.00 ,$180.00 ,$257.50 ,$437.50 ,$437.50 ,
5170004,LANCASTER COURT,TOASewer,RES,PUBLIC,PUBLIC,12-Aug-21,Y,N/A,N/A,N/A,,$257.50 ,$257.50 ,$515.00 ,$515.00 ,
5170005,LANCASTER COURT,TOASewer,RES,PUBLIC,PUBLIC,10-Apr-03,N/A,4,$4.53 ,$18.12 ,$180.00 ,$180.00 ,$257.50 ,$437.50 ,$437.50 ,
5170006,LANCASTER COURT,TOASewer,RES,PUBLIC,PUBLIC,4-Mar-13,N/A,50,$4.53 ,$226.50 ,$226.50 ,$226.50 ,$257.50 ,$484.00 ,$484.00 ,
5170007,LANCASTER COURT,TOASewer,RES,PUBLIC,PUBLIC,6-Feb-19,N/A,18,$4.53 ,$81.54 ,$180.00 ,$180.00 ,$257.50 ,$437.50 ,$437.50 ,
5170008,LANCASTER COURT,TOASewer,RES,PUBLIC,PUBLIC,27-Jun-02,N/A,36,$4.53 ,$163.08 ,$180.00 ,$180.00 ,$257.50 ,$437.50 ,$437.50 ,
5170009,LANCASTER COURT,TOASewer,RES,PUBLIC,PUBLIC,10-Apr-17,N/A,24,$4.53 ,$108.72 ,$180.00 ,$180.00 ,$257.50 ,$437.50 ,$437.50 ,
5170010,LANCASTER COURT,TOASewer,RES,PUBLIC,PUBLIC,1-Apr-13,N/A,44,$4.53 ,$199.32 ,$199.32 ,$199.32 ,$257.50 ,$456.82 ,$456.82 ,
5170011,LANCASTER COURT,TOASewer,RES,PUBLIC,PUBLIC,4-Apr-05,N/A,62,$4.53 ,$280.86 ,$280.86 ,$280.86 ,$257.50 ,$538.36 ,$538.36 ,
6030001,LARKSPUR LANE,TOASewer,RES,PUBLIC,PUBLIC,22-Jul-19,N/A,24,$4.53 ,$108.72 ,$180.00 ,$180.00 ,$257.50 ,$437.50 ,$437.50 ,
6030002,LARKSPUR LANE,TOASewer,RES,PUBLIC,PUBLIC,1-May-17,N/A,36,$4.53 ,$163.08 ,$180.00 ,$180.00 ,$257.50 ,$437.50 ,$437.50 ,
6030003,LARKSPUR LANE,TOASewer,RES,PUBLIC,PUBLIC,1-Mar-12,N/A,22,$4.53 ,$99.66 ,$180.00 ,$180.00 ,$257.50 ,$437.50 ,$437.50 ,
6030004,LARKSPUR LANE,TOASewer,RES,PUBLIC,PUBLIC,3-May-04,N/A,34,$4.53 ,$154.02 ,$180.00 ,$180.00 ,$257.50 ,$437.50 ,$437.50 ,
6030005,LARKSPUR LANE,TOASewer,RES,PUBLIC,PUBLIC,7-Apr-11,N/A,38,$4.53 ,$172.14 ,$180.00 ,$180.00 ,$257.50 ,$437.50 ,$437.50 ,
6030006,LARKSPUR LANE,TOASewer,RES,PUBLIC,PUBLIC,6-Dec-02,N/A,12,$4.53 ,$54.36 ,$180.00 ,$180.00 ,$257.50 ,$437.50 ,$437.50 ,
6030008,LARKSPUR LANE,TOASewer,RES,PUBLIC,PUBLIC,11-Jun-21,Y,N/A,N/A,N/A,,$257.50 ,$257.50 ,$515.00 ,$515.00 ,
6030010,LARKSPUR LANE,TOASewer,RES,PUBLIC,PUBLIC,28-Sep-06,N/A,32,$4.53 ,$144.96 ,$180.00 ,$180.00 ,$257.50 ,$437.50 ,$437.50 ,
2990001,LAUREL LANE,TOASewer,RES,PUBLIC,PUBLIC,3-Oct-78,N/A,18,$4.53 ,$81.54 ,$180.00 ,$180.00 ,$257.50 ,$437.50 ,$437.50 ,
2990002,LAUREL LANE,TOASewer,RES,PUBLIC,PUBLIC,16-Apr-19,N/A,68,$4.53 ,$308.04 ,$308.04 ,$308.04 ,$257.50 ,$565.54 ,$565.54 ,
2990003,LAUREL LANE,TOASewer,RES,PUBLIC,PUBLIC,22-Jul-20,N/A,54,$4.53 ,$244.62 ,$244.62 ,$244.62 ,$257.50 ,$502.12 ,$502.12 ,
2990004,LAUREL LANE,TOASewer,RES,PUBLIC,PUBLIC,12-Jul-04,N/A,28,$4.53 ,$126.84 ,$180.00 ,$180.00 ,$257.50 ,$437.50 ,$437.50 ,
2990005,LAUREL LANE,TOASewer,RES,PUBLIC,PUBLIC,3-Jul-06,N/A,42,$4.53 ,$190.26 ,$190.26 ,$190.26 ,$257.50 ,$447.76 ,$447.76 ,
2990006,LAUREL LANE,TOASewer,RES,PUBLIC,PUBLIC,19-Aug-13,N/A,18,$4.53 ,$81.54 ,$180.00 ,$180.00 ,$257.50 ,$437.50 ,$437.50 ,
2990007,LAUREL LANE,TOASewer,RES,PUBLIC,PUBLIC,27-Jun-13,N/A,34,$4.53 ,$154.02 ,$180.00 ,$180.00 ,$257.50 ,$437.50 ,$437.50 ,
2990008,LAUREL LANE,TOASewer,RES,PUBLIC,PUBLIC,3-Dec-07,N/A,12,$4.53 ,$54.36 ,$180.00 ,$180.00 ,$257.50 ,$437.50 ,$437.50 ,
2990009,LAUREL LANE,TOASewer,RES,PUBLIC,PUBLIC,29-Jul-02,N/A,16,$4.53 ,$72.48 ,$180.00 ,$180.00 ,$257.50 ,$437.50 ,$437.50 ,
2990010,LAUREL LANE,TOASewer,RES,PUBLIC,PUBLIC,15-Aug-18,N/A,42,$4.53 ,$190.26 ,$190.26 ,$190.26 ,$257.50 ,$447.76 ,$447.76 ,
2990011,LAUREL LANE,TOASewer,RES,PUBLIC,PUBLIC,8-Jul-14,N/A,26,$4.53 ,$117.78 ,$180.00 ,$180.00 ,$257.50 ,$437.50 ,$437.50 ,
2990012,LAUREL LANE,TOASewer,RES,PUBLIC,PUBLIC,19-Oct-20,N/A,14,$4.53 ,$63.42 ,$180.00 ,$180.00 ,$257.50 ,$437.50 ,$437.50 ,
2990013,LAUREL LANE,TOASewer,RES,PUBLIC,PUBLIC,27-Feb-13,N/A,52,$4.53 ,$235.56 ,$235.56 ,$235.56 ,$257.50 ,$493.06 ,$493.06 ,
3000010,LAWRENCE AVENUE,TOASewer,RES,WELL,PRIVATE,N/A,N/A,N/A,N/A,N/A,,$257.50 ,$257.50 ,$515.00 ,$515.00 ,
3000011,LAWRENCE AVENUE,TOASewer,RES,WELL,PRIVATE,N/A,N/A,N/A,N/A,N/A,,$257.50 ,$257.50 ,$515.00 ,$515.00 ,
3000014,LAWRENCE AVENUE,TOASewer,RES,WELL,PRIVATE,N/A,N/A,N/A,N/A,N/A,,$257.50 ,$257.50 ,$515.00 ,$515.00 ,
3000015,LAWRENCE AVENUE,TOASewer,RES,WELL,PRIVATE,N/A,N/A,N/A,N/A,N/A,,$257.50 ,$257.50 ,$515.00 ,$515.00 ,
3000018,LAWRENCE AVENUE,TOASewer,RES,WELL,PRIVATE,N/A,N/A,N/A,N/A,N/A,,$257.50 ,$257.50 ,$515.00 ,$515.00 ,
3000019,LAWRENCE AVENUE,TOASewer,RES,WELL,PRIVATE,N/A,N/A,N/A,N/A,N/A,,$257.50 ,$257.50 ,$515.00 ,$515.00 ,
3000024,LAWRENCE AVENUE,TOASewer,RES,WELL,PRIVATE,N/A,N/A,N/A,N/A,N/A,,$257.50 ,$257.50 ,$515.00 ,$515.00 ,
3000031,LAWRENCE AVENUE,TOASewer,RES,WELL,PRIVATE,N/A,N/A,N/A,N/A,N/A,,$257.50 ,$257.50 ,$515.00 ,$515.00 ,
3000032,LAWRENCE AVENUE,TOASewer,RES,WELL,PRIVATE,N/A,N/A,N/A,N/A,N/A,,$257.50 ,$257.50 ,$515.00 ,$515.00 ,
3000035,LAWRENCE AVENUE,TOASewer,RES,WELL,PRIVATE,N/A,N/A,N/A,N/A,N/A,,$257.50 ,$257.50 ,$515.00 ,$515.00 ,
3000036,LAWRENCE AVENUE,TOASewer,RES,WELL,PRIVATE,N/A,N/A,N/A,N/A,N/A,,$257.50 ,$257.50 ,$515.00 ,$515.00 ,
3000038,LAWRENCE AVENUE,TOASewer,RES,WELL,PRIVATE,N/A,N/A,N/A,N/A,N/A,,$257.50 ,$257.50 ,$515.00 ,$515.00 ,
3000040,LAWRENCE AVENUE,TOASewer,RES,WELL,PRIVATE,N/A,N/A,N/A,N/A,N/A,,$257.50 ,$257.50 ,$515.00 ,$515.00 ,
3000043,LAWRENCE AVENUE,TOASewer,RES,WELL,PRIVATE,N/A,N/A,N/A,N/A,N/A,,$257.50 ,$257.50 ,$515.00 ,$515.00 ,
3000044,LAWRENCE AVENUE,TOASewer,RES,WELL,PRIVATE,N/A,N/A,N/A,N/A,N/A,,$257.50 ,$257.50 ,$515.00 ,$515.00 ,
3000048,LAWRENCE AVENUE,TOASewer,RES,WELL,PRIVATE,N/A,N/A,N/A,N/A,N/A,,$257.50 ,$257.50 ,$515.00 ,$515.00 ,
3000056,LAWRENCE AVENUE,TOASewer,RES,WELL,PRIVATE,N/A,N/A,N/A,N/A,N/A,,$257.50 ,$257.50 ,$515.00 ,$515.00 ,
3000057,LAWRENCE AVENUE,TOASewer,RES,WELL,PRIVATE,N/A,N/A,N/A,N/A,N/A,,$257.50 ,$257.50 ,$515.00 ,$515.00 ,
3000060,LAWRENCE AVENUE,TOASewer,RES,WELL,PRIVATE,N/A,N/A,N/A,N/A,N/A,,$257.50 ,$257.50 ,$515.00 ,$515.00 ,
3000061,LAWRENCE AVENUE,TOASewer,RES,WELL,PRIVATE,N/A,N/A,N/A,N/A,N/A,,$257.50 ,$257.50 ,$515.00 ,$515.00 ,
3000064,LAWRENCE AVENUE,TOASewer,RES,WELL,PRIVATE,N/A,N/A,N/A,N/A,N/A,,$257.50 ,$257.50 ,$515.00 ,$515.00 ,
3000072,LAWRENCE AVENUE,TOASewer,RES,WELL,PRIVATE,N/A,N/A,N/A,N/A,N/A,,$257.50 ,$257.50 ,$515.00 ,$515.00 ,
3000073,LAWRENCE AVENUE,TOASewer,RES,WELL,PRIVATE,N/A,N/A,N/A,N/A,N/A,,$257.50 ,$257.50 ,$515.00 ,$515.00 ,
3000076,LAWRENCE AVENUE,TOASewer,RES,WELL,PRIVATE,N/A,N/A,N/A,N/A,N/A,,$257.50 ,$257.50 ,$515.00 ,$515.00 ,
3000078,LAWRENCE AVENUE,TOASewer,RES,WELL,PRIVATE,N/A,N/A,N/A,N/A,N/A,,$257.50 ,$257.50 ,$515.00 ,$515.00 ,
3000082,LAWRENCE AVENUE,TOASewer,RES,WELL,PRIVATE,N/A,N/A,N/A,N/A,N/A,,$257.50 ,$257.50 ,$515.00 ,$515.00 ,
3000083,LAWRENCE AVENUE,TOASewer,RES,WELL,PRIVATE,N/A,N/A,N/A,N/A,N/A,,$257.50 ,$257.50 ,$515.00 ,$515.00 ,
3000086,LAWRENCE AVENUE,TOASewer,RES,WELL,PRIVATE,N/A,N/A,N/A,N/A,N/A,,$257.50 ,$257.50 ,$515.00 ,$515.00 ,
3000095,LAWRENCE AVENUE,TOASewer,RES,WELL,PRIVATE,N/A,N/A,N/A,N/A,N/A,,$257.50 ,$257.50 ,$515.00 ,$515.00 ,
3010007,LENOX ROAD,TOASewer,RES,PUBLIC,PUBLIC,7-Oct-20,N/A,0,$4.53 , $-   ,$180.00 ,$180.00 ,$257.50 ,$437.50 ,$437.50 ,
3010015,LENOX ROAD,TOASewer,RES,PUBLIC,PUBLIC,31-Aug-15,N/A,82,$4.53 ,$371.46 ,$371.46 ,$371.46 ,$257.50 ,$628.96 ,$628.96 ,
3010027,LENOX ROAD,TOASewer,RES,PUBLIC,PUBLIC,10-Nov-20,N/A,22,$4.53 ,$99.66 ,$180.00 ,$180.00 ,$257.50 ,$437.50 ,$437.50 ,
3010030,LENOX ROAD,TOASewer,RES,PUBLIC,PUBLIC,30-Sep-13,N/A,58,$4.53 ,$262.74 ,$262.74 ,$262.74 ,$257.50 ,$520.24 ,$520.24 ,
3010038,LENOX ROAD,TOASewer,RES,PUBLIC,PUBLIC,27-Jul-15,N/A,62,$4.53 ,$280.86 ,$280.86 ,$280.86 ,$257.50 ,$538.36 ,$538.36 ,
3010046,LENOX ROAD,TOASewer,RES,PUBLIC,PUBLIC,12-Jan-15,N/A,92,$4.53 ,$416.76 ,$416.76 ,$416.76 ,$257.50 ,$674.26 ,$674.26 ,
3010052,LENOX ROAD,TOASewer,RES,PUBLIC,PUBLIC,24-Aug-15,N/A,58,$4.53 ,$262.74 ,$262.74 ,$262.74 ,$257.50 ,$520.24 ,$520.24 ,
3010055,LENOX ROAD,TOASewer,RES,PUBLIC,PUBLIC,23-Dec-15,N/A,50,$4.53 ,$226.50 ,$226.50 ,$226.50 ,$257.50 ,$484.00 ,$484.00 ,
3010061,LENOX ROAD,TOASewer,RES,PUBLIC,PUBLIC,28-Sep-15,N/A,70,$4.53 ,$317.10 ,$317.10 ,$317.10 ,$257.50 ,$574.60 ,$574.60 ,
3020011,LEXINGTON ROAD,TOASewer,RES,PUBLIC,PUBLIC,23-Mar-18,N/A,74,$4.53 ,$335.22 ,$335.22 ,$335.22 ,$257.50 ,$592.72 ,$592.72 ,
3020014,LEXINGTON ROAD,TOASewer,RES,PUBLIC,PUBLIC,1-Mar-02,N/A,78,$4.53 ,$353.34 ,$353.34 ,$353.34 ,$257.50 ,$610.84 ,$610.84 ,
3020031,LEXINGTON ROAD,TOASewer,RES,PUBLIC,PUBLIC,30-Nov-12,N/A,34,$4.53 ,$154.02 ,$180.00 ,$180.00 ,$257.50 ,$437.50 ,$437.50 ,
3020035,LEXINGTON ROAD,TOASewer,RES,PUBLIC,PUBLIC,1-Feb-95,N/A,52,$4.53 ,$235.56 ,$235.56 ,$235.56 ,$257.50 ,$493.06 ,$493.06 ,
3020043,LEXINGTON ROAD,TOASewer,RES,PUBLIC,PUBLIC,31-Aug-21,Y,N/A,N/A,N/A,,$257.50 ,$257.50 ,$515.00 ,$515.00 ,
3020049,LEXINGTON ROAD,TOASewer,RES,PUBLIC,PUBLIC,19-Jul-19,N/A,72,$4.53 ,$326.16 ,$326.16 ,$326.16 ,$257.50 ,$583.66 ,$583.66 ,
3020055,LEXINGTON ROAD,TOASewer,RES,PUBLIC,PUBLIC,19-Sep-13,N/A,76,$4.53 ,$344.28 ,$344.28 ,$344.28 ,$257.50 ,$601.78 ,$601.78 ,
3020063,LEXINGTON ROAD,TOASewer,RES,PUBLIC,PUBLIC,6-Nov-95,N/A,94,$4.53 ,$425.82 ,$425.82 ,$425.82 ,$257.50 ,$683.32 ,$683.32 ,
3020067,LEXINGTON ROAD,TOASewer,RES,PUBLIC,PUBLIC,14-Jul-03,N/A,60,$4.53 ,$271.80 ,$271.80 ,$271.80 ,$257.50 ,$529.30 ,$529.30 ,
3020071,LEXINGTON ROAD,TOASewer,RES,PUBLIC,PUBLIC,18-Nov-11,N/A,44,$4.53 ,$199.32 ,$199.32 ,$199.32 ,$257.50 ,$456.82 ,$456.82 ,
3020075,LEXINGTON ROAD,TOASewer,RES,PUBLIC,PUBLIC,20-May-20,N/A,114,$4.53 ,$516.42 ,$516.42 ,$516.42 ,$257.50 ,$773.92 ,$773.92 ,
3020076,LEXINGTON ROAD,TOASewer,RES,PUBLIC,PUBLIC,3-Jun-21,Y,N/A,N/A,N/A,,$257.50 ,$257.50 ,$515.00 ,$515.00 ,
3020079,LEXINGTON ROAD,TOASewer,RES,PUBLIC,PUBLIC,18-Aug-97,N/A,132,$4.53 ,$597.96 ,$597.96 ,$597.96 ,$257.50 ,$855.46 ,$855.46 ,
6370004,LINDEN LANE,TOASewer,RES,PUBLIC,PUBLIC,11-Jan-13,N/A,114,$4.53 ,$516.42 ,$516.42 ,$516.42 ,$257.50 ,$773.92 ,$773.92 ,
6370007,LINDEN LANE,TOASewer,RES,PUBLIC,PUBLIC,15-Jun-21,Y,N/A,N/A,N/A,,$257.50 ,$257.50 ,$515.00 ,$515.00 ,
6370008,LINDEN LANE,TOASewer,RES,PUBLIC,PUBLIC,7-Aug-12,N/A,86,$4.53 ,$389.58 ,$389.58 ,$389.58 ,$257.50 ,$647.08 ,$647.08 ,
6370011,LINDEN LANE,TOASewer,RES,PUBLIC,PUBLIC,21-Oct-14,N/A,112,$4.53 ,$507.36 ,$507.36 ,$507.36 ,$257.50 ,$764.86 ,$764.86 ,
5260001,LITCHFIELD LANE,TOASewer,RES,PUBLIC,PUBLIC,12-Aug-16,N/A,54,$4.53 ,$244.62 ,$244.62 ,$244.62 ,$257.50 ,$502.12 ,$502.12 ,
5260002,LITCHFIELD LANE,TOASewer,RES,PUBLIC,PUBLIC,30-Mar-07,N/A,6,$4.53 ,$27.18 ,$180.00 ,$180.00 ,$257.50 ,$437.50 ,$437.50 ,
5260003,LITCHFIELD LANE,TOASewer,RES,PUBLIC,PUBLIC,22-Jun-18,N/A,40,$4.53 ,$181.20 ,$181.20 ,$181.20 ,$257.50 ,$438.70 ,$438.70 ,
5260004,LITCHFIELD LANE,TOASewer,RES,PUBLIC,PUBLIC,30-Jan-19,N/A,20,$4.53 ,$90.60 ,$180.00 ,$180.00 ,$257.50 ,$437.50 ,$437.50 ,
5260005,LITCHFIELD LANE,TOASewer,RES,PUBLIC,PUBLIC,15-Jul-14,N/A,28,$4.53 ,$126.84 ,$180.00 ,$180.00 ,$257.50 ,$437.50 ,$437.50 ,
5260006,LITCHFIELD LANE,TOASewer,RES,PUBLIC,PUBLIC,16-Sep-20,N/A,72,$4.53 ,$326.16 ,$326.16 ,$326.16 ,$257.50 ,$583.66 ,$583.66 ,
3030009,LOFGREN ROAD,TOASewer,RES,PUBLIC,PUBLIC,4-Sep-01,N/A,38,$4.53 ,$172.14 ,$180.00 ,$180.00 ,$257.50 ,$437.50 ,$437.50 ,
3030018,LOFGREN ROAD,TOASewer,RES,PUBLIC,PUBLIC,12-Mar-19,N/A,68,$4.53 ,$308.04 ,$308.04 ,$308.04 ,$257.50 ,$565.54 ,$565.54 ,
3030026,LOFGREN ROAD,TOASewer,RES,PUBLIC,PUBLIC,9-Dec-04,N/A,38,$4.53 ,$172.14 ,$180.00 ,$180.00 ,$257.50 ,$437.50 ,$437.50 ,
3030038,LOFGREN ROAD,TOASewer,RES,PUBLIC,PUBLIC,26-Sep-12,N/A,92,$4.53 ,$416.76 ,$416.76 ,$416.76 ,$257.50 ,$674.26 ,$674.26 ,
3030046,LOFGREN ROAD,TOASewer,RES,PUBLIC,PUBLIC,31-Jul-03,N/A,110,$4.53 ,$498.30 ,$498.30 ,$498.30 ,$257.50 ,$755.80 ,$755.80 ,
3030054,LOFGREN ROAD,TOASewer,RES,PUBLIC,PUBLIC,3-Aug-18,N/A,82,$4.53 ,$371.46 ,$371.46 ,$371.46 ,$257.50 ,$628.96 ,$628.96 ,
3030061,LOFGREN ROAD,TOASewer,RES,PUBLIC,PUBLIC,13-Aug-18,N/A,78,$4.53 ,$353.34 ,$353.34 ,$353.34 ,$257.50 ,$610.84 ,$610.84 ,
3030068,LOFGREN ROAD,TOASewer,RES,PUBLIC,PUBLIC,4-Mar-21,Y,N/A,N/A,N/A,,$257.50 ,$257.50 ,$515.00 ,$515.00 ,
3030076,LOFGREN ROAD,TOASewer,RES,PUBLIC,PUBLIC,7-Jul-20,N/A,80,$4.53 ,$362.40 ,$362.40 ,$362.40 ,$257.50 ,$619.90 ,$619.90 ,
3030077,LOFGREN ROAD,TOASewer,RES,PUBLIC,PUBLIC,24-Jul-12,N/A,62,$4.53 ,$280.86 ,$280.86 ,$280.86 ,$257.50 ,$538.36 ,$538.36 ,
3030082,LOFGREN ROAD,TOASewer,RES,PUBLIC,PUBLIC,11-Apr-14,N/A,62,$4.53 ,$280.86 ,$280.86 ,$280.86 ,$257.50 ,$538.36 ,$538.36 ,
3030085,LOFGREN ROAD,TOASewer,RES,PUBLIC,PUBLIC,15-Jun-11,N/A,56,$4.53 ,$253.68 ,$253.68 ,$253.68 ,$257.50 ,$511.18 ,$511.18 ,
3030094,LOFGREN ROAD,TOASewer,RES,PUBLIC,PUBLIC,14-Jul-17,N/A,70,$4.53 ,$317.10 ,$317.10 ,$317.10 ,$257.50 ,$574.60 ,$574.60 ,
3030102,LOFGREN ROAD,TOASewer,RES,PUBLIC,PUBLIC,27-Jun-17,N/A,84,$4.53 ,$380.52 ,$380.52 ,$380.52 ,$257.50 ,$638.02 ,$638.02 ,
6500002,LONDONDERRY COURT,TOASewer,RES,PUBLIC,PUBLIC,6-Feb-18,N/A,0,$4.53 , $-   ,$180.00 ,$180.00 ,$257.50 ,$437.50 ,$437.50 ,
6500004,LONDONDERRY COURT,TOASewer,RES,PUBLIC,PUBLIC,15-Jul-16,N/A,46,$4.53 ,$208.38 ,$208.38 ,$208.38 ,$257.50 ,$465.88 ,$465.88 ,
6500005,LONDONDERRY COURT,TOASewer,RES,PUBLIC,PUBLIC,3-Sep-19,N/A,54,$4.53 ,$244.62 ,$244.62 ,$244.62 ,$257.50 ,$502.12 ,$502.12 ,
6500006,LONDONDERRY COURT,TOASewer,RES,PUBLIC,PUBLIC,22-Jul-20,N/A,76,$4.53 ,$344.28 ,$344.28 ,$344.28 ,$257.50 ,$601.78 ,$601.78 ,
6500008,LONDONDERRY COURT,TOASewer,RES,PUBLIC,PUBLIC,2-Jan-18,N/A,102,$4.53 ,$462.06 ,$462.06 ,$462.06 ,$257.50 ,$719.56 ,$719.56 ,
6500009,LONDONDERRY COURT,TOASewer,RES,PUBLIC,PUBLIC,31-Dec-18,N/A,28,$4.53 ,$126.84 ,$180.00 ,$180.00 ,$257.50 ,$437.50 ,$437.50 ,
6500010,LONDONDERRY COURT,TOASewer,RES,PUBLIC,PUBLIC,25-Oct-16,N/A,18,$4.53 ,$81.54 ,$180.00 ,$180.00 ,$257.50 ,$437.50 ,$437.50 ,
6500011,LONDONDERRY COURT,TOASewer,RES,PUBLIC,PUBLIC,24-Aug-18,N/A,50,$4.53 ,$226.50 ,$226.50 ,$226.50 ,$257.50 ,$484.00 ,$484.00 ,
6500012,LONDONDERRY COURT,TOASewer,RES,PUBLIC,PUBLIC,23-May-16,N/A,6,$4.53 ,$27.18 ,$180.00 ,$180.00 ,$257.50 ,$437.50 ,$437.50 ,
6500014,LONDONDERRY COURT,TOASewer,RES,PUBLIC,PUBLIC,23-Nov-15,N/A,80,$4.53 ,$362.40 ,$362.40 ,$362.40 ,$257.50 ,$619.90 ,$619.90 ,
6500015,LONDONDERRY COURT,TOASewer,RES,PUBLIC,PUBLIC,4-Mar-16,N/A,30,$4.53 ,$135.90 ,$180.00 ,$180.00 ,$257.50 ,$437.50 ,$437.50 ,
3060022,LOVELY STREET,TOASewer,RES,PUBLIC,PUBLIC,10-Oct-03,N/A,46,$4.53 ,$208.38 ,$208.38 ,$208.38 ,$257.50 ,$465.88 ,$465.88 ,
3060026,LOVELY STREET,TOASewer,RES,PUBLIC,PUBLIC,7-Aug-20,N/A,38,$4.53 ,$172.14 ,$180.00 ,$180.00 ,$257.50 ,$437.50 ,$437.50 ,
3060030,LOVELY STREET,TOASewer,RES,PUBLIC,PUBLIC,3-Apr-64,N/A,20,$4.53 ,$90.60 ,$180.00 ,$180.00 ,$257.50 ,$437.50 ,$437.50 ,
3060038,LOVELY STREET,TOASewer,RES,PUBLIC,PUBLIC,18-Oct-17,N/A,54,$4.53 ,$244.62 ,$244.62 ,$244.62 ,$257.50 ,$502.12 ,$502.12 ,
3060224,LOVELY STREET,TOASewer,RES,PUBLIC,PUBLIC,25-Apr-63,N/A,44,$4.53 ,$199.32 ,$199.32 ,$199.32 ,$257.50 ,$456.82 ,$456.82 ,
3060265,LOVELY STREET,TOASewer,RES,PUBLIC,PUBLIC,8-Jul-16,N/A,38,$4.53 ,$172.14 ,$180.00 ,$180.00 ,$257.50 ,$437.50 ,$437.50 ,
3060380,LOVELY STREET,TOASewer,RES,PUBLIC,PUBLIC,24-May-63,N/A,72,$4.53 ,$326.16 ,$326.16 ,$326.16 ,$257.50 ,$583.66 ,$583.66 ,
3060415,LOVELY STREET,TOASewer,RES,PUBLIC,PUBLIC,15-Oct-13,N/A,36,$4.53 ,$163.08 ,$180.00 ,$180.00 ,$257.50 ,$437.50 ,$437.50 ,
3060468,LOVELY STREET,TOASewer,RES,PUBLIC,PUBLIC,28-Apr-09,N/A,62,$4.53 ,$280.86 ,$280.86 ,$280.86 ,$257.50 ,$538.36 ,$538.36 ,
3060476,LOVELY STREET,TOASewer,RES,PUBLIC,PUBLIC,16-Jul-02,N/A,56,$4.53 ,$253.68 ,$253.68 ,$253.68 ,$257.50 ,$511.18 ,$511.18 ,
3060482,LOVELY STREET,TOASewer,RES,PUBLIC,PUBLIC,1-Jan-01,N/A,46,$4.53 ,$208.38 ,$208.38 ,$208.38 ,$257.50 ,$465.88 ,$465.88 ,
3060485,LOVELY STREET,TOASewer,RES,PUBLIC,PUBLIC,1-Dec-05,N/A,66,$4.53 ,$298.98 ,$298.98 ,$298.98 ,$257.50 ,$556.48 ,$556.48 ,
3060490,LOVELY STREET,TOASewer,RES,PUBLIC,PUBLIC,27-Jun-05,N/A,46,$4.53 ,$208.38 ,$208.38 ,$208.38 ,$257.50 ,$465.88 ,$465.88 ,
3060492,LOVELY STREET,TOASewer,RES,WELL,PRIVATE,N/A,N/A,N/A,N/A,N/A,,$257.50 ,$257.50 ,$515.00 ,$515.00 ,
3060493,LOVELY STREET,TOASewer,RES,PUBLIC,PUBLIC,16-Mar-16,N/A,150,$4.53 ,$679.50 ,$679.50 ,$679.50 ,$257.50 ,$937.00 ,$937.00 ,
3060497,LOVELY STREET,TOASewer,RES,PUBLIC,PUBLIC,11-Apr-79,N/A,32,$4.53 ,$144.96 ,$180.00 ,$180.00 ,$257.50 ,$437.50 ,$437.50 ,
3060500,LOVELY STREET,TOASewer,RES,WELL,PRIVATE,N/A,N/A,N/A,N/A,N/A,,$257.50 ,$257.50 ,$515.00 ,$515.00 ,
3060501,LOVELY STREET,TOASewer,RES,PUBLIC,PUBLIC,14-Feb-84,N/A,68,$4.53 ,$308.04 ,$308.04 ,$308.04 ,$257.50 ,$565.54 ,$565.54 ,
3060503,LOVELY STREET,TOASewer,RES,PUBLIC,PUBLIC,25-Aug-21,Y,N/A,N/A,N/A,,$257.50 ,$257.50 ,$515.00 ,$515.00 ,
3060507,LOVELY STREET,TOASewer,RES,PUBLIC,PUBLIC,19-Feb-19,N/A,62,$4.53 ,$280.86 ,$280.86 ,$280.86 ,$257.50 ,$538.36 ,$538.36 ,
3060550,LOVELY STREET,TOASewer,RES,PUBLIC,PUBLIC,7-Jun-10,N/A,62,$4.53 ,$280.86 ,$280.86 ,$280.86 ,$257.50 ,$538.36 ,$538.36 ,
3060556,LOVELY STREET,TOASewer,RES,PUBLIC,PUBLIC,1-Aug-16,N/A,64,$4.53 ,$289.92 ,$289.92 ,$289.92 ,$257.50 ,$547.42 ,$547.42 ,
3060559,LOVELY STREET,TOASewer,RES,PUBLIC,PUBLIC,22-Nov-21,Y,N/A,N/A,N/A,,$257.50 ,$257.50 ,$515.00 ,$515.00 ,
3060562,LOVELY STREET,TOASewer,RES,PUBLIC,PUBLIC,4-Mar-20,N/A,18,$4.53 ,$81.54 ,$180.00 ,$180.00 ,$257.50 ,$437.50 ,$437.50 ,
3060580,LOVELY STREET,TOASewer,RES,PUBLIC,PUBLIC,15-Aug-97,N/A,78,$4.53 ,$353.34 ,$353.34 ,$353.34 ,$257.50 ,$610.84 ,$610.84 ,
3060586,LOVELY STREET,TOASewer,RES,PUBLIC,PUBLIC,30-Jul-12,N/A,38,$4.53 ,$172.14 ,$180.00 ,$180.00 ,$257.50 ,$437.50 ,$437.50 ,
3060592,LOVELY STREET,TOASewer,RES,PUBLIC,PUBLIC,18-Aug-03,N/A,178,$4.53 ,$806.34 ,$806.34 ,$806.34 ,$257.50 ,"$1,063.84 ","$1,063.84 ",
3060601,LOVELY STREET,TOASewer,RES,PUBLIC,PUBLIC,15-Oct-02,N/A,64,$4.53 ,$289.92 ,$289.92 ,$289.92 ,$257.50 ,$547.42 ,$547.42 ,
3060613,LOVELY STREET,TOASewer,RES,PUBLIC,PUBLIC,27-Aug-18,N/A,56,$4.53 ,$253.68 ,$253.68 ,$253.68 ,$257.50 ,$511.18 ,$511.18 ,
3060616,LOVELY STREET,TOASewer,RES,PUBLIC,PUBLIC,4-May-87,N/A,38,$4.53 ,$172.14 ,$180.00 ,$180.00 ,$257.50 ,$437.50 ,$437.50 ,
3060619,LOVELY STREET,TOASewer,RES,WELL,PRIVATE,N/A,N/A,N/A,N/A,N/A,,$257.50 ,$257.50 ,$515.00 ,$515.00 ,
5270001,LYME PLACE,TOASewer,RES,PUBLIC,PUBLIC,16-Aug-19,N/A,58,$4.53 ,$262.74 ,$262.74 ,$262.74 ,$257.50 ,$520.24 ,$520.24 ,
5270002,LYME PLACE,TOASewer,RES,PUBLIC,PUBLIC,15-Apr-19,N/A,18,$4.53 ,$81.54 ,$180.00 ,$180.00 ,$257.50 ,$437.50 ,$437.50 ,
5270003,LYME PLACE,TOASewer,RES,PUBLIC,PUBLIC,11-Jun-19,N/A,22,$4.53 ,$99.66 ,$180.00 ,$180.00 ,$257.50 ,$437.50 ,$437.50 ,
5270004,LYME PLACE,TOASewer,RES,PUBLIC,PUBLIC,19-Jun-17,N/A,26,$4.53 ,$117.78 ,$180.00 ,$180.00 ,$257.50 ,$437.50 ,$437.50 ,
5270005,LYME PLACE,TOASewer,RES,PUBLIC,PUBLIC,3-Nov-03,N/A,44,$4.53 ,$199.32 ,$199.32 ,$199.32 ,$257.50 ,$456.82 ,$456.82 ,
5270006,LYME PLACE,TOASewer,RES,PUBLIC,PUBLIC,27-Aug-07,N/A,50,$4.53 ,$226.50 ,$226.50 ,$226.50 ,$257.50 ,$484.00 ,$484.00 ,
5270007,LYME PLACE,TOASewer,RES,PUBLIC,PUBLIC,15-Aug-01,N/A,38,$4.53 ,$172.14 ,$180.00 ,$180.00 ,$257.50 ,$437.50 ,$437.50 ,
5270008,LYME PLACE,TOASewer,RES,PUBLIC,PUBLIC,28-Jul-16,N/A,8,$4.53 ,$36.24 ,$180.00 ,$180.00 ,$257.50 ,$437.50 ,$437.50 ,
5270009,LYME PLACE,TOASewer,RES,PUBLIC,PUBLIC,23-Sep-19,N/A,84,$4.53 ,$380.52 ,$380.52 ,$380.52 ,$257.50 ,$638.02 ,$638.02 ,
5270010,LYME PLACE,TOASewer,RES,PUBLIC,PUBLIC,10-Apr-17,N/A,34,$4.53 ,$154.02 ,$180.00 ,$180.00 ,$257.50 ,$437.50 ,$437.50 ,
5280001,MADISON LANE,TOASewer,RES,PUBLIC,PUBLIC,19-Apr-21,Y,N/A,N/A,N/A,,$257.50 ,$257.50 ,$515.00 ,$515.00 ,
5280002,MADISON LANE,TOASewer,RES,PUBLIC,PUBLIC,24-Jul-06,N/A,40,$4.53 ,$181.20 ,$181.20 ,$181.20 ,$257.50 ,$438.70 ,$438.70 ,
5280003,MADISON LANE,TOASewer,RES,PUBLIC,PUBLIC,30-Oct-98,N/A,22,$4.53 ,$99.66 ,$180.00 ,$180.00 ,$257.50 ,$437.50 ,$437.50 ,
5280004,MADISON LANE,TOASewer,RES,PUBLIC,PUBLIC,27-Feb-01,N/A,24,$4.53 ,$108.72 ,$180.00 ,$180.00 ,$257.50 ,$437.50 ,$437.50 ,
5280005,MADISON LANE,TOASewer,RES,PUBLIC,PUBLIC,1-May-20,N/A,50,$4.53 ,$226.50 ,$226.50 ,$226.50 ,$257.50 ,$484.00 ,$484.00 ,
5280006,MADISON LANE,TOASewer,RES,PUBLIC,PUBLIC,28-Feb-18,N/A,24,$4.53 ,$108.72 ,$180.00 ,$180.00 ,$257.50 ,$437.50 ,$437.50 ,
5280007,MADISON LANE,TOASewer,RES,PUBLIC,PUBLIC,27-Jun-05,N/A,32,$4.53 ,$144.96 ,$180.00 ,$180.00 ,$257.50 ,$437.50 ,$437.50 ,
5280008,MADISON LANE,TOASewer,RES,PUBLIC,PUBLIC,2-Oct-00,N/A,24,$4.53 ,$108.72 ,$180.00 ,$180.00 ,$257.50 ,$437.50 ,$437.50 ,
5280009,MADISON LANE,TOASewer,RES,PUBLIC,PUBLIC,24-Jun-21,Y,N/A,N/A,N/A,,$257.50 ,$257.50 ,$515.00 ,$515.00 ,
5280010,MADISON LANE,TOASewer,RES,PUBLIC,PUBLIC,12-Aug-96,N/A,10,$4.53 ,$45.30 ,$180.00 ,$180.00 ,$257.50 ,$437.50 ,$437.50 ,
5280011,MADISON LANE,TOASewer,RES,PUBLIC,PUBLIC,24-Nov-15,N/A,16,$4.53 ,$72.48 ,$180.00 ,$180.00 ,$257.50 ,$437.50 ,$437.50 ,
5280012,MADISON LANE,TOASewer,RES,PUBLIC,PUBLIC,18-Nov-19,N/A,60,$4.53 ,$271.80 ,$271.80 ,$271.80 ,$257.50 ,$529.30 ,$529.30 ,
5280013,MADISON LANE,TOASewer,RES,PUBLIC,PUBLIC,16-Jul-15,N/A,38,$4.53 ,$172.14 ,$180.00 ,$180.00 ,$257.50 ,$437.50 ,$437.50 ,
5280014,MADISON LANE,TOASewer,RES,PUBLIC,PUBLIC,10-Dec-21,Y,N/A,N/A,N/A,,$257.50 ,$257.50 ,$515.00 ,$515.00 ,
5280015,MADISON LANE,TOASewer,RES,PUBLIC,PUBLIC,2-Nov-00,N/A,54,$4.53 ,$244.62 ,$244.62 ,$244.62 ,$257.50 ,$502.12 ,$502.12 ,
5280016,MADISON LANE,TOASewer,RES,PUBLIC,PUBLIC,24-Apr-17,N/A,24,$4.53 ,$108.72 ,$180.00 ,$180.00 ,$257.50 ,$437.50 ,$437.50 ,
5280017,MADISON LANE,TOASewer,RES,PUBLIC,PUBLIC,1-Nov-10,N/A,6,$4.53 ,$27.18 ,$180.00 ,$180.00 ,$257.50 ,$437.50 ,$437.50 ,
5280018,MADISON LANE,TOASewer,RES,PUBLIC,PUBLIC,29-Jun-01,N/A,10,$4.53 ,$45.30 ,$180.00 ,$180.00 ,$257.50 ,$437.50 ,$437.50 ,
5280019,MADISON LANE,TOASewer,RES,PUBLIC,PUBLIC,17-Oct-12,N/A,40,$4.53 ,$181.20 ,$181.20 ,$181.20 ,$257.50 ,$438.70 ,$438.70 ,
5280020,MADISON LANE,TOASewer,RES,PUBLIC,PUBLIC,15-Jul-21,Y,N/A,N/A,N/A,,$257.50 ,$257.50 ,$515.00 ,$515.00 ,
5280021,MADISON LANE,TOASewer,RES,PUBLIC,PUBLIC,4-Oct-05,N/A,30,$4.53 ,$135.90 ,$180.00 ,$180.00 ,$257.50 ,$437.50 ,$437.50 ,
5280022,MADISON LANE,TOASewer,RES,PUBLIC,PUBLIC,23-Nov-04,N/A,34,$4.53 ,$154.02 ,$180.00 ,$180.00 ,$257.50 ,$437.50 ,$437.50 ,
5280023,MADISON LANE,TOASewer,RES,PUBLIC,PUBLIC,14-Jun-05,N/A,60,$4.53 ,$271.80 ,$271.80 ,$271.80 ,$257.50 ,$529.30 ,$529.30 ,
3070125,MALLARD DRIVE,TOASewer,RES,PUBLIC,PUBLIC,27-Jan-21,Y,N/A,N/A,N/A,,$257.50 ,$257.50 ,$515.00 ,$515.00 ,
3070126,MALLARD DRIVE,TOASewer,RES,PUBLIC,PUBLIC,26-Aug-04,N/A,12,$4.53 ,$54.36 ,$180.00 ,$180.00 ,$257.50 ,$437.50 ,$437.50 ,
3070127,MALLARD DRIVE,TOASewer,RES,PUBLIC,PUBLIC,21-Jun-10,N/A,34,$4.53 ,$154.02 ,$180.00 ,$180.00 ,$257.50 ,$437.50 ,$437.50 ,
3070128,MALLARD DRIVE,TOASewer,RES,PUBLIC,PUBLIC,24-Jul-14,N/A,30,$4.53 ,$135.90 ,$180.00 ,$180.00 ,$257.50 ,$437.50 ,$437.50 ,
3070129,MALLARD DRIVE,TOASewer,RES,PUBLIC,PUBLIC,18-Dec-09,N/A,42,$4.53 ,$190.26 ,$190.26 ,$190.26 ,$257.50 ,$447.76 ,$447.76 ,
3070130,MALLARD DRIVE,TOASewer,RES,PUBLIC,PUBLIC,17-Feb-17,N/A,26,$4.53 ,$117.78 ,$180.00 ,$180.00 ,$257.50 ,$437.50 ,$437.50 ,
3070131,MALLARD DRIVE,TOASewer,RES,PUBLIC,PUBLIC,18-Jun-20,N/A,46,$4.53 ,$208.38 ,$208.38 ,$208.38 ,$257.50 ,$465.88 ,$465.88 ,
3070132,MALLARD DRIVE,TOASewer,RES,PUBLIC,PUBLIC,4-Apr-11,N/A,18,$4.53 ,$81.54 ,$180.00 ,$180.00 ,$257.50 ,$437.50 ,$437.50 ,
3070133,MALLARD DRIVE,TOASewer,RES,PUBLIC,PUBLIC,16-Jul-98,N/A,28,$4.53 ,$126.84 ,$180.00 ,$180.00 ,$257.50 ,$437.50 ,$437.50 ,
3070134,MALLARD DRIVE,TOASewer,RES,PUBLIC,PUBLIC,2-Nov-11,N/A,10,$4.53 ,$45.30 ,$180.00 ,$180.00 ,$257.50 ,$437.50 ,$437.50 ,
3070135,MALLARD DRIVE,TOASewer,RES,PUBLIC,PUBLIC,2-May-14,N/A,48,$4.53 ,$217.44 ,$217.44 ,$217.44 ,$257.50 ,$474.94 ,$474.94 ,
3070136,MALLARD DRIVE,TOASewer,RES,PUBLIC,PUBLIC,16-Sep-20,N/A,10,$4.53 ,$45.30 ,$180.00 ,$180.00 ,$257.50 ,$437.50 ,$437.50 ,
3070137,MALLARD DRIVE,TOASewer,RES,PUBLIC,PUBLIC,26-Apr-00,N/A,22,$4.53 ,$99.66 ,$180.00 ,$180.00 ,$257.50 ,$437.50 ,$437.50 ,
3070138,MALLARD DRIVE,TOASewer,RES,PUBLIC,PUBLIC,24-Jun-19,N/A,48,$4.53 ,$217.44 ,$217.44 ,$217.44 ,$257.50 ,$474.94 ,$474.94 ,
3070139,MALLARD DRIVE,TOASewer,RES,PUBLIC,PUBLIC,7-Sep-18,N/A,20,$4.53 ,$90.60 ,$180.00 ,$180.00 ,$257.50 ,$437.50 ,$437.50 ,
3070140,MALLARD DRIVE,TOASewer,RES,PUBLIC,PUBLIC,5-Aug-15,N/A,16,$4.53 ,$72.48 ,$180.00 ,$180.00 ,$257.50 ,$437.50 ,$437.50 ,
3070141,MALLARD DRIVE,TOASewer,RES,PUBLIC,PUBLIC,19-Nov-21,Y,N/A,N/A,N/A,,$257.50 ,$257.50 ,$515.00 ,$515.00 ,
3070142,MALLARD DRIVE,TOASewer,RES,PUBLIC,PUBLIC,8-Dec-21,Y,N/A,N/A,N/A,,$257.50 ,$257.50 ,$515.00 ,$515.00 ,
3070143,MALLARD DRIVE,TOASewer,RES,PUBLIC,PUBLIC,7-Dec-07,N/A,14,$4.53 ,$63.42 ,$180.00 ,$180.00 ,$257.50 ,$437.50 ,$437.50 ,
3070144,MALLARD DRIVE,TOASewer,RES,PUBLIC,PUBLIC,3-Aug-20,N/A,6,$4.53 ,$27.18 ,$180.00 ,$180.00 ,$257.50 ,$437.50 ,$437.50 ,
3070145,MALLARD DRIVE,TOASewer,RES,PUBLIC,PUBLIC,11-Jul-01,N/A,26,$4.53 ,$117.78 ,$180.00 ,$180.00 ,$257.50 ,$437.50 ,$437.50 ,
3070146,MALLARD DRIVE,TOASewer,RES,PUBLIC,PUBLIC,26-Apr-17,N/A,24,$4.53 ,$108.72 ,$180.00 ,$180.00 ,$257.50 ,$437.50 ,$437.50 ,
3070147,MALLARD DRIVE,TOASewer,RES,PUBLIC,PUBLIC,30-Aug-21,Y,N/A,N/A,N/A,,$257.50 ,$257.50 ,$515.00 ,$515.00 ,
3070148,MALLARD DRIVE,TOASewer,RES,PUBLIC,PUBLIC,19-Oct-20,N/A,26,$4.53 ,$117.78 ,$180.00 ,$180.00 ,$257.50 ,$437.50 ,$437.50 ,
3070149,MALLARD DRIVE,TOASewer,RES,PUBLIC,PUBLIC,2-May-00,N/A,20,$4.53 ,$90.60 ,$180.00 ,$180.00 ,$257.50 ,$437.50 ,$437.50 ,
3070150,MALLARD DRIVE,TOASewer,RES,PUBLIC,PUBLIC,29-Mar-21,Y,N/A,N/A,N/A,,$257.50 ,$257.50 ,$515.00 ,$515.00 ,
3070151,MALLARD DRIVE,TOASewer,RES,PUBLIC,PUBLIC,30-Sep-19,N/A,24,$4.53 ,$108.72 ,$180.00 ,$180.00 ,$257.50 ,$437.50 ,$437.50 ,
3070152,MALLARD DRIVE,TOASewer,RES,PUBLIC,PUBLIC,23-Dec-20,N/A,8,$4.53 ,$36.24 ,$180.00 ,$180.00 ,$257.50 ,$437.50 ,$437.50 ,
3070153,MALLARD DRIVE,TOASewer,RES,PUBLIC,PUBLIC,15-Dec-95,N/A,20,$4.53 ,$90.60 ,$180.00 ,$180.00 ,$257.50 ,$437.50 ,$437.50 ,
3070154,MALLARD DRIVE,TOASewer,RES,PUBLIC,PUBLIC,26-Apr-17,N/A,12,$4.53 ,$54.36 ,$180.00 ,$180.00 ,$257.50 ,$437.50 ,$437.50 ,
3070155,MALLARD DRIVE,TOASewer,RES,PUBLIC,PUBLIC,2-Nov-18,N/A,12,$4.53 ,$54.36 ,$180.00 ,$180.00 ,$257.50 ,$437.50 ,$437.50 ,
3070156,MALLARD DRIVE,TOASewer,RES,PUBLIC,PUBLIC,8-May-13,N/A,20,$4.53 ,$90.60 ,$180.00 ,$180.00 ,$257.50 ,$437.50 ,$437.50 ,
3080009,MANION LANE,TOASewer,RES,PUBLIC,PUBLIC,21-Jan-05,N/A,18,$4.53 ,$81.54 ,$180.00 ,$180.00 ,$257.50 ,$437.50 ,$437.50 ,
3080011,MANION LANE,TOASewer,RES,PUBLIC,PUBLIC,29-Apr-19,N/A,12,$4.53 ,$54.36 ,$180.00 ,$180.00 ,$257.50 ,$437.50 ,$437.50 ,
3100001,MAPLE LANE,TOASewer,RES,PUBLIC,PUBLIC,4-May-21,Y,N/A,N/A,N/A,,$257.50 ,$257.50 ,$515.00 ,$515.00 ,
3100002,MAPLE LANE,TOASewer,RES,PUBLIC,PUBLIC,25-Feb-21,Y,N/A,N/A,N/A,,$257.50 ,$257.50 ,$515.00 ,$515.00 ,
3100003,MAPLE LANE,TOASewer,RES,PUBLIC,PUBLIC,31-May-01,N/A,70,$4.53 ,$317.10 ,$317.10 ,$317.10 ,$257.50 ,$574.60 ,$574.60 ,
3100004,MAPLE LANE,TOASewer,RES,PUBLIC,PUBLIC,24-Jun-05,N/A,10,$4.53 ,$45.30 ,$180.00 ,$180.00 ,$257.50 ,$437.50 ,$437.50 ,
3100005,MAPLE LANE,TOASewer,RES,PUBLIC,PUBLIC,19-Sep-14,N/A,42,$4.53 ,$190.26 ,$190.26 ,$190.26 ,$257.50 ,$447.76 ,$447.76 ,
3100006,MAPLE LANE,TOASewer,RES,PUBLIC,PUBLIC,17-Sep-98,N/A,26,$4.53 ,$117.78 ,$180.00 ,$180.00 ,$257.50 ,$437.50 ,$437.50 ,
3100007,MAPLE LANE,TOASewer,RES,PUBLIC,PUBLIC,24-Nov-99,N/A,4,$4.53 ,$18.12 ,$180.00 ,$180.00 ,$257.50 ,$437.50 ,$437.50 ,
3100008,MAPLE LANE,TOASewer,RES,PUBLIC,PUBLIC,31-Aug-16,N/A,28,$4.53 ,$126.84 ,$180.00 ,$180.00 ,$257.50 ,$437.50 ,$437.50 ,
3100009,MAPLE LANE,TOASewer,RES,PUBLIC,PUBLIC,17-Aug-15,N/A,2,$4.53 ,$9.06 ,$180.00 ,$180.00 ,$257.50 ,$437.50 ,$437.50 ,
3100010,MAPLE LANE,TOASewer,RES,PUBLIC,PUBLIC,3-Oct-13,N/A,42,$4.53 ,$190.26 ,$190.26 ,$190.26 ,$257.50 ,$447.76 ,$447.76 ,
3100011,MAPLE LANE,TOASewer,RES,PUBLIC,PUBLIC,9-Jul-21,Y,N/A,N/A,N/A,,$257.50 ,$257.50 ,$515.00 ,$515.00 ,
3100012,MAPLE LANE,TOASewer,RES,PUBLIC,PUBLIC,6-May-16,N/A,26,$4.53 ,$117.78 ,$180.00 ,$180.00 ,$257.50 ,$437.50 ,$437.50 ,
3100013,MAPLE LANE,TOASewer,RES,PUBLIC,PUBLIC,3-May-04,N/A,60,$4.53 ,$271.80 ,$271.80 ,$271.80 ,$257.50 ,$529.30 ,$529.30 ,
3100014,MAPLE LANE,TOASewer,RES,PUBLIC,PUBLIC,30-Apr-18,N/A,28,$4.53 ,$126.84 ,$180.00 ,$180.00 ,$257.50 ,$437.50 ,$437.50 ,
3100015,MAPLE LANE,TOASewer,RES,PUBLIC,PUBLIC,11-Aug-17,N/A,16,$4.53 ,$72.48 ,$180.00 ,$180.00 ,$257.50 ,$437.50 ,$437.50 ,
3100016,MAPLE LANE,TOASewer,RES,PUBLIC,PUBLIC,20-Jul-01,N/A,30,$4.53 ,$135.90 ,$180.00 ,$180.00 ,$257.50 ,$437.50 ,$437.50 ,
3100017,MAPLE LANE,TOASewer,RES,PUBLIC,PUBLIC,26-Dec-19,N/A,8,$4.53 ,$36.24 ,$180.00 ,$180.00 ,$257.50 ,$437.50 ,$437.50 ,
3100018,MAPLE LANE,TOASewer,RES,PUBLIC,PUBLIC,1-Apr-11,N/A,6,$4.53 ,$27.18 ,$180.00 ,$180.00 ,$257.50 ,$437.50 ,$437.50 ,
3100019,MAPLE LANE,TOASewer,RES,PUBLIC,PUBLIC,10-Jul-09,N/A,8,$4.53 ,$36.24 ,$180.00 ,$180.00 ,$257.50 ,$437.50 ,$437.50 ,
3100020,MAPLE LANE,TOASewer,RES,PUBLIC,PUBLIC,24-Dec-20,N/A,18,$4.53 ,$81.54 ,$180.00 ,$180.00 ,$257.50 ,$437.50 ,$437.50 ,
3100021,MAPLE LANE,TOASewer,RES,PUBLIC,PUBLIC,29-Jul-20,N/A,10,$4.53 ,$45.30 ,$180.00 ,$180.00 ,$257.50 ,$437.50 ,$437.50 ,
3100022,MAPLE LANE,TOASewer,RES,PUBLIC,PUBLIC,23-Sep-20,N/A,30,$4.53 ,$135.90 ,$180.00 ,$180.00 ,$257.50 ,$437.50 ,$437.50 ,
3100023,MAPLE LANE,TOASewer,RES,PUBLIC,PUBLIC,24-Sep-01,N/A,12,$4.53 ,$54.36 ,$180.00 ,$180.00 ,$257.50 ,$437.50 ,$437.50 ,
3100024,MAPLE LANE,TOASewer,RES,PUBLIC,PUBLIC,15-Nov-90,N/A,60,$4.53 ,$271.80 ,$271.80 ,$271.80 ,$257.50 ,$529.30 ,$529.30 ,
5010007,MATTHEW COURT,TOASewer,RES,PUBLIC,PUBLIC,29-Jul-13,N/A,20,$4.53 ,$90.60 ,$180.00 ,$180.00 ,$257.50 ,$437.50 ,$437.50 ,
5010011,MATTHEW COURT,TOASewer,RES,PUBLIC,PUBLIC,26-Jul-10,N/A,4,$4.53 ,$18.12 ,$180.00 ,$180.00 ,$257.50 ,$437.50 ,$437.50 ,
5010015,MATTHEW COURT,TOASewer,RES,PUBLIC,PUBLIC,22-Sep-14,N/A,86,$4.53 ,$389.58 ,$389.58 ,$389.58 ,$257.50 ,$647.08 ,$647.08 ,
5010019,MATTHEW COURT,TOASewer,RES,PUBLIC,PUBLIC,1-Jun-07,N/A,66,$4.53 ,$298.98 ,$298.98 ,$298.98 ,$257.50 ,$556.48 ,$556.48 ,
3120002,MEADOW RIDGE,TOASewer,RES,PUBLIC,PUBLIC,7-Feb-05,N/A,24,$4.53 ,$108.72 ,$180.00 ,$180.00 ,$257.50 ,$437.50 ,$437.50 ,
3120015,MEADOW RIDGE,TOASewer,RES,PUBLIC,PUBLIC,22-Nov-10,N/A,110,$4.53 ,$498.30 ,$498.30 ,$498.30 ,$257.50 ,$755.80 ,$755.80 ,
3120034,MEADOW RIDGE,TOASewer,RES,PUBLIC,PUBLIC,14-Jun-04,N/A,104,$4.53 ,$471.12 ,$471.12 ,$471.12 ,$257.50 ,$728.62 ,$728.62 ,
3120039,MEADOW RIDGE,TOASewer,RES,PUBLIC,PUBLIC,29-Jun-12,N/A,96,$4.53 ,$434.88 ,$434.88 ,$434.88 ,$257.50 ,$692.38 ,$692.38 ,
3120046,MEADOW RIDGE,TOASewer,RES,PUBLIC,PUBLIC,7-May-18,N/A,120,$4.53 ,$543.60 ,$543.60 ,$543.60 ,$257.50 ,$801.10 ,$801.10 ,
3120051,MEADOW RIDGE,TOASewer,RES,PUBLIC,PUBLIC,13-Jul-16,N/A,46,$4.53 ,$208.38 ,$208.38 ,$208.38 ,$257.50 ,$465.88 ,$465.88 ,
3120052,MEADOW RIDGE,TOASewer,RES,PUBLIC,PUBLIC,30-Nov-92,N/A,114,$4.53 ,$516.42 ,$516.42 ,$516.42 ,$257.50 ,$773.92 ,$773.92 ,
3120058,MEADOW RIDGE,TOASewer,RES,PUBLIC,PUBLIC,29-Nov-21,Y,N/A,N/A,N/A,,$257.50 ,$257.50 ,$515.00 ,$515.00 ,
3120062,MEADOW RIDGE,TOASewer,RES,PUBLIC,PUBLIC,2-May-91,N/A,66,$4.53 ,$298.98 ,$298.98 ,$298.98 ,$257.50 ,$556.48 ,$556.48 ,
3120063,MEADOW RIDGE,TOASewer,RES,PUBLIC,PUBLIC,29-Aug-05,N/A,22,$4.53 ,$99.66 ,$180.00 ,$180.00 ,$257.50 ,$437.50 ,$437.50 ,
3120068,MEADOW RIDGE,TOASewer,RES,PUBLIC,PUBLIC,6-Aug-18,N/A,82,$4.53 ,$371.46 ,$371.46 ,$371.46 ,$257.50 ,$628.96 ,$628.96 ,
3120074,MEADOW RIDGE,TOASewer,RES,PUBLIC,PUBLIC,11-Jul-03,N/A,94,$4.53 ,$425.82 ,$425.82 ,$425.82 ,$257.50 ,$683.32 ,$683.32 ,
3120081,MEADOW RIDGE,TOASewer,RES,PUBLIC,PUBLIC,7-Jul-93,N/A,60,$4.53 ,$271.80 ,$271.80 ,$271.80 ,$257.50 ,$529.30 ,$529.30 ,
3120082,MEADOW RIDGE,TOASewer,RES,PUBLIC,PUBLIC,22-Oct-12,N/A,54,$4.53 ,$244.62 ,$244.62 ,$244.62 ,$257.50 ,$502.12 ,$502.12 ,
3120087,MEADOW RIDGE,TOASewer,RES,PUBLIC,PUBLIC,17-Nov-97,N/A,24,$4.53 ,$108.72 ,$180.00 ,$180.00 ,$257.50 ,$437.50 ,$437.50 ,
3120091,MEADOW RIDGE,TOASewer,RES,PUBLIC,PUBLIC,22-Jun-15,N/A,74,$4.53 ,$335.22 ,$335.22 ,$335.22 ,$257.50 ,$592.72 ,$592.72 ,
3120099,MEADOW RIDGE,TOASewer,RES,PUBLIC,PUBLIC,28-Oct-14,N/A,106,$4.53 ,$480.18 ,$480.18 ,$480.18 ,$257.50 ,$737.68 ,$737.68 ,
3120104,MEADOW RIDGE,TOASewer,RES,PUBLIC,PUBLIC,1-May-15,N/A,46,$4.53 ,$208.38 ,$208.38 ,$208.38 ,$257.50 ,$465.88 ,$465.88 ,
3120110,MEADOW RIDGE,TOASewer,RES,PUBLIC,,28-Jan-11,N/A,184,$4.53 ,$833.52 ,$833.52 ,$833.52 ,$257.50 ,"$1,091.02 ","$1,091.02 ",
3130013,MEADOWBROOK LANE,TOASewer,RES,PUBLIC,PUBLIC,27-Sep-18,N/A,66,$4.53 ,$298.98 ,$298.98 ,$298.98 ,$257.50 ,$556.48 ,$556.48 ,
3130020,MEADOWBROOK LANE,TOASewer,RES,PUBLIC,,14-Jun-96,N/A,220,$4.53 ,$996.60 ,$996.60 ,$996.60 ,$257.50 ,"$1,254.10 ","$1,254.10 ",
3140008,MIDLANDS DRIVE,TOASewer,RES,PUBLIC,PUBLIC,2-May-07,N/A,56,$4.53 ,$253.68 ,$253.68 ,$253.68 ,$257.50 ,$511.18 ,$511.18 ,
3150005,MILLSTONE DRIVE,TOASewer,RES,PUBLIC,PUBLIC,16-Jun-94,N/A,122,$4.53 ,$552.66 ,$552.66 ,$552.66 ,$257.50 ,$810.16 ,$810.16 ,
3150010,MILLSTONE DRIVE,TOASewer,RES,PUBLIC,PUBLIC,19-Dec-11,N/A,96,$4.53 ,$434.88 ,$434.88 ,$434.88 ,$257.50 ,$692.38 ,$692.38 ,
3150011,MILLSTONE DRIVE,TOASewer,RES,PUBLIC,PUBLIC,25-Jul-84,N/A,78,$4.53 ,$353.34 ,$353.34 ,$353.34 ,$257.50 ,$610.84 ,$610.84 ,
3150014,MILLSTONE DRIVE,TOASewer,RES,PUBLIC,PUBLIC,19-Feb-20,N/A,56,$4.53 ,$253.68 ,$253.68 ,$253.68 ,$257.50 ,$511.18 ,$511.18 ,
3150017,MILLSTONE DRIVE,TOASewer,RES,PUBLIC,PUBLIC,21-Jun-83,N/A,66,$4.53 ,$298.98 ,$298.98 ,$298.98 ,$257.50 ,$556.48 ,$556.48 ,
3150020,MILLSTONE DRIVE,TOASewer,RES,PUBLIC,PUBLIC,12-Feb-04,N/A,40,$4.53 ,$181.20 ,$181.20 ,$181.20 ,$257.50 ,$438.70 ,$438.70 ,
3150023,MILLSTONE DRIVE,TOASewer,RES,PUBLIC,PUBLIC,24-Aug-20,N/A,92,$4.53 ,$416.76 ,$416.76 ,$416.76 ,$257.50 ,$674.26 ,$674.26 ,
3150026,MILLSTONE DRIVE,TOASewer,RES,PUBLIC,PUBLIC,4-Apr-16,N/A,80,$4.53 ,$362.40 ,$362.40 ,$362.40 ,$257.50 ,$619.90 ,$619.90 ,
3150027,MILLSTONE DRIVE,TOASewer,RES,PUBLIC,PUBLIC,5-Jun-20,N/A,68,$4.53 ,$308.04 ,$308.04 ,$308.04 ,$257.50 ,$565.54 ,$565.54 ,
3150032,MILLSTONE DRIVE,TOASewer,RES,PUBLIC,PUBLIC,13-Aug-18,N/A,76,$4.53 ,$344.28 ,$344.28 ,$344.28 ,$257.50 ,$601.78 ,$601.78 ,
3150033,MILLSTONE DRIVE,TOASewer,RES,PUBLIC,PUBLIC,16-Dec-19,N/A,24,$4.53 ,$108.72 ,$180.00 ,$180.00 ,$257.50 ,$437.50 ,$437.50 ,
3150034,MILLSTONE DRIVE,TOASewer,RES,PUBLIC,PUBLIC,16-Sep-05,N/A,54,$4.53 ,$244.62 ,$244.62 ,$244.62 ,$257.50 ,$502.12 ,$502.12 ,
3170001,MONROE LANE,TOASewer,RES,PUBLIC,PUBLIC,24-Nov-10,N/A,12,$4.53 ,$54.36 ,$180.00 ,$180.00 ,$257.50 ,$437.50 ,$437.50 ,
3170002,MONROE LANE,TOASewer,RES,PUBLIC,PUBLIC,2-Mar-18,N/A,32,$4.53 ,$144.96 ,$180.00 ,$180.00 ,$257.50 ,$437.50 ,$437.50 ,
3170003,MONROE LANE,TOASewer,RES,PUBLIC,PUBLIC,4-May-21,Y,N/A,N/A,N/A,,$257.50 ,$257.50 ,$515.00 ,$515.00 ,
3170004,MONROE LANE,TOASewer,RES,PUBLIC,PUBLIC,17-Nov-99,N/A,10,$4.53 ,$45.30 ,$180.00 ,$180.00 ,$257.50 ,$437.50 ,$437.50 ,
3170005,MONROE LANE,TOASewer,RES,PUBLIC,PUBLIC,5-Jun-06,N/A,16,$4.53 ,$72.48 ,$180.00 ,$180.00 ,$257.50 ,$437.50 ,$437.50 ,
3170006,MONROE LANE,TOASewer,RES,PUBLIC,PUBLIC,13-Sep-06,N/A,20,$4.53 ,$90.60 ,$180.00 ,$180.00 ,$257.50 ,$437.50 ,$437.50 ,
3170007,MONROE LANE,TOASewer,RES,PUBLIC,PUBLIC,26-Aug-13,N/A,24,$4.53 ,$108.72 ,$180.00 ,$180.00 ,$257.50 ,$437.50 ,$437.50 ,
3170008,MONROE LANE,TOASewer,RES,PUBLIC,PUBLIC,15-Aug-12,N/A,14,$4.53 ,$63.42 ,$180.00 ,$180.00 ,$257.50 ,$437.50 ,$437.50 ,
3170009,MONROE LANE,TOASewer,RES,PUBLIC,PUBLIC,20-Mar-06,N/A,16,$4.53 ,$72.48 ,$180.00 ,$180.00 ,$257.50 ,$437.50 ,$437.50 ,
3170010,MONROE LANE,TOASewer,RES,PUBLIC,PUBLIC,3-May-01,N/A,30,$4.53 ,$135.90 ,$180.00 ,$180.00 ,$257.50 ,$437.50 ,$437.50 ,
3170011,MONROE LANE,TOASewer,RES,PUBLIC,PUBLIC,8-Jun-07,N/A,14,$4.53 ,$63.42 ,$180.00 ,$180.00 ,$257.50 ,$437.50 ,$437.50 ,
3170012,MONROE LANE,TOASewer,RES,PUBLIC,PUBLIC,27-Sep-18,N/A,12,$4.53 ,$54.36 ,$180.00 ,$180.00 ,$257.50 ,$437.50 ,$437.50 ,
3170013,MONROE LANE,TOASewer,RES,PUBLIC,PUBLIC,18-Jan-00,N/A,12,$4.53 ,$54.36 ,$180.00 ,$180.00 ,$257.50 ,$437.50 ,$437.50 ,
3170014,MONROE LANE,TOASewer,RES,PUBLIC,PUBLIC,18-Dec-08,N/A,0,$4.53 , $-   ,$180.00 ,$180.00 ,$257.50 ,$437.50 ,$437.50 ,
3190009,MORAVIA ROAD,TOASewer,RES,WELL,PRIVATE,N/A,N/A,N/A,N/A,N/A,,$257.50 ,$257.50 ,$515.00 ,$515.00 ,
3190018,MORAVIA ROAD,TOASewer,RES,WELL,PRIVATE,N/A,N/A,N/A,N/A,N/A,,$257.50 ,$257.50 ,$515.00 ,$515.00 ,
3190019,MORAVIA ROAD,TOASewer,RES,WELL,PRIVATE,N/A,N/A,N/A,N/A,N/A,,$257.50 ,$257.50 ,$515.00 ,$515.00 ,
3190024,MORAVIA ROAD,TOASewer,RES,WELL,PRIVATE,N/A,N/A,N/A,N/A,N/A,,$257.50 ,$257.50 ,$515.00 ,$515.00 ,
3190027,MORAVIA ROAD,TOASewer,RES,WELL,PRIVATE,N/A,N/A,N/A,N/A,N/A,,$257.50 ,$257.50 ,$515.00 ,$515.00 ,
3190034,MORAVIA ROAD,TOASewer,RES,WELL,PRIVATE,N/A,N/A,N/A,N/A,N/A,,$257.50 ,$257.50 ,$515.00 ,$515.00 ,
3190035,MORAVIA ROAD,TOASewer,RES,WELL,PRIVATE,N/A,N/A,N/A,N/A,N/A,,$257.50 ,$257.50 ,$515.00 ,$515.00 ,
3190042,MORAVIA ROAD,TOASewer,RES,WELL,PRIVATE,N/A,N/A,N/A,N/A,N/A,,$257.50 ,$257.50 ,$515.00 ,$515.00 ,
3190054,MORAVIA ROAD,TOASewer,RES,WELL,PRIVATE,N/A,N/A,N/A,N/A,N/A,,$257.50 ,$257.50 ,$515.00 ,$515.00 ,
3190055,MORAVIA ROAD,TOASewer,RES,WELL,PRIVATE,N/A,N/A,N/A,N/A,N/A,,$257.50 ,$257.50 ,$515.00 ,$515.00 ,
3190062,MORAVIA ROAD,TOASewer,RES,WELL,PRIVATE,N/A,N/A,N/A,N/A,N/A,,$257.50 ,$257.50 ,$515.00 ,$515.00 ,
3190070,MORAVIA ROAD,TOASewer,RES,WELL,PRIVATE,N/A,N/A,N/A,N/A,N/A,,$257.50 ,$257.50 ,$515.00 ,$515.00 ,
3190071,MORAVIA ROAD,TOASewer,RES,WELL,PRIVATE,N/A,N/A,N/A,N/A,N/A,,$257.50 ,$257.50 ,$515.00 ,$515.00 ,
3190079,MORAVIA ROAD,TOASewer,RES,WELL,PRIVATE,N/A,N/A,N/A,N/A,N/A,,$257.50 ,$257.50 ,$515.00 ,$515.00 ,
3190080,MORAVIA ROAD,TOASewer,RES,WELL,PRIVATE,N/A,N/A,N/A,N/A,N/A,,$257.50 ,$257.50 ,$515.00 ,$515.00 ,
3190087,MORAVIA ROAD,TOASewer,RES,WELL,PRIVATE,N/A,N/A,N/A,N/A,N/A,,$257.50 ,$257.50 ,$515.00 ,$515.00 ,
3190095,MORAVIA ROAD,TOASewer,RES,WELL,PRIVATE,N/A,N/A,N/A,N/A,N/A,,$257.50 ,$257.50 ,$515.00 ,$515.00 ,
3190103,MORAVIA ROAD,TOASewer,RES,WELL,PRIVATE,N/A,N/A,N/A,N/A,N/A,,$257.50 ,$257.50 ,$515.00 ,$515.00 ,
3190104,MORAVIA ROAD,TOASewer,RES,WELL,PRIVATE,N/A,N/A,N/A,N/A,N/A,,$257.50 ,$257.50 ,$515.00 ,$515.00 ,
3190111,MORAVIA ROAD,TOASewer,RES,WELL,PRIVATE,N/A,N/A,N/A,N/A,N/A,,$257.50 ,$257.50 ,$515.00 ,$515.00 ,
3190112,MORAVIA ROAD,TOASewer,RES,WELL,PRIVATE,N/A,N/A,N/A,N/A,N/A,,$257.50 ,$257.50 ,$515.00 ,$515.00 ,
3200001,MORGAN PLACE,TOASewer,RES,PUBLIC,PUBLIC,16-Jul-08,N/A,12,$4.53 ,$54.36 ,$180.00 ,$180.00 ,$257.50 ,$437.50 ,$437.50 ,
3200002,MORGAN PLACE,TOASewer,RES,PUBLIC,PUBLIC,22-Jun-04,N/A,38,$4.53 ,$172.14 ,$180.00 ,$180.00 ,$257.50 ,$437.50 ,$437.50 ,
3200003,MORGAN PLACE,TOASewer,RES,PUBLIC,PUBLIC,2-Apr-13,N/A,14,$4.53 ,$63.42 ,$180.00 ,$180.00 ,$257.50 ,$437.50 ,$437.50 ,
3200004,MORGAN PLACE,TOASewer,RES,PUBLIC,PUBLIC,1-Jul-14,N/A,12,$4.53 ,$54.36 ,$180.00 ,$180.00 ,$257.50 ,$437.50 ,$437.50 ,
3200005,MORGAN PLACE,TOASewer,RES,PUBLIC,PUBLIC,4-Nov-20,N/A,18,$4.53 ,$81.54 ,$180.00 ,$180.00 ,$257.50 ,$437.50 ,$437.50 ,
3200006,MORGAN PLACE,TOASewer,RES,PUBLIC,PUBLIC,28-May-09,N/A,34,$4.53 ,$154.02 ,$180.00 ,$180.00 ,$257.50 ,$437.50 ,$437.50 ,
3200007,MORGAN PLACE,TOASewer,RES,PUBLIC,PUBLIC,4-May-92,N/A,34,$4.53 ,$154.02 ,$180.00 ,$180.00 ,$257.50 ,$437.50 ,$437.50 ,
3200008,MORGAN PLACE,TOASewer,RES,PUBLIC,PUBLIC,31-Jul-85,N/A,58,$4.53 ,$262.74 ,$262.74 ,$262.74 ,$257.50 ,$520.24 ,$520.24 ,
3200009,MORGAN PLACE,TOASewer,RES,PUBLIC,PUBLIC,20-Dec-21,Y,N/A,N/A,N/A,,$257.50 ,$257.50 ,$515.00 ,$515.00 ,
3200010,MORGAN PLACE,TOASewer,RES,PUBLIC,PUBLIC,1-Jun-12,N/A,30,$4.53 ,$135.90 ,$180.00 ,$180.00 ,$257.50 ,$437.50 ,$437.50 ,
3200011,MORGAN PLACE,TOASewer,RES,PUBLIC,PUBLIC,18-Apr-02,N/A,86,$4.53 ,$389.58 ,$389.58 ,$389.58 ,$257.50 ,$647.08 ,$647.08 ,
3200012,MORGAN PLACE,TOASewer,RES,PUBLIC,PUBLIC,31-Aug-20,N/A,10,$4.53 ,$45.30 ,$180.00 ,$180.00 ,$257.50 ,$437.50 ,$437.50 ,
3200013,MORGAN PLACE,TOASewer,RES,PUBLIC,PUBLIC,9-Apr-21,Y,N/A,N/A,N/A,,$257.50 ,$257.50 ,$515.00 ,$515.00 ,
3200014,MORGAN PLACE,TOASewer,RES,PUBLIC,PUBLIC,6-Jun-14,N/A,48,$4.53 ,$217.44 ,$217.44 ,$217.44 ,$257.50 ,$474.94 ,$474.94 ,
3210001,MORNINGSIDE COURT,TOASewer,RES,PUBLIC,PUBLIC,7-Jun-06,N/A,10,$4.53 ,$45.30 ,$180.00 ,$180.00 ,$257.50 ,$437.50 ,$437.50 ,
3210002,MORNINGSIDE COURT,TOASewer,RES,PUBLIC,PUBLIC,7-Dec-21,Y,N/A,N/A,N/A,,$257.50 ,$257.50 ,$515.00 ,$515.00 ,
3210003,MORNINGSIDE COURT,TOASewer,RES,PUBLIC,PUBLIC,31-Jan-11,N/A,20,$4.53 ,$90.60 ,$180.00 ,$180.00 ,$257.50 ,$437.50 ,$437.50 ,
3210004,MORNINGSIDE COURT,TOASewer,RES,PUBLIC,PUBLIC,12-May-06,N/A,16,$4.53 ,$72.48 ,$180.00 ,$180.00 ,$257.50 ,$437.50 ,$437.50 ,
3210005,MORNINGSIDE COURT,TOASewer,RES,PUBLIC,PUBLIC,4-Nov-83,N/A,32,$4.53 ,$144.96 ,$180.00 ,$180.00 ,$257.50 ,$437.50 ,$437.50 ,
3210006,MORNINGSIDE COURT,TOASewer,RES,PUBLIC,PUBLIC,6-Aug-19,N/A,24,$4.53 ,$108.72 ,$180.00 ,$180.00 ,$257.50 ,$437.50 ,$437.50 ,
3210007,MORNINGSIDE COURT,TOASewer,RES,PUBLIC,PUBLIC,4-Sep-19,N/A,16,$4.53 ,$72.48 ,$180.00 ,$180.00 ,$257.50 ,$437.50 ,$437.50 ,
3220037,MOUNTAIN ESTATES DR,TOASewer,RES,WELL,PRIVATE,N/A,N/A,N/A,N/A,N/A,,$257.50 ,$257.50 ,$515.00 ,$515.00 ,
3220047,MOUNTAIN ESTATES DR,TOASewer,RES,WELL,PRIVATE,N/A,N/A,N/A,N/A,N/A,,$257.50 ,$257.50 ,$515.00 ,$515.00 ,
3220056,MOUNTAIN ESTATES DR,TOASewer,RES,WELL,PRIVATE,N/A,N/A,N/A,N/A,N/A,,$257.50 ,$257.50 ,$515.00 ,$515.00 ,
3240001,MOUNTAIN LEDGE ROAD,TOASewer,RES,WELL,PRIVATE,N/A,N/A,N/A,N/A,N/A,,$257.50 ,$257.50 ,$515.00 ,$515.00 ,
3240002,MOUNTAIN LEDGE ROAD,TOASewer,RES,WELL,PRIVATE,N/A,N/A,N/A,N/A,N/A,,$257.50 ,$257.50 ,$515.00 ,$515.00 ,
3240003,MOUNTAIN LEDGE ROAD,TOASewer,RES,WELL,PRIVATE,N/A,N/A,N/A,N/A,N/A,,$257.50 ,$257.50 ,$515.00 ,$515.00 ,
3240004,MOUNTAIN LEDGE ROAD,TOASewer,RES,WELL,PRIVATE,N/A,N/A,N/A,N/A,N/A,,$257.50 ,$257.50 ,$515.00 ,$515.00 ,
3240010,MOUNTAIN LEDGE ROAD,TOASewer,RES,WELL,PRIVATE,N/A,N/A,N/A,N/A,N/A,,$257.50 ,$257.50 ,$515.00 ,$515.00 ,
3240011,MOUNTAIN LEDGE ROAD,TOASewer,RES,WELL,PRIVATE,N/A,N/A,N/A,N/A,N/A,,$257.50 ,$257.50 ,$515.00 ,$515.00 ,
3240013,MOUNTAIN LEDGE ROAD,TOASewer,RES,WELL,PRIVATE,N/A,N/A,N/A,N/A,N/A,,$257.50 ,$257.50 ,$515.00 ,$515.00 ,
3240017,MOUNTAIN LEDGE ROAD,TOASewer,RES,WELL,PRIVATE,N/A,N/A,N/A,N/A,N/A,,$257.50 ,$257.50 ,$515.00 ,$515.00 ,
3240020,MOUNTAIN LEDGE ROAD,TOASewer,RES,WELL,PRIVATE,N/A,N/A,N/A,N/A,N/A,,$257.50 ,$257.50 ,$515.00 ,$515.00 ,
3250024,MOUNTAIN VIEW AVENUE,TOASewer,RES,PUBLIC,PUBLIC,22-Mar-05,N/A,168,$4.53 ,$761.04 ,$761.04 ,$761.04 ,$257.50 ,"$1,018.54 ","$1,018.54 ",
3250029,MOUNTAIN VIEW AVENUE,TOASewer,RES,PUBLIC,PUBLIC,1-Jun-10,N/A,70,$4.53 ,$317.10 ,$317.10 ,$317.10 ,$257.50 ,$574.60 ,$574.60 ,
3250033,MOUNTAIN VIEW AVENUE,TOASewer,RES,PUBLIC,PUBLIC,11-Oct-05,N/A,26,$4.53 ,$117.78 ,$180.00 ,$180.00 ,$257.50 ,$437.50 ,$437.50 ,
3250035,MOUNTAIN VIEW AVENUE,TOASewer,RES,PUBLIC,PUBLIC,10-Jul-19,N/A,36,$4.53 ,$163.08 ,$180.00 ,$180.00 ,$257.50 ,$437.50 ,$437.50 ,
3250036,MOUNTAIN VIEW AVENUE,TOASewer,RES,PUBLIC,PUBLIC,7-Jul-14,N/A,48,$4.53 ,$217.44 ,$217.44 ,$217.44 ,$257.50 ,$474.94 ,$474.94 ,
3250039,MOUNTAIN VIEW AVENUE,TOASewer,RES,PUBLIC,PUBLIC,18-Sep-18,N/A,24,$4.53 ,$108.72 ,$180.00 ,$180.00 ,$257.50 ,$437.50 ,$437.50 ,
3250040,MOUNTAIN VIEW AVENUE,TOASewer,RES,PUBLIC,PUBLIC,6-Jan-14,N/A,44,$4.53 ,$199.32 ,$199.32 ,$199.32 ,$257.50 ,$456.82 ,$456.82 ,
3250041,MOUNTAIN VIEW AVENUE,TOASewer,RES,PUBLIC,PUBLIC,1-Aug-16,N/A,22,$4.53 ,$99.66 ,$180.00 ,$180.00 ,$257.50 ,$437.50 ,$437.50 ,
3250042,MOUNTAIN VIEW AVENUE,TOASewer,RES,PUBLIC,PUBLIC,27-Feb-79,N/A,18,$4.53 ,$81.54 ,$180.00 ,$180.00 ,$257.50 ,$437.50 ,$437.50 ,
3250045,MOUNTAIN VIEW AVENUE,TOASewer,RES,PUBLIC,PUBLIC,3-Aug-76,N/A,26,$4.53 ,$117.78 ,$180.00 ,$180.00 ,$257.50 ,$437.50 ,$437.50 ,
3250046,MOUNTAIN VIEW AVENUE,TOASewer,RES,PUBLIC,PUBLIC,23-Aug-90,N/A,36,$4.53 ,$163.08 ,$180.00 ,$180.00 ,$257.50 ,$437.50 ,$437.50 ,
3250047,MOUNTAIN VIEW AVENUE,TOASewer,RES,PUBLIC,PUBLIC,13-Nov-95,N/A,32,$4.53 ,$144.96 ,$180.00 ,$180.00 ,$257.50 ,$437.50 ,$437.50 ,
3250048,MOUNTAIN VIEW AVENUE,TOASewer,RES,PUBLIC,PUBLIC,31-Aug-79,N/A,0,$4.53 , $-   ,$180.00 ,$180.00 ,$257.50 ,$437.50 ,$437.50 ,
3250052,MOUNTAIN VIEW AVENUE,TOASewer,RES,PUBLIC,PUBLIC,28-Jun-96,N/A,28,$4.53 ,$126.84 ,$180.00 ,$180.00 ,$257.50 ,$437.50 ,$437.50 ,
3250053,MOUNTAIN VIEW AVENUE,TOASewer,RES,PUBLIC,PUBLIC,7-Oct-85,N/A,8,$4.53 ,$36.24 ,$180.00 ,$180.00 ,$257.50 ,$437.50 ,$437.50 ,
3250054,MOUNTAIN VIEW AVENUE,TOASewer,RES,WELL,PRIVATE,N/A,N/A,N/A,N/A,N/A,,$257.50 ,$257.50 ,$515.00 ,$515.00 ,
3250057,MOUNTAIN VIEW AVENUE,TOASewer,RES,PUBLIC,PUBLIC,1-Apr-05,N/A,12,$4.53 ,$54.36 ,$180.00 ,$180.00 ,$257.50 ,$437.50 ,$437.50 ,
3250058,MOUNTAIN VIEW AVENUE,TOASewer,RES,PUBLIC,PUBLIC,8-Jan-49,N/A,2,$4.53 ,$9.06 ,$180.00 ,$180.00 ,$257.50 ,$437.50 ,$437.50 ,
3250059,MOUNTAIN VIEW AVENUE,TOASewer,RES,PUBLIC,PUBLIC,1-Aug-18,N/A,22,$4.53 ,$99.66 ,$180.00 ,$180.00 ,$257.50 ,$437.50 ,$437.50 ,
3250061,MOUNTAIN VIEW AVENUE,TOASewer,RES,PUBLIC,PUBLIC,1-Nov-85,N/A,48,$4.53 ,$217.44 ,$217.44 ,$217.44 ,$257.50 ,$474.94 ,$474.94 ,
3250064,MOUNTAIN VIEW AVENUE,TOASewer,RES,PUBLIC,PUBLIC,31-Jan-91,N/A,46,$4.53 ,$208.38 ,$208.38 ,$208.38 ,$257.50 ,$465.88 ,$465.88 ,
3250068,MOUNTAIN VIEW AVENUE,TOASewer,RES,PUBLIC,PUBLIC,9-Aug-21,Y,N/A,N/A,N/A,,$257.50 ,$257.50 ,$515.00 ,$515.00 ,
5840001,MUIRFIELD LANE,TOASewer,RES,PUBLIC,PUBLIC,24-Apr-15,N/A,14,$4.53 ,$63.42 ,$180.00 ,$180.00 ,$257.50 ,$437.50 ,$437.50 ,
5840002,MUIRFIELD LANE,TOASewer,RES,PUBLIC,PUBLIC,11-Dec-20,N/A,8,$4.53 ,$36.24 ,$180.00 ,$180.00 ,$257.50 ,$437.50 ,$437.50 ,
5840003,MUIRFIELD LANE,TOASewer,RES,PUBLIC,PUBLIC,3-Apr-19,N/A,58,$4.53 ,$262.74 ,$262.74 ,$262.74 ,$257.50 ,$520.24 ,$520.24 ,
5840004,MUIRFIELD LANE,TOASewer,RES,PUBLIC,PUBLIC,21-Sep-10,N/A,34,$4.53 ,$154.02 ,$180.00 ,$180.00 ,$257.50 ,$437.50 ,$437.50 ,
5840005,MUIRFIELD LANE,TOASewer,RES,PUBLIC,PUBLIC,28-Mar-02,N/A,36,$4.53 ,$163.08 ,$180.00 ,$180.00 ,$257.50 ,$437.50 ,$437.50 ,
5840006,MUIRFIELD LANE,TOASewer,RES,PUBLIC,PUBLIC,21-Oct-99,N/A,56,$4.53 ,$253.68 ,$253.68 ,$253.68 ,$257.50 ,$511.18 ,$511.18 ,
5840007,MUIRFIELD LANE,TOASewer,RES,PUBLIC,PUBLIC,14-Apr-14,N/A,38,$4.53 ,$172.14 ,$180.00 ,$180.00 ,$257.50 ,$437.50 ,$437.50 ,
5840008,MUIRFIELD LANE,TOASewer,RES,PUBLIC,PUBLIC,13-Aug-18,N/A,12,$4.53 ,$54.36 ,$180.00 ,$180.00 ,$257.50 ,$437.50 ,$437.50 ,
5840009,MUIRFIELD LANE,TOASewer,RES,PUBLIC,PUBLIC,25-Jun-10,N/A,44,$4.53 ,$199.32 ,$199.32 ,$199.32 ,$257.50 ,$456.82 ,$456.82 ,
3260001,MULBERRY LANE,TOASewer,RES,PUBLIC,PUBLIC,8-Oct-13,N/A,2,$4.53 ,$9.06 ,$180.00 ,$180.00 ,$257.50 ,$437.50 ,$437.50 ,
3260002,MULBERRY LANE,TOASewer,RES,PUBLIC,PUBLIC,17-Apr-17,N/A,36,$4.53 ,$163.08 ,$180.00 ,$180.00 ,$257.50 ,$437.50 ,$437.50 ,
3260003,MULBERRY LANE,TOASewer,RES,PUBLIC,PUBLIC,11-Mar-19,N/A,36,$4.53 ,$163.08 ,$180.00 ,$180.00 ,$257.50 ,$437.50 ,$437.50 ,
3260004,MULBERRY LANE,TOASewer,RES,PUBLIC,PUBLIC,29-Sep-08,N/A,4,$4.53 ,$18.12 ,$180.00 ,$180.00 ,$257.50 ,$437.50 ,$437.50 ,
3260005,MULBERRY LANE,TOASewer,RES,PUBLIC,PUBLIC,23-Jul-01,N/A,26,$4.53 ,$117.78 ,$180.00 ,$180.00 ,$257.50 ,$437.50 ,$437.50 ,
3260006,MULBERRY LANE,TOASewer,RES,PUBLIC,PUBLIC,2-Sep-99,N/A,8,$4.53 ,$36.24 ,$180.00 ,$180.00 ,$257.50 ,$437.50 ,$437.50 ,
3260007,MULBERRY LANE,TOASewer,RES,PUBLIC,PUBLIC,31-Oct-04,N/A,24,$4.53 ,$108.72 ,$180.00 ,$180.00 ,$257.50 ,$437.50 ,$437.50 ,
3260008,MULBERRY LANE,TOASewer,RES,PUBLIC,PUBLIC,11-Aug-15,N/A,86,$4.53 ,$389.58 ,$389.58 ,$389.58 ,$257.50 ,$647.08 ,$647.08 ,
3260009,MULBERRY LANE,TOASewer,RES,PUBLIC,PUBLIC,12-Aug-91,N/A,0,$4.53 , $-   ,$180.00 ,$180.00 ,$257.50 ,$437.50 ,$437.50 ,
3260010,MULBERRY LANE,TOASewer,RES,PUBLIC,PUBLIC,17-Jun-13,N/A,30,$4.53 ,$135.90 ,$180.00 ,$180.00 ,$257.50 ,$437.50 ,$437.50 ,
3260011,MULBERRY LANE,TOASewer,RES,PUBLIC,PUBLIC,28-Aug-86,N/A,100,$4.53 ,$453.00 ,$453.00 ,$453.00 ,$257.50 ,$710.50 ,$710.50 ,
3260012,MULBERRY LANE,TOASewer,RES,PUBLIC,PUBLIC,2-Oct-13,N/A,12,$4.53 ,$54.36 ,$180.00 ,$180.00 ,$257.50 ,$437.50 ,$437.50 ,
3260014,MULBERRY LANE,TOASewer,RES,PUBLIC,PUBLIC,31-Jan-17,N/A,4,$4.53 ,$18.12 ,$180.00 ,$180.00 ,$257.50 ,$437.50 ,$437.50 ,
3260015,MULBERRY LANE,TOASewer,RES,PUBLIC,PUBLIC,27-Jan-99,N/A,58,$4.53 ,$262.74 ,$262.74 ,$262.74 ,$257.50 ,$520.24 ,$520.24 ,
3260016,MULBERRY LANE,TOASewer,RES,PUBLIC,PUBLIC,9-Sep-94,N/A,74,$4.53 ,$335.22 ,$335.22 ,$335.22 ,$257.50 ,$592.72 ,$592.72 ,
3260017,MULBERRY LANE,TOASewer,RES,PUBLIC,PUBLIC,4-Jan-99,N/A,60,$4.53 ,$271.80 ,$271.80 ,$271.80 ,$257.50 ,$529.30 ,$529.30 ,
3260018,MULBERRY LANE,TOASewer,RES,PUBLIC,PUBLIC,27-Apr-10,N/A,24,$4.53 ,$108.72 ,$180.00 ,$180.00 ,$257.50 ,$437.50 ,$437.50 ,
3270001,MYSTIC COURT,TOASewer,RES,PUBLIC,PUBLIC,23-Jun-10,N/A,12,$4.53 ,$54.36 ,$180.00 ,$180.00 ,$257.50 ,$437.50 ,$437.50 ,
3270002,MYSTIC COURT,TOASewer,RES,PUBLIC,PUBLIC,29-Aug-02,N/A,78,$4.53 ,$353.34 ,$353.34 ,$353.34 ,$257.50 ,$610.84 ,$610.84 ,
3270003,MYSTIC COURT,TOASewer,RES,PUBLIC,PUBLIC,9-Jun-00,N/A,26,$4.53 ,$117.78 ,$180.00 ,$180.00 ,$257.50 ,$437.50 ,$437.50 ,
3270004,MYSTIC COURT,TOASewer,RES,PUBLIC,PUBLIC,11-Dec-92,N/A,38,$4.53 ,$172.14 ,$180.00 ,$180.00 ,$257.50 ,$437.50 ,$437.50 ,
3270005,MYSTIC COURT,TOASewer,RES,PUBLIC,PUBLIC,2-Sep-21,Y,N/A,N/A,N/A,,$257.50 ,$257.50 ,$515.00 ,$515.00 ,
3270006,MYSTIC COURT,TOASewer,RES,PUBLIC,PUBLIC,30-Nov-20,N/A,12,$4.53 ,$54.36 ,$180.00 ,$180.00 ,$257.50 ,$437.50 ,$437.50 ,
3270007,MYSTIC COURT,TOASewer,RES,PUBLIC,PUBLIC,30-Jun-16,N/A,40,$4.53 ,$181.20 ,$181.20 ,$181.20 ,$257.50 ,$438.70 ,$438.70 ,
3270008,MYSTIC COURT,TOASewer,RES,PUBLIC,PUBLIC,27-Dec-17,N/A,26,$4.53 ,$117.78 ,$180.00 ,$180.00 ,$257.50 ,$437.50 ,$437.50 ,
3270009,MYSTIC COURT,TOASewer,RES,PUBLIC,PUBLIC,28-May-92,N/A,18,$4.53 ,$81.54 ,$180.00 ,$180.00 ,$257.50 ,$437.50 ,$437.50 ,
3270010,MYSTIC COURT,TOASewer,RES,PUBLIC,PUBLIC,2-Sep-05,N/A,154,$4.53 ,$697.62 ,$697.62 ,$697.62 ,$257.50 ,$955.12 ,$955.12 ,
3270011,MYSTIC COURT,TOASewer,RES,PUBLIC,PUBLIC,31-Jul-96,N/A,10,$4.53 ,$45.30 ,$180.00 ,$180.00 ,$257.50 ,$437.50 ,$437.50 ,
3270012,MYSTIC COURT,TOASewer,RES,PUBLIC,PUBLIC,9-Dec-04,N/A,64,$4.53 ,$289.92 ,$289.92 ,$289.92 ,$257.50 ,$547.42 ,$547.42 ,
3280002,NEW ROAD,TOASewer,RES,PUBLIC,PUBLIC,29-Mar-68,N/A,46,$4.53 ,$208.38 ,$208.38 ,$208.38 ,$257.50 ,$465.88 ,$465.88 ,
3280022,NEW ROAD,TOASewer,RES,PUBLIC,PUBLIC,21-Jan-21,Y,N/A,N/A,N/A,,$257.50 ,$257.50 ,$515.00 ,$515.00 ,
3280030,NEW ROAD,TOASewer,RES,PUBLIC,PUBLIC,3-Sep-03,N/A,38,$4.53 ,$172.14 ,$180.00 ,$180.00 ,$257.50 ,$437.50 ,$437.50 ,
3280452,NEW ROAD,TOASewer,RES,PUBLIC,PUBLIC,17-Jun-15,N/A,70,$4.53 ,$317.10 ,$317.10 ,$317.10 ,$257.50 ,$574.60 ,$574.60 ,
3280454,NEW ROAD,TOASewer,RES,PUBLIC,PUBLIC,14-Jun-13,N/A,72,$4.53 ,$326.16 ,$326.16 ,$326.16 ,$257.50 ,$583.66 ,$583.66 ,
3280470,NEW ROAD,TOASewer,RES,PUBLIC,PUBLIC,6-Mar-17,N/A,62,$4.53 ,$280.86 ,$280.86 ,$280.86 ,$257.50 ,$538.36 ,$538.36 ,
3280472,NEW ROAD,TOASewer,RES,PUBLIC,PUBLIC,19-Oct-10,N/A,44,$4.53 ,$199.32 ,$199.32 ,$199.32 ,$257.50 ,$456.82 ,$456.82 ,
3280482,NEW ROAD,TOASewer,RES,PUBLIC,PUBLIC,2-Aug-06,N/A,84,$4.53 ,$380.52 ,$380.52 ,$380.52 ,$257.50 ,$638.02 ,$638.02 ,
3280484,NEW ROAD,TOASewer,RES,PUBLIC,PUBLIC,16-Nov-12,N/A,72,$4.53 ,$326.16 ,$326.16 ,$326.16 ,$257.50 ,$583.66 ,$583.66 ,
3280490,NEW ROAD,TOASewer,RES,PUBLIC,PUBLIC,29-Sep-16,N/A,26,$4.53 ,$117.78 ,$180.00 ,$180.00 ,$257.50 ,$437.50 ,$437.50 ,
3280492,NEW ROAD,TOASewer,RES,PUBLIC,PUBLIC,20-Dec-05,N/A,24,$4.53 ,$108.72 ,$180.00 ,$180.00 ,$257.50 ,$437.50 ,$437.50 ,
4840008,NEWCASTLE DRIVE,TOASewer,RES,PUBLIC,PUBLIC,18-Oct-99,N/A,34,$4.53 ,$154.02 ,$180.00 ,$180.00 ,$257.50 ,$437.50 ,$437.50 ,
4840009,NEWCASTLE DRIVE,TOASewer,RES,PUBLIC,PUBLIC,28-Jul-20,N/A,98,$4.53 ,$443.94 ,$443.94 ,$443.94 ,$257.50 ,$701.44 ,$701.44 ,
4840015,NEWCASTLE DRIVE,TOASewer,RES,PUBLIC,PUBLIC,25-Mar-96,N/A,42,$4.53 ,$190.26 ,$190.26 ,$190.26 ,$257.50 ,$447.76 ,$447.76 ,
4840016,NEWCASTLE DRIVE,TOASewer,RES,PUBLIC,PUBLIC,8-Sep-11,N/A,36,$4.53 ,$163.08 ,$180.00 ,$180.00 ,$257.50 ,$437.50 ,$437.50 ,
4840021,NEWCASTLE DRIVE,TOASewer,RES,PUBLIC,PUBLIC,10-May-04,N/A,52,$4.53 ,$235.56 ,$235.56 ,$235.56 ,$257.50 ,$493.06 ,$493.06 ,
4840022,NEWCASTLE DRIVE,TOASewer,RES,PUBLIC,PUBLIC,1-Dec-97,N/A,38,$4.53 ,$172.14 ,$180.00 ,$180.00 ,$257.50 ,$437.50 ,$437.50 ,
3300006,NORTH FARMS ROAD,TOASewer,RES,PUBLIC,PUBLIC,27-Apr-18,N/A,48,$4.53 ,$217.44 ,$217.44 ,$217.44 ,$257.50 ,$474.94 ,$474.94 ,
3300014,NORTH FARMS ROAD,TOASewer,RES,PUBLIC,PUBLIC,9-Nov-12,N/A,44,$4.53 ,$199.32 ,$199.32 ,$199.32 ,$257.50 ,$456.82 ,$456.82 ,
3300015,NORTH FARMS ROAD,TOASewer,RES,PUBLIC,PUBLIC,16-May-14,N/A,54,$4.53 ,$244.62 ,$244.62 ,$244.62 ,$257.50 ,$502.12 ,$502.12 ,
3300022,NORTH FARMS ROAD,TOASewer,RES,PUBLIC,PUBLIC,16-Dec-20,N/A,36,$4.53 ,$163.08 ,$180.00 ,$180.00 ,$257.50 ,$437.50 ,$437.50 ,
3300023,NORTH FARMS ROAD,TOASewer,RES,PUBLIC,PUBLIC,5-Jan-16,N/A,58,$4.53 ,$262.74 ,$262.74 ,$262.74 ,$257.50 ,$520.24 ,$520.24 ,
3300028,NORTH FARMS ROAD,TOASewer,RES,PUBLIC,PUBLIC,2-Jan-04,N/A,64,$4.53 ,$289.92 ,$289.92 ,$289.92 ,$257.50 ,$547.42 ,$547.42 ,
3300029,NORTH FARMS ROAD,TOASewer,RES,PUBLIC,PUBLIC,14-May-18,N/A,106,$4.53 ,$480.18 ,$480.18 ,$480.18 ,$257.50 ,$737.68 ,$737.68 ,
3300036,NORTH FARMS ROAD,TOASewer,RES,PUBLIC,PUBLIC,4-Aug-80,N/A,42,$4.53 ,$190.26 ,$190.26 ,$190.26 ,$257.50 ,$447.76 ,$447.76 ,
3300040,NORTH FARMS ROAD,TOASewer,RES,PUBLIC,PUBLIC,2-Sep-98,N/A,46,$4.53 ,$208.38 ,$208.38 ,$208.38 ,$257.50 ,$465.88 ,$465.88 ,
3300041,NORTH FARMS ROAD,TOASewer,RES,PUBLIC,PUBLIC,1-Jul-92,N/A,30,$4.53 ,$135.90 ,$180.00 ,$180.00 ,$257.50 ,$437.50 ,$437.50 ,
3300046,NORTH FARMS ROAD,TOASewer,RES,PUBLIC,PUBLIC,29-Aug-94,N/A,54,$4.53 ,$244.62 ,$244.62 ,$244.62 ,$257.50 ,$502.12 ,$502.12 ,
3300054,NORTH FARMS ROAD,TOASewer,RES,PUBLIC,PUBLIC,2-Aug-04,N/A,40,$4.53 ,$181.20 ,$181.20 ,$181.20 ,$257.50 ,$438.70 ,$438.70 ,
3300055,NORTH FARMS ROAD,TOASewer,RES,PUBLIC,PUBLIC,12-Nov-19,N/A,46,$4.53 ,$208.38 ,$208.38 ,$208.38 ,$257.50 ,$465.88 ,$465.88 ,
3300059,NORTH FARMS ROAD,TOASewer,RES,PUBLIC,PUBLIC,30-Nov-12,N/A,94,$4.53 ,$425.82 ,$425.82 ,$425.82 ,$257.50 ,$683.32 ,$683.32 ,
3300065,NORTH FARMS ROAD,TOASewer,RES,PUBLIC,PUBLIC,25-Aug-87,N/A,34,$4.53 ,$154.02 ,$180.00 ,$180.00 ,$257.50 ,$437.50 ,$437.50 ,
3300068,NORTH FARMS ROAD,TOASewer,RES,PUBLIC,PUBLIC,14-Jan-87,N/A,162,$4.53 ,$733.86 ,$733.86 ,$733.86 ,$257.50 ,$991.36 ,$991.36 ,
3300071,NORTH FARMS ROAD,TOASewer,RES,PUBLIC,PUBLIC,24-Feb-21,Y,N/A,N/A,N/A,,$257.50 ,$257.50 ,$515.00 ,$515.00 ,
5970001,NORTH POINT LANDING,TOASewer,RES,PUBLIC,PUBLIC,7-Aug-01,N/A,72,$4.53 ,$326.16 ,$326.16 ,$326.16 ,$257.50 ,$583.66 ,$583.66 ,
5970002,NORTH POINT LANDING,TOASewer,RES,PUBLIC,PUBLIC,24-Oct-11,N/A,68,$4.53 ,$308.04 ,$308.04 ,$308.04 ,$257.50 ,$565.54 ,$565.54 ,
5970003,NORTH POINT LANDING,TOASewer,RES,PUBLIC,PUBLIC,16-Aug-12,N/A,16,$4.53 ,$72.48 ,$180.00 ,$180.00 ,$257.50 ,$437.50 ,$437.50 ,
3310004,NORTHGATE,TOASewer,RES,PUBLIC,PUBLIC,6-Nov-12,N/A,76,$4.53 ,$344.28 ,$344.28 ,$344.28 ,$257.50 ,$601.78 ,$601.78 ,
3310010,NORTHGATE,TOASewer,RES,PUBLIC,PUBLIC,2-Sep-03,N/A,68,$4.53 ,$308.04 ,$308.04 ,$308.04 ,$257.50 ,$565.54 ,$565.54 ,
3310018,NORTHGATE,TOASewer,RES,PUBLIC,PUBLIC,19-Jun-92,N/A,14,$4.53 ,$63.42 ,$180.00 ,$180.00 ,$257.50 ,$437.50 ,$437.50 ,
3310025,NORTHGATE,TOASewer,RES,PUBLIC,PUBLIC,21-Jun-19,N/A,62,$4.53 ,$280.86 ,$280.86 ,$280.86 ,$257.50 ,$538.36 ,$538.36 ,
3310031,NORTHGATE,TOASewer,RES,PUBLIC,PUBLIC,11-Aug-08,N/A,92,$4.53 ,$416.76 ,$416.76 ,$416.76 ,$257.50 ,$674.26 ,$674.26 ,
3310039,NORTHGATE,TOASewer,RES,PUBLIC,PUBLIC,5-Jul-94,N/A,54,$4.53 ,$244.62 ,$244.62 ,$244.62 ,$257.50 ,$502.12 ,$502.12 ,
3310040,NORTHGATE,TOASewer,RES,PUBLIC,PUBLIC,1-May-02,N/A,72,$4.53 ,$326.16 ,$326.16 ,$326.16 ,$257.50 ,$583.66 ,$583.66 ,
3310044,NORTHGATE,TOASewer,RES,PUBLIC,PUBLIC,20-Apr-00,N/A,76,$4.53 ,$344.28 ,$344.28 ,$344.28 ,$257.50 ,$601.78 ,$601.78 ,
3310047,NORTHGATE,TOASewer,RES,PUBLIC,PUBLIC,16-Nov-18,N/A,74,$4.53 ,$335.22 ,$335.22 ,$335.22 ,$257.50 ,$592.72 ,$592.72 ,
3310050,NORTHGATE,TOASewer,RES,PUBLIC,PUBLIC,9-Mar-15,N/A,56,$4.53 ,$253.68 ,$253.68 ,$253.68 ,$257.50 ,$511.18 ,$511.18 ,
3310051,NORTHGATE,TOASewer,RES,PUBLIC,PUBLIC,8-May-17,N/A,48,$4.53 ,$217.44 ,$217.44 ,$217.44 ,$257.50 ,$474.94 ,$474.94 ,
3310055,NORTHGATE,TOASewer,RES,PUBLIC,PUBLIC,12-Aug-13,N/A,104,$4.53 ,$471.12 ,$471.12 ,$471.12 ,$257.50 ,$728.62 ,$728.62 ,
3310056,NORTHGATE,TOASewer,RES,PUBLIC,PUBLIC,20-Apr-93,N/A,130,$4.53 ,$588.90 ,$588.90 ,$588.90 ,$257.50 ,$846.40 ,$846.40 ,
3310062,NORTHGATE,TOASewer,RES,PUBLIC,PUBLIC,14-Aug-95,N/A,50,$4.53 ,$226.50 ,$226.50 ,$226.50 ,$257.50 ,$484.00 ,$484.00 ,
3310063,NORTHGATE,TOASewer,RES,PUBLIC,PUBLIC,15-Dec-20,N/A,60,$4.53 ,$271.80 ,$271.80 ,$271.80 ,$257.50 ,$529.30 ,$529.30 ,
3310068,NORTHGATE,TOASewer,RES,PUBLIC,PUBLIC,16-Aug-04,N/A,118,$4.53 ,$534.54 ,$534.54 ,$534.54 ,$257.50 ,$792.04 ,$792.04 ,
3310069,NORTHGATE,TOASewer,RES,PUBLIC,PUBLIC,14-Aug-18,N/A,34,$4.53 ,$154.02 ,$180.00 ,$180.00 ,$257.50 ,$437.50 ,$437.50 ,
3310073,NORTHGATE,TOASewer,RES,PUBLIC,PUBLIC,10-Sep-15,N/A,58,$4.53 ,$262.74 ,$262.74 ,$262.74 ,$257.50 ,$520.24 ,$520.24 ,
3310076,NORTHGATE,TOASewer,RES,PUBLIC,PUBLIC,11-Jun-21,Y,N/A,N/A,N/A,,$257.50 ,$257.50 ,$515.00 ,$515.00 ,
3310081,NORTHGATE,TOASewer,RES,PUBLIC,PUBLIC,29-Jun-10,N/A,42,$4.53 ,$190.26 ,$190.26 ,$190.26 ,$257.50 ,$447.76 ,$447.76 ,
3310083,NORTHGATE,TOASewer,RES,PUBLIC,PUBLIC,10-Dec-01,N/A,148,$4.53 ,$670.44 ,$670.44 ,$670.44 ,$257.50 ,$927.94 ,$927.94 ,
3310084,NORTHGATE,TOASewer,RES,PUBLIC,PUBLIC,7-Apr-21,Y,N/A,N/A,N/A,,$257.50 ,$257.50 ,$515.00 ,$515.00 ,
3310085,NORTHGATE,TOASewer,RES,PUBLIC,PUBLIC,31-Oct-01,N/A,44,$4.53 ,$199.32 ,$199.32 ,$199.32 ,$257.50 ,$456.82 ,$456.82 ,
3310087,NORTHGATE,TOASewer,RES,PUBLIC,PUBLIC,28-Jun-13,N/A,134,$4.53 ,$607.02 ,$607.02 ,$607.02 ,$257.50 ,$864.52 ,$864.52 ,
3310089,NORTHGATE,TOASewer,RES,PUBLIC,PUBLIC,20-Dec-19,N/A,62,$4.53 ,$280.86 ,$280.86 ,$280.86 ,$257.50 ,$538.36 ,$538.36 ,
3310091,NORTHGATE,TOASewer,RES,PUBLIC,PUBLIC,30-May-14,N/A,84,$4.53 ,$380.52 ,$380.52 ,$380.52 ,$257.50 ,$638.02 ,$638.02 ,
3310092,NORTHGATE,TOASewer,RES,PUBLIC,PUBLIC,28-Aug-20,N/A,94,$4.53 ,$425.82 ,$425.82 ,$425.82 ,$257.50 ,$683.32 ,$683.32 ,
3310098,NORTHGATE,TOASewer,RES,PUBLIC,PUBLIC,2-Feb-21,Y,N/A,N/A,N/A,,$257.50 ,$257.50 ,$515.00 ,$515.00 ,
3310099,NORTHGATE,TOASewer,RES,PUBLIC,PUBLIC,12-Oct-17,N/A,84,$4.53 ,$380.52 ,$380.52 ,$380.52 ,$257.50 ,$638.02 ,$638.02 ,
3310102,NORTHGATE,TOASewer,RES,PUBLIC,PUBLIC,23-Oct-09,N/A,68,$4.53 ,$308.04 ,$308.04 ,$308.04 ,$257.50 ,$565.54 ,$565.54 ,
3310107,NORTHGATE,TOASewer,RES,PUBLIC,PUBLIC,11-Jul-96,N/A,64,$4.53 ,$289.92 ,$289.92 ,$289.92 ,$257.50 ,$547.42 ,$547.42 ,
3310108,NORTHGATE,TOASewer,RES,PUBLIC,PUBLIC,29-Aug-03,N/A,72,$4.53 ,$326.16 ,$326.16 ,$326.16 ,$257.50 ,$583.66 ,$583.66 ,
3310116,NORTHGATE,TOASewer,RES,PUBLIC,PUBLIC,15-Jun-16,N/A,56,$4.53 ,$253.68 ,$253.68 ,$253.68 ,$257.50 ,$511.18 ,$511.18 ,
3310117,NORTHGATE,TOASewer,RES,PUBLIC,PUBLIC,29-Sep-06,N/A,68,$4.53 ,$308.04 ,$308.04 ,$308.04 ,$257.50 ,$565.54 ,$565.54 ,
3310124,NORTHGATE,TOASewer,RES,PUBLIC,PUBLIC,9-Sep-13,N/A,114,$4.53 ,$516.42 ,$516.42 ,$516.42 ,$257.50 ,$773.92 ,$773.92 ,
3310125,NORTHGATE,TOASewer,RES,PUBLIC,PUBLIC,3-Mar-98,N/A,92,$4.53 ,$416.76 ,$416.76 ,$416.76 ,$257.50 ,$674.26 ,$674.26 ,
3310132,NORTHGATE,TOASewer,RES,PUBLIC,PUBLIC,10-Aug-18,N/A,58,$4.53 ,$262.74 ,$262.74 ,$262.74 ,$257.50 ,$520.24 ,$520.24 ,
3310135,NORTHGATE,TOASewer,RES,PUBLIC,PUBLIC,28-Aug-17,N/A,52,$4.53 ,$235.56 ,$235.56 ,$235.56 ,$257.50 ,$493.06 ,$493.06 ,
4910002,NORTHINGTON DRIVE,TOASewer,RES,PUBLIC,PUBLIC,14-Jun-16,N/A,82,$4.53 ,$371.46 ,$371.46 ,$371.46 ,$257.50 ,$628.96 ,$628.96 ,
4910005,NORTHINGTON DRIVE,TOASewer,RES,PUBLIC,PUBLIC,30-Jul-12,N/A,138,$4.53 ,$625.14 ,$625.14 ,$625.14 ,$257.50 ,$882.64 ,$882.64 ,
4910006,NORTHINGTON DRIVE,TOASewer,RES,PUBLIC,PUBLIC,14-Jun-10,N/A,46,$4.53 ,$208.38 ,$208.38 ,$208.38 ,$257.50 ,$465.88 ,$465.88 ,
4910009,NORTHINGTON DRIVE,TOASewer,RES,PUBLIC,PUBLIC,15-Nov-99,N/A,46,$4.53 ,$208.38 ,$208.38 ,$208.38 ,$257.50 ,$465.88 ,$465.88 ,
4910012,NORTHINGTON DRIVE,TOASewer,RES,PUBLIC,PUBLIC,17-Mar-20,N/A,46,$4.53 ,$208.38 ,$208.38 ,$208.38 ,$257.50 ,$465.88 ,$465.88 ,
4910015,NORTHINGTON DRIVE,TOASewer,RES,PUBLIC,PUBLIC,18-Dec-14,N/A,92,$4.53 ,$416.76 ,$416.76 ,$416.76 ,$257.50 ,$674.26 ,$674.26 ,
4910018,NORTHINGTON DRIVE,TOASewer,RES,PUBLIC,PUBLIC,17-Jul-18,N/A,84,$4.53 ,$380.52 ,$380.52 ,$380.52 ,$257.50 ,$638.02 ,$638.02 ,
4910019,NORTHINGTON DRIVE,TOASewer,RES,PUBLIC,PUBLIC,12-May-98,N/A,24,$4.53 ,$108.72 ,$180.00 ,$180.00 ,$257.50 ,$437.50 ,$437.50 ,
4910023,NORTHINGTON DRIVE,TOASewer,RES,PUBLIC,PUBLIC,17-Nov-14,N/A,102,$4.53 ,$462.06 ,$462.06 ,$462.06 ,$257.50 ,$719.56 ,$719.56 ,
4910024,NORTHINGTON DRIVE,TOASewer,RES,PUBLIC,PUBLIC,11-Jun-02,N/A,62,$4.53 ,$280.86 ,$280.86 ,$280.86 ,$257.50 ,$538.36 ,$538.36 ,
4910027,NORTHINGTON DRIVE,TOASewer,RES,PUBLIC,PUBLIC,4-Nov-03,N/A,72,$4.53 ,$326.16 ,$326.16 ,$326.16 ,$257.50 ,$583.66 ,$583.66 ,
4910030,NORTHINGTON DRIVE,TOASewer,RES,PUBLIC,PUBLIC,4-Nov-10,N/A,100,$4.53 ,$453.00 ,$453.00 ,$453.00 ,$257.50 ,$710.50 ,$710.50 ,
4910031,NORTHINGTON DRIVE,TOASewer,RES,PUBLIC,PUBLIC,1-Nov-04,N/A,46,$4.53 ,$208.38 ,$208.38 ,$208.38 ,$257.50 ,$465.88 ,$465.88 ,
4910034,NORTHINGTON DRIVE,TOASewer,RES,PUBLIC,PUBLIC,4-Oct-00,N/A,60,$4.53 ,$271.80 ,$271.80 ,$271.80 ,$257.50 ,$529.30 ,$529.30 ,
4910035,NORTHINGTON DRIVE,TOASewer,RES,PUBLIC,PUBLIC,16-Jun-09,N/A,116,$4.53 ,$525.48 ,$525.48 ,$525.48 ,$257.50 ,$782.98 ,$782.98 ,
4910038,NORTHINGTON DRIVE,TOASewer,RES,PUBLIC,PUBLIC,1-Apr-09,N/A,52,$4.53 ,$235.56 ,$235.56 ,$235.56 ,$257.50 ,$493.06 ,$493.06 ,
4910043,NORTHINGTON DRIVE,TOASewer,RES,PUBLIC,PUBLIC,19-Aug-02,N/A,64,$4.53 ,$289.92 ,$289.92 ,$289.92 ,$257.50 ,$547.42 ,$547.42 ,
4910044,NORTHINGTON DRIVE,TOASewer,RES,PUBLIC,PUBLIC,30-Jul-21,Y,N/A,N/A,N/A,,$257.50 ,$257.50 ,$515.00 ,$515.00 ,
4910048,NORTHINGTON DRIVE,TOASewer,RES,PUBLIC,PUBLIC,15-Apr-21,Y,N/A,N/A,N/A,,$257.50 ,$257.50 ,$515.00 ,$515.00 ,
4910051,NORTHINGTON DRIVE,TOASewer,RES,PUBLIC,PUBLIC,14-Nov-08,N/A,28,$4.53 ,$126.84 ,$180.00 ,$180.00 ,$257.50 ,$437.50 ,$437.50 ,
4910052,NORTHINGTON DRIVE,TOASewer,RES,PUBLIC,PUBLIC,25-May-99,N/A,58,$4.53 ,$262.74 ,$262.74 ,$262.74 ,$257.50 ,$520.24 ,$520.24 ,
4910063,NORTHINGTON DRIVE,TOASewer,RES,PUBLIC,PUBLIC,30-Aug-05,N/A,102,$4.53 ,$462.06 ,$462.06 ,$462.06 ,$257.50 ,$719.56 ,$719.56 ,
4910069,NORTHINGTON DRIVE,TOASewer,RES,PUBLIC,PUBLIC,26-May-16,N/A,88,$4.53 ,$398.64 ,$398.64 ,$398.64 ,$257.50 ,$656.14 ,$656.14 ,
4910072,NORTHINGTON DRIVE,TOASewer,RES,PUBLIC,PUBLIC,6-Jul-15,N/A,114,$4.53 ,$516.42 ,$516.42 ,$516.42 ,$257.50 ,$773.92 ,$773.92 ,
4910075,NORTHINGTON DRIVE,TOASewer,RES,PUBLIC,PUBLIC,25-Oct-96,N/A,64,$4.53 ,$289.92 ,$289.92 ,$289.92 ,$257.50 ,$547.42 ,$547.42 ,
4910083,NORTHINGTON DRIVE,TOASewer,RES,PUBLIC,PUBLIC,6-Aug-20,N/A,106,$4.53 ,$480.18 ,$480.18 ,$480.18 ,$257.50 ,$737.68 ,$737.68 ,
4910084,NORTHINGTON DRIVE,TOASewer,RES,PUBLIC,PUBLIC,12-Jun-12,N/A,58,$4.53 ,$262.74 ,$262.74 ,$262.74 ,$257.50 ,$520.24 ,$520.24 ,
4910090,NORTHINGTON DRIVE,TOASewer,RES,PUBLIC,PUBLIC,8-Apr-16,N/A,132,$4.53 ,$597.96 ,$597.96 ,$597.96 ,$257.50 ,$855.46 ,$855.46 ,
4910091,NORTHINGTON DRIVE,TOASewer,RES,PUBLIC,PUBLIC,16-Sep-14,N/A,94,$4.53 ,$425.82 ,$425.82 ,$425.82 ,$257.50 ,$683.32 ,$683.32 ,
4910099,NORTHINGTON DRIVE,TOASewer,RES,PUBLIC,PUBLIC,22-Nov-04,N/A,148,$4.53 ,$670.44 ,$670.44 ,$670.44 ,$257.50 ,$927.94 ,$927.94 ,
4910111,NORTHINGTON DRIVE,TOASewer,RES,PUBLIC,PUBLIC,13-Apr-21,Y,N/A,N/A,N/A,,$257.50 ,$257.50 ,$515.00 ,$515.00 ,
4910121,NORTHINGTON DRIVE,TOASewer,RES,PUBLIC,PUBLIC,10-Dec-18,N/A,86,$4.53 ,$389.58 ,$389.58 ,$389.58 ,$257.50 ,$647.08 ,$647.08 ,
4910124,NORTHINGTON DRIVE,TOASewer,RES,PUBLIC,PUBLIC,13-Jun-12,N/A,142,$4.53 ,$643.26 ,$643.26 ,$643.26 ,$257.50 ,$900.76 ,$900.76 ,
4910127,NORTHINGTON DRIVE,TOASewer,RES,PUBLIC,PUBLIC,28-Jun-13,N/A,98,$4.53 ,$443.94 ,$443.94 ,$443.94 ,$257.50 ,$701.44 ,$701.44 ,
4910130,NORTHINGTON DRIVE,TOASewer,RES,PUBLIC,PUBLIC,1-Jul-19,N/A,86,$4.53 ,$389.58 ,$389.58 ,$389.58 ,$257.50 ,$647.08 ,$647.08 ,
4910135,NORTHINGTON DRIVE,TOASewer,RES,PUBLIC,PUBLIC,1-Dec-04,N/A,98,$4.53 ,$443.94 ,$443.94 ,$443.94 ,$257.50 ,$701.44 ,$701.44 ,
4910138,NORTHINGTON DRIVE,TOASewer,RES,PUBLIC,PUBLIC,3-May-00,N/A,94,$4.53 ,$425.82 ,$425.82 ,$425.82 ,$257.50 ,$683.32 ,$683.32 ,
4910162,NORTHINGTON DRIVE,TOASewer,RES,PUBLIC,PUBLIC,29-Jan-19,N/A,30,$4.53 ,$135.90 ,$180.00 ,$180.00 ,$257.50 ,$437.50 ,$437.50 ,
4910170,NORTHINGTON DRIVE,TOASewer,RES,PUBLIC,PUBLIC,2-May-19,N/A,86,$4.53 ,$389.58 ,$389.58 ,$389.58 ,$257.50 ,$647.08 ,$647.08 ,
4910171,NORTHINGTON DRIVE,TOASewer,RES,PUBLIC,PUBLIC,2-Aug-01,N/A,96,$4.53 ,$434.88 ,$434.88 ,$434.88 ,$257.50 ,$692.38 ,$692.38 ,
4910176,NORTHINGTON DRIVE,TOASewer,RES,PUBLIC,PUBLIC,9-Nov-20,N/A,84,$4.53 ,$380.52 ,$380.52 ,$380.52 ,$257.50 ,$638.02 ,$638.02 ,
4910179,NORTHINGTON DRIVE,TOASewer,RES,PUBLIC,PUBLIC,24-Oct-13,N/A,116,$4.53 ,$525.48 ,$525.48 ,$525.48 ,$257.50 ,$782.98 ,$782.98 ,
4910182,NORTHINGTON DRIVE,TOASewer,RES,PUBLIC,PUBLIC,16-Apr-19,N/A,56,$4.53 ,$253.68 ,$253.68 ,$253.68 ,$257.50 ,$511.18 ,$511.18 ,
4910185,NORTHINGTON DRIVE,TOASewer,RES,PUBLIC,PUBLIC,1-Jul-03,N/A,100,$4.53 ,$453.00 ,$453.00 ,$453.00 ,$257.50 ,$710.50 ,$710.50 ,
4910188,NORTHINGTON DRIVE,TOASewer,RES,PUBLIC,PUBLIC,1-May-20,N/A,118,$4.53 ,$534.54 ,$534.54 ,$534.54 ,$257.50 ,$792.04 ,$792.04 ,
4910197,NORTHINGTON DRIVE,TOASewer,RES,PUBLIC,PUBLIC,30-Apr-02,N/A,120,$4.53 ,$543.60 ,$543.60 ,$543.60 ,$257.50 ,$801.10 ,$801.10 ,
4910202,NORTHINGTON DRIVE,TOASewer,RES,PUBLIC,PUBLIC,24-Sep-02,N/A,28,$4.53 ,$126.84 ,$180.00 ,$180.00 ,$257.50 ,$437.50 ,$437.50 ,
4910203,NORTHINGTON DRIVE,TOASewer,RES,PUBLIC,PUBLIC,13-Mar-20,N/A,48,$4.53 ,$217.44 ,$217.44 ,$217.44 ,$257.50 ,$474.94 ,$474.94 ,
4910209,NORTHINGTON DRIVE,TOASewer,RES,PUBLIC,PUBLIC,14-Jun-02,N/A,32,$4.53 ,$144.96 ,$180.00 ,$180.00 ,$257.50 ,$437.50 ,$437.50 ,
4910210,NORTHINGTON DRIVE,TOASewer,RES,PUBLIC,PUBLIC,3-Apr-12,N/A,144,$4.53 ,$652.32 ,$652.32 ,$652.32 ,$257.50 ,$909.82 ,$909.82 ,
4910215,NORTHINGTON DRIVE,TOASewer,RES,PUBLIC,PUBLIC,4-Jun-21,Y,N/A,N/A,N/A,,$257.50 ,$257.50 ,$515.00 ,$515.00 ,
4910221,NORTHINGTON DRIVE,TOASewer,RES,PUBLIC,PUBLIC,7-Dec-21,Y,N/A,N/A,N/A,,$257.50 ,$257.50 ,$515.00 ,$515.00 ,
4910235,NORTHINGTON DRIVE,TOASewer,RES,PUBLIC,PUBLIC,15-Aug-11,N/A,112,$4.53 ,$507.36 ,$507.36 ,$507.36 ,$257.50 ,$764.86 ,$764.86 ,
4910273,NORTHINGTON DRIVE,TOASewer,RES,PUBLIC,PUBLIC,4-Dec-12,N/A,10,$4.53 ,$45.30 ,$180.00 ,$180.00 ,$257.50 ,$437.50 ,$437.50 ,
4910281,NORTHINGTON DRIVE,TOASewer,RES,PUBLIC,PUBLIC,24-Jul-18,N/A,36,$4.53 ,$163.08 ,$180.00 ,$180.00 ,$257.50 ,$437.50 ,$437.50 ,
4910284,NORTHINGTON DRIVE,TOASewer,RES,PUBLIC,PUBLIC,5-Jun-14,N/A,120,$4.53 ,$543.60 ,$543.60 ,$543.60 ,$257.50 ,$801.10 ,$801.10 ,
4910290,NORTHINGTON DRIVE,TOASewer,RES,PUBLIC,PUBLIC,1-Jul-14,N/A,82,$4.53 ,$371.46 ,$371.46 ,$371.46 ,$257.50 ,$628.96 ,$628.96 ,
4910298,NORTHINGTON DRIVE,TOASewer,RES,PUBLIC,PUBLIC,7-Dec-20,N/A,120,$4.53 ,$543.60 ,$543.60 ,$543.60 ,$257.50 ,$801.10 ,$801.10 ,
4910301,NORTHINGTON DRIVE,TOASewer,RES,PUBLIC,PUBLIC,25-Jul-16,N/A,120,$4.53 ,$543.60 ,$543.60 ,$543.60 ,$257.50 ,$801.10 ,$801.10 ,
4910304,NORTHINGTON DRIVE,TOASewer,RES,PUBLIC,PUBLIC,31-Oct-12,N/A,60,$4.53 ,$271.80 ,$271.80 ,$271.80 ,$257.50 ,$529.30 ,$529.30 ,
4910310,NORTHINGTON DRIVE,TOASewer,RES,PUBLIC,PUBLIC,24-Oct-14,N/A,58,$4.53 ,$262.74 ,$262.74 ,$262.74 ,$257.50 ,$520.24 ,$520.24 ,
4910315,NORTHINGTON DRIVE,TOASewer,RES,PUBLIC,PUBLIC,26-Jun-13,N/A,122,$4.53 ,$552.66 ,$552.66 ,$552.66 ,$257.50 ,$810.16 ,$810.16 ,
4910326,NORTHINGTON DRIVE,TOASewer,RES,PUBLIC,PUBLIC,10-Dec-12,N/A,102,$4.53 ,$462.06 ,$462.06 ,$462.06 ,$257.50 ,$719.56 ,$719.56 ,
4910327,NORTHINGTON DRIVE,TOASewer,RES,PUBLIC,PUBLIC,8-Mar-13,N/A,70,$4.53 ,$317.10 ,$317.10 ,$317.10 ,$257.50 ,$574.60 ,$574.60 ,
4910334,NORTHINGTON DRIVE,TOASewer,RES,PUBLIC,PUBLIC,12-Aug-20,N/A,88,$4.53 ,$398.64 ,$398.64 ,$398.64 ,$257.50 ,$656.14 ,$656.14 ,
4910337,NORTHINGTON DRIVE,TOASewer,RES,PUBLIC,PUBLIC,1-Aug-14,N/A,42,$4.53 ,$190.26 ,$190.26 ,$190.26 ,$257.50 ,$447.76 ,$447.76 ,
4910340,NORTHINGTON DRIVE,TOASewer,RES,PUBLIC,PUBLIC,9-Sep-13,N/A,74,$4.53 ,$335.22 ,$335.22 ,$335.22 ,$257.50 ,$592.72 ,$592.72 ,
4910345,NORTHINGTON DRIVE,TOASewer,RES,PUBLIC,PUBLIC,28-Feb-13,N/A,92,$4.53 ,$416.76 ,$416.76 ,$416.76 ,$257.50 ,$674.26 ,$674.26 ,
4910348,NORTHINGTON DRIVE,TOASewer,RES,PUBLIC,PUBLIC,14-Aug-20,N/A,102,$4.53 ,$462.06 ,$462.06 ,$462.06 ,$257.50 ,$719.56 ,$719.56 ,
4910352,NORTHINGTON DRIVE,TOASewer,RES,PUBLIC,PUBLIC,26-Aug-13,N/A,54,$4.53 ,$244.62 ,$244.62 ,$244.62 ,$257.50 ,$502.12 ,$502.12 ,
4910360,NORTHINGTON DRIVE,TOASewer,RES,PUBLIC,PUBLIC,4-Aug-17,N/A,86,$4.53 ,$389.58 ,$389.58 ,$389.58 ,$257.50 ,$647.08 ,$647.08 ,
4910374,NORTHINGTON DRIVE,TOASewer,RES,PUBLIC,PUBLIC,14-Feb-19,N/A,32,$4.53 ,$144.96 ,$180.00 ,$180.00 ,$257.50 ,$437.50 ,$437.50 ,
6340004,NORWOOD,TOASewer,RES,PUBLIC,PUBLIC,6-Dec-17,N/A,80,$4.53 ,$362.40 ,$362.40 ,$362.40 ,$257.50 ,$619.90 ,$619.90 ,
6340007,NORWOOD,TOASewer,RES,PUBLIC,PUBLIC,19-Aug-19,N/A,124,$4.53 ,$561.72 ,$561.72 ,$561.72 ,$257.50 ,$819.22 ,$819.22 ,
6340010,NORWOOD,TOASewer,RES,PUBLIC,PUBLIC,8-Oct-14,N/A,68,$4.53 ,$308.04 ,$308.04 ,$308.04 ,$257.50 ,$565.54 ,$565.54 ,
6340011,NORWOOD,TOASewer,RES,PUBLIC,PUBLIC,27-Oct-15,N/A,72,$4.53 ,$326.16 ,$326.16 ,$326.16 ,$257.50 ,$583.66 ,$583.66 ,
4930005,NOTTINGHAM RIDGE,TOASewer,RES,PUBLIC,PUBLIC,17-Dec-18,N/A,6,$4.53 ,$27.18 ,$180.00 ,$180.00 ,$257.50 ,$437.50 ,$437.50 ,
4930006,NOTTINGHAM RIDGE,TOASewer,RES,PUBLIC,PUBLIC,18-Dec-98,N/A,50,$4.53 ,$226.50 ,$226.50 ,$226.50 ,$257.50 ,$484.00 ,$484.00 ,
4930025,NOTTINGHAM RIDGE,TOASewer,RES,PUBLIC,PUBLIC,2-Dec-98,N/A,54,$4.53 ,$244.62 ,$244.62 ,$244.62 ,$257.50 ,$502.12 ,$502.12 ,
4930042,NOTTINGHAM RIDGE,TOASewer,RES,PUBLIC,PUBLIC,30-Dec-97,N/A,120,$4.53 ,$543.60 ,$543.60 ,$543.60 ,$257.50 ,$801.10 ,$801.10 ,
4930045,NOTTINGHAM RIDGE,TOASewer,RES,PUBLIC,PUBLIC,10-Jul-97,N/A,48,$4.53 ,$217.44 ,$217.44 ,$217.44 ,$257.50 ,$474.94 ,$474.94 ,
4930048,NOTTINGHAM RIDGE,TOASewer,RES,PUBLIC,PUBLIC,10-Aug-98,N/A,84,$4.53 ,$380.52 ,$380.52 ,$380.52 ,$257.50 ,$638.02 ,$638.02 ,
4930054,NOTTINGHAM RIDGE,TOASewer,RES,PUBLIC,PUBLIC,23-Nov-21,Y,N/A,N/A,N/A,,$257.50 ,$257.50 ,$515.00 ,$515.00 ,
4930055,NOTTINGHAM RIDGE,TOASewer,RES,PUBLIC,PUBLIC,4-Sep-12,N/A,120,$4.53 ,$543.60 ,$543.60 ,$543.60 ,$257.50 ,$801.10 ,$801.10 ,
3320001,NUTHATCH WAY,TOASewer,RES,PUBLIC,PUBLIC,9-Jul-98,N/A,20,$4.53 ,$90.60 ,$180.00 ,$180.00 ,$257.50 ,$437.50 ,$437.50 ,
3320002,NUTHATCH WAY,TOASewer,RES,PUBLIC,PUBLIC,15-Sep-09,N/A,0,$4.53 , $-   ,$180.00 ,$180.00 ,$257.50 ,$437.50 ,$437.50 ,
3320003,NUTHATCH WAY,TOASewer,RES,PUBLIC,PUBLIC,22-Apr-02,N/A,28,$4.53 ,$126.84 ,$180.00 ,$180.00 ,$257.50 ,$437.50 ,$437.50 ,
3320004,NUTHATCH WAY,TOASewer,RES,PUBLIC,PUBLIC,1-Jul-96,N/A,60,$4.53 ,$271.80 ,$271.80 ,$271.80 ,$257.50 ,$529.30 ,$529.30 ,
3320005,NUTHATCH WAY,TOASewer,RES,PUBLIC,PUBLIC,28-Dec-95,N/A,8,$4.53 ,$36.24 ,$180.00 ,$180.00 ,$257.50 ,$437.50 ,$437.50 ,
3320006,NUTHATCH WAY,TOASewer,RES,PUBLIC,PUBLIC,7-May-93,N/A,36,$4.53 ,$163.08 ,$180.00 ,$180.00 ,$257.50 ,$437.50 ,$437.50 ,
3340012,OAKENGATES,TOASewer,RES,PUBLIC,PUBLIC,31-Jan-11,N/A,48,$4.53 ,$217.44 ,$217.44 ,$217.44 ,$257.50 ,$474.94 ,$474.94 ,
3360052,OLD FARMS ROAD,TOASewer,RES,PUBLIC,PUBLIC,23-Aug-10,N/A,36,$4.53 ,$163.08 ,$180.00 ,$180.00 ,$257.50 ,$437.50 ,$437.50 ,
3360087,OLD FARMS ROAD,TOASewer,RES,PUBLIC,PUBLIC,17-Jan-91,N/A,34,$4.53 ,$154.02 ,$180.00 ,$180.00 ,$257.50 ,$437.50 ,$437.50 ,
3360094,OLD FARMS ROAD,TOASewer,RES,PUBLIC,PUBLIC,22-Feb-21,Y,N/A,N/A,N/A,,$257.50 ,$257.50 ,$515.00 ,$515.00 ,
3360099,OLD FARMS ROAD,TOASewer,RES,PUBLIC,PUBLIC,28-Dec-95,N/A,54,$4.53 ,$244.62 ,$244.62 ,$244.62 ,$257.50 ,$502.12 ,$502.12 ,
3360100,OLD FARMS ROAD,TOASewer,RES,PUBLIC,PUBLIC,14-Jun-16,N/A,4,$4.53 ,$18.12 ,$180.00 ,$180.00 ,$257.50 ,$437.50 ,$437.50 ,
3360103,OLD FARMS ROAD,TOASewer,RES,PUBLIC,PUBLIC,13-Apr-98,N/A,94,$4.53 ,$425.82 ,$425.82 ,$425.82 ,$257.50 ,$683.32 ,$683.32 ,
3360104,OLD FARMS ROAD,TOASewer,RES,PUBLIC,PUBLIC,16-Jan-03,N/A,6,$4.53 ,$27.18 ,$180.00 ,$180.00 ,$257.50 ,$437.50 ,$437.50 ,
3360106,OLD FARMS ROAD,TOASewer,RES,PUBLIC,PUBLIC,3-Dec-70,N/A,14,$4.53 ,$63.42 ,$180.00 ,$180.00 ,$257.50 ,$437.50 ,$437.50 ,
3360107,OLD FARMS ROAD,TOASewer,RES,PUBLIC,PUBLIC,13-Nov-30,N/A,28,$4.53 ,$126.84 ,$180.00 ,$180.00 ,$257.50 ,$437.50 ,$437.50 ,
3360110,OLD FARMS ROAD,TOASewer,RES,PUBLIC,PUBLIC,20-Apr-17,N/A,18,$4.53 ,$81.54 ,$180.00 ,$180.00 ,$257.50 ,$437.50 ,$437.50 ,
3360112,OLD FARMS ROAD,TOASewer,RES,PUBLIC,PUBLIC,26-Aug-98,N/A,24,$4.53 ,$108.72 ,$180.00 ,$180.00 ,$257.50 ,$437.50 ,$437.50 ,
3360115,OLD FARMS ROAD,TOASewer,RES,PUBLIC,PUBLIC,20-Aug-10,N/A,78,$4.53 ,$353.34 ,$353.34 ,$353.34 ,$257.50 ,$610.84 ,$610.84 ,
3360116,OLD FARMS ROAD,TOASewer,RES,PUBLIC,PUBLIC,15-Jun-04,N/A,48,$4.53 ,$217.44 ,$217.44 ,$217.44 ,$257.50 ,$474.94 ,$474.94 ,
3360118,OLD FARMS ROAD,TOASewer,RES,PUBLIC,PUBLIC,22-Oct-21,Y,N/A,N/A,N/A,,$257.50 ,$257.50 ,$515.00 ,$515.00 ,
3360119,OLD FARMS ROAD,TOASewer,RES,PUBLIC,PUBLIC,14-Nov-08,N/A,28,$4.53 ,$126.84 ,$180.00 ,$180.00 ,$257.50 ,$437.50 ,$437.50 ,
3360281,OLD FARMS ROAD,TOASewer,RES,WELL,PRIVATE,N/A,N/A,N/A,N/A,N/A,,$257.50 ,$257.50 ,$515.00 ,$515.00 ,
3360285,OLD FARMS ROAD,TOASewer,RES,PUBLIC,PUBLIC,1-Jan-01,N/A,50,$4.53 ,$226.50 ,$226.50 ,$226.50 ,$257.50 ,$484.00 ,$484.00 ,
3370006,OLD KINGS ROAD,TOASewer,RES,PUBLIC,,17-Jun-99,N/A,196,$4.53 ,$887.88 ,$887.88 ,$887.88 ,$257.50 ,"$1,145.38 ","$1,145.38 ",
3370010,OLD KINGS ROAD,TOASewer,RES,WELL,PRIVATE,N/A,N/A,N/A,N/A,N/A,,$257.50 ,$257.50 ,$515.00 ,$515.00 ,
3370016,OLD KINGS ROAD,TOASewer,RES,WELL,PRIVATE,N/A,N/A,N/A,N/A,N/A,,$257.50 ,$257.50 ,$515.00 ,$515.00 ,
3370017,OLD KINGS ROAD,TOASewer,RES,WELL,PRIVATE,N/A,N/A,N/A,N/A,N/A,,$257.50 ,$257.50 ,$515.00 ,$515.00 ,
3370023,OLD KINGS ROAD,TOASewer,RES,WELL,PRIVATE,N/A,N/A,N/A,N/A,N/A,,$257.50 ,$257.50 ,$515.00 ,$515.00 ,
3370026,OLD KINGS ROAD,TOASewer,RES,WELL,PRIVATE,N/A,N/A,N/A,N/A,N/A,,$257.50 ,$257.50 ,$515.00 ,$515.00 ,
3370029,OLD KINGS ROAD,TOASewer,RES,WELL,PRIVATE,N/A,N/A,N/A,N/A,N/A,,$257.50 ,$257.50 ,$515.00 ,$515.00 ,
3370035,OLD KINGS ROAD,TOASewer,RES,WELL,PRIVATE,N/A,N/A,N/A,N/A,N/A,,$257.50 ,$257.50 ,$515.00 ,$515.00 ,
3370036,OLD KINGS ROAD,TOASewer,RES,WELL,PRIVATE,N/A,N/A,N/A,N/A,N/A,,$257.50 ,$257.50 ,$515.00 ,$515.00 ,
3370039,OLD KINGS ROAD,TOASewer,RES,WELL,PRIVATE,N/A,N/A,N/A,N/A,N/A,,$257.50 ,$257.50 ,$515.00 ,$515.00 ,
3370045,OLD KINGS ROAD,TOASewer,RES,WELL,PRIVATE,N/A,N/A,N/A,N/A,N/A,,$257.50 ,$257.50 ,$515.00 ,$515.00 ,
3370046,OLD KINGS ROAD,TOASewer,RES,WELL,PRIVATE,N/A,N/A,N/A,N/A,N/A,,$257.50 ,$257.50 ,$515.00 ,$515.00 ,
3370051,OLD KINGS ROAD,TOASewer,RES,PUBLIC,PUBLIC,10-Jan-17,N/A,44,$4.53 ,$199.32 ,$199.32 ,$199.32 ,$257.50 ,$456.82 ,$456.82 ,
3370052,OLD KINGS ROAD,TOASewer,RES,PUBLIC,PUBLIC,23-Jun-21,Y,N/A,N/A,N/A,,$257.50 ,$257.50 ,$515.00 ,$515.00 ,
3370057,OLD KINGS ROAD,TOASewer,RES,PUBLIC,PUBLIC,11-Aug-14,N/A,76,$4.53 ,$344.28 ,$344.28 ,$344.28 ,$257.50 ,$601.78 ,$601.78 ,
3370058,OLD KINGS ROAD,TOASewer,RES,PUBLIC,PUBLIC,31-Jul-09,N/A,84,$4.53 ,$380.52 ,$380.52 ,$380.52 ,$257.50 ,$638.02 ,$638.02 ,
3370064,OLD KINGS ROAD,TOASewer,RES,PUBLIC,PUBLIC,1-Jul-21,Y,N/A,N/A,N/A,,$257.50 ,$257.50 ,$515.00 ,$515.00 ,
3370065,OLD KINGS ROAD,TOASewer,RES,PUBLIC,PUBLIC,13-Sep-16,N/A,70,$4.53 ,$317.10 ,$317.10 ,$317.10 ,$257.50 ,$574.60 ,$574.60 ,
3380015,OLD MILL ROAD,TOASewer,RES,PUBLIC,PUBLIC,17-May-01,N/A,38,$4.53 ,$172.14 ,$180.00 ,$180.00 ,$257.50 ,$437.50 ,$437.50 ,
3380018,OLD MILL ROAD,TOASewer,RES,PUBLIC,PUBLIC,6-Nov-79,N/A,64,$4.53 ,$289.92 ,$289.92 ,$289.92 ,$257.50 ,$547.42 ,$547.42 ,
3380025,OLD MILL ROAD,TOASewer,RES,PUBLIC,PUBLIC,20-Dec-16,N/A,58,$4.53 ,$262.74 ,$262.74 ,$262.74 ,$257.50 ,$520.24 ,$520.24 ,
3380026,OLD MILL ROAD,TOASewer,RES,PUBLIC,PUBLIC,15-Jul-15,N/A,60,$4.53 ,$271.80 ,$271.80 ,$271.80 ,$257.50 ,$529.30 ,$529.30 ,
3380031,OLD MILL ROAD,TOASewer,RES,PUBLIC,PUBLIC,28-Apr-21,Y,N/A,N/A,N/A,,$257.50 ,$257.50 ,$515.00 ,$515.00 ,
3380036,OLD MILL ROAD,TOASewer,RES,PUBLIC,PUBLIC,15-Dec-21,Y,N/A,N/A,N/A,,$257.50 ,$257.50 ,$515.00 ,$515.00 ,
3380037,OLD MILL ROAD,TOASewer,RES,PUBLIC,PUBLIC,3-Nov-20,N/A,58,$4.53 ,$262.74 ,$262.74 ,$262.74 ,$257.50 ,$520.24 ,$520.24 ,
3380045,OLD MILL ROAD,TOASewer,RES,PUBLIC,PUBLIC,5-Sep-17,N/A,36,$4.53 ,$163.08 ,$180.00 ,$180.00 ,$257.50 ,$437.50 ,$437.50 ,
3380052,OLD MILL ROAD,TOASewer,RES,PUBLIC,PUBLIC,30-Aug-21,Y,N/A,N/A,N/A,,$257.50 ,$257.50 ,$515.00 ,$515.00 ,
3380059,OLD MILL ROAD,TOASewer,RES,PUBLIC,PUBLIC,1-Dec-04,N/A,70,$4.53 ,$317.10 ,$317.10 ,$317.10 ,$257.50 ,$574.60 ,$574.60 ,
3380060,OLD MILL ROAD,TOASewer,RES,PUBLIC,PUBLIC,24-Aug-09,N/A,62,$4.53 ,$280.86 ,$280.86 ,$280.86 ,$257.50 ,$538.36 ,$538.36 ,
3380067,OLD MILL ROAD,TOASewer,RES,PUBLIC,PUBLIC,31-Mar-76,N/A,52,$4.53 ,$235.56 ,$235.56 ,$235.56 ,$257.50 ,$493.06 ,$493.06 ,
3380068,OLD MILL ROAD,TOASewer,RES,PUBLIC,PUBLIC,5-Jul-18,N/A,66,$4.53 ,$298.98 ,$298.98 ,$298.98 ,$257.50 ,$556.48 ,$556.48 ,
3380074,OLD MILL ROAD,TOASewer,RES,PUBLIC,PUBLIC,2-May-97,N/A,30,$4.53 ,$135.90 ,$180.00 ,$180.00 ,$257.50 ,$437.50 ,$437.50 ,
3380075,OLD MILL ROAD,TOASewer,RES,PUBLIC,PUBLIC,19-Oct-79,N/A,88,$4.53 ,$398.64 ,$398.64 ,$398.64 ,$257.50 ,$656.14 ,$656.14 ,
3380081,OLD MILL ROAD,TOASewer,RES,PUBLIC,PUBLIC,2-Apr-86,N/A,42,$4.53 ,$190.26 ,$190.26 ,$190.26 ,$257.50 ,$447.76 ,$447.76 ,
3380082,OLD MILL ROAD,TOASewer,RES,PUBLIC,PUBLIC,17-Aug-09,N/A,44,$4.53 ,$199.32 ,$199.32 ,$199.32 ,$257.50 ,$456.82 ,$456.82 ,
3380088,OLD MILL ROAD,TOASewer,RES,PUBLIC,PUBLIC,4-Jun-07,N/A,110,$4.53 ,$498.30 ,$498.30 ,$498.30 ,$257.50 ,$755.80 ,$755.80 ,
3380089,OLD MILL ROAD,TOASewer,RES,PUBLIC,PUBLIC,14-Aug-01,N/A,66,$4.53 ,$298.98 ,$298.98 ,$298.98 ,$257.50 ,$556.48 ,$556.48 ,
3380097,OLD MILL ROAD,TOASewer,RES,PUBLIC,PUBLIC,29-May-18,N/A,122,$4.53 ,$552.66 ,$552.66 ,$552.66 ,$257.50 ,$810.16 ,$810.16 ,
3380098,OLD MILL ROAD,TOASewer,RES,PUBLIC,PUBLIC,22-Dec-94,N/A,118,$4.53 ,$534.54 ,$534.54 ,$534.54 ,$257.50 ,$792.04 ,$792.04 ,
3380101,OLD MILL ROAD,TOASewer,RES,PUBLIC,PUBLIC,3-Mar-09,N/A,72,$4.53 ,$326.16 ,$326.16 ,$326.16 ,$257.50 ,$583.66 ,$583.66 ,
3380106,OLD MILL ROAD,TOASewer,RES,PUBLIC,PUBLIC,7-Oct-19,N/A,94,$4.53 ,$425.82 ,$425.82 ,$425.82 ,$257.50 ,$683.32 ,$683.32 ,
3380113,OLD MILL ROAD,TOASewer,RES,PUBLIC,PUBLIC,18-Sep-07,N/A,90,$4.53 ,$407.70 ,$407.70 ,$407.70 ,$257.50 ,$665.20 ,$665.20 ,
3380114,OLD MILL ROAD,TOASewer,RES,PUBLIC,PUBLIC,4-Apr-00,N/A,48,$4.53 ,$217.44 ,$217.44 ,$217.44 ,$257.50 ,$474.94 ,$474.94 ,
3380126,OLD MILL ROAD,TOASewer,RES,PUBLIC,PUBLIC,3-Apr-17,N/A,64,$4.53 ,$289.92 ,$289.92 ,$289.92 ,$257.50 ,$547.42 ,$547.42 ,
3380134,OLD MILL ROAD,TOASewer,RES,PUBLIC,PUBLIC,10-Aug-17,N/A,88,$4.53 ,$398.64 ,$398.64 ,$398.64 ,$257.50 ,$656.14 ,$656.14 ,
3380146,OLD MILL ROAD,TOASewer,RES,PUBLIC,PUBLIC,5-Nov-93,N/A,52,$4.53 ,$235.56 ,$235.56 ,$235.56 ,$257.50 ,$493.06 ,$493.06 ,
3380149,OLD MILL ROAD,TOASewer,RES,PUBLIC,PUBLIC,1-Oct-92,N/A,92,$4.53 ,$416.76 ,$416.76 ,$416.76 ,$257.50 ,$674.26 ,$674.26 ,
3400025,OLD WHEELER COURT,TOASewer,RES,PUBLIC,PUBLIC,25-Oct-93,N/A,72,$4.53 ,$326.16 ,$326.16 ,$326.16 ,$257.50 ,$583.66 ,$583.66 ,
3400037,OLD WHEELER COURT,TOASewer,RES,PUBLIC,PUBLIC,17-Aug-17,N/A,56,$4.53 ,$253.68 ,$253.68 ,$253.68 ,$257.50 ,$511.18 ,$511.18 ,
3400043,OLD WHEELER COURT,TOASewer,RES,PUBLIC,PUBLIC,6-Aug-21,Y,N/A,N/A,N/A,,$257.50 ,$257.50 ,$515.00 ,$515.00 ,
3400051,OLD WHEELER COURT,TOASewer,RES,PUBLIC,PUBLIC,31-May-19,N/A,42,$4.53 ,$190.26 ,$190.26 ,$190.26 ,$257.50 ,$447.76 ,$447.76 ,
3400059,OLD WHEELER COURT,TOASewer,RES,PUBLIC,PUBLIC,23-Mar-92,N/A,34,$4.53 ,$154.02 ,$180.00 ,$180.00 ,$257.50 ,$437.50 ,$437.50 ,
3410037,OLD WHEELER LANE,TOASewer,RES,WELL,PRIVATE,N/A,N/A,N/A,N/A,N/A,,$257.50 ,$257.50 ,$515.00 ,$515.00 ,
3410043,OLD WHEELER LANE,TOASewer,RES,WELL,PRIVATE,N/A,N/A,N/A,N/A,N/A,,$257.50 ,$257.50 ,$515.00 ,$515.00 ,
3410055,OLD WHEELER LANE,TOASewer,RES,WELL,PRIVATE,N/A,N/A,N/A,N/A,N/A,,$257.50 ,$257.50 ,$515.00 ,$515.00 ,
3410063,OLD WHEELER LANE,TOASewer,RES,WELL,PRIVATE,N/A,N/A,N/A,N/A,N/A,,$257.50 ,$257.50 ,$515.00 ,$515.00 ,
3440001,OVERLOOK COURT,TOASewer,RES,PUBLIC,PUBLIC,19-Jan-16,N/A,12,$4.53 ,$54.36 ,$180.00 ,$180.00 ,$257.50 ,$437.50 ,$437.50 ,
3440002,OVERLOOK COURT,TOASewer,RES,PUBLIC,PUBLIC,30-Mar-99,N/A,2,$4.53 ,$9.06 ,$180.00 ,$180.00 ,$257.50 ,$437.50 ,$437.50 ,
3440003,OVERLOOK COURT,TOASewer,RES,PUBLIC,PUBLIC,15-Mar-21,Y,N/A,N/A,N/A,,$257.50 ,$257.50 ,$515.00 ,$515.00 ,
3440004,OVERLOOK COURT,TOASewer,RES,PUBLIC,PUBLIC,25-Jan-87,N/A,28,$4.53 ,$126.84 ,$180.00 ,$180.00 ,$257.50 ,$437.50 ,$437.50 ,
3440005,OVERLOOK COURT,TOASewer,RES,PUBLIC,PUBLIC,4-Feb-87,N/A,22,$4.53 ,$99.66 ,$180.00 ,$180.00 ,$257.50 ,$437.50 ,$437.50 ,
3440006,OVERLOOK COURT,TOASewer,RES,PUBLIC,PUBLIC,27-May-14,N/A,28,$4.53 ,$126.84 ,$180.00 ,$180.00 ,$257.50 ,$437.50 ,$437.50 ,
3440007,OVERLOOK COURT,TOASewer,RES,PUBLIC,PUBLIC,26-Aug-02,N/A,22,$4.53 ,$99.66 ,$180.00 ,$180.00 ,$257.50 ,$437.50 ,$437.50 ,
3440008,OVERLOOK COURT,TOASewer,RES,PUBLIC,PUBLIC,3-Aug-21,Y,N/A,N/A,N/A,,$257.50 ,$257.50 ,$515.00 ,$515.00 ,
3440009,OVERLOOK COURT,TOASewer,RES,PUBLIC,PUBLIC,31-Aug-92,N/A,0,$4.53 , $-   ,$180.00 ,$180.00 ,$257.50 ,$437.50 ,$437.50 ,
3450001,OWL COURT,TOASewer,RES,PUBLIC,PUBLIC,2-Jan-19,N/A,52,$4.53 ,$235.56 ,$235.56 ,$235.56 ,$257.50 ,$493.06 ,$493.06 ,
3450002,OWL COURT,TOASewer,RES,PUBLIC,PUBLIC,30-Oct-78,N/A,118,$4.53 ,$534.54 ,$534.54 ,$534.54 ,$257.50 ,$792.04 ,$792.04 ,
3450003,OWL COURT,TOASewer,RES,PUBLIC,PUBLIC,30-Oct-78,N/A,6,$4.53 ,$27.18 ,$180.00 ,$180.00 ,$257.50 ,$437.50 ,$437.50 ,
3450004,OWL COURT,TOASewer,RES,PUBLIC,PUBLIC,21-May-12,N/A,36,$4.53 ,$163.08 ,$180.00 ,$180.00 ,$257.50 ,$437.50 ,$437.50 ,
3450005,OWL COURT,TOASewer,RES,PUBLIC,PUBLIC,4-Jan-99,N/A,18,$4.53 ,$81.54 ,$180.00 ,$180.00 ,$257.50 ,$437.50 ,$437.50 ,
3450006,OWL COURT,TOASewer,RES,PUBLIC,PUBLIC,23-Aug-17,N/A,30,$4.53 ,$135.90 ,$180.00 ,$180.00 ,$257.50 ,$437.50 ,$437.50 ,
3450007,OWL COURT,TOASewer,RES,PUBLIC,PUBLIC,4-Jun-18,N/A,18,$4.53 ,$81.54 ,$180.00 ,$180.00 ,$257.50 ,$437.50 ,$437.50 ,
3450008,OWL COURT,TOASewer,RES,PUBLIC,PUBLIC,22-Mar-17,N/A,38,$4.53 ,$172.14 ,$180.00 ,$180.00 ,$257.50 ,$437.50 ,$437.50 ,
3450009,OWL COURT,TOASewer,RES,PUBLIC,PUBLIC,30-Apr-04,N/A,42,$4.53 ,$190.26 ,$190.26 ,$190.26 ,$257.50 ,$447.76 ,$447.76 ,
3450010,OWL COURT,TOASewer,RES,PUBLIC,PUBLIC,22-Sep-20,N/A,46,$4.53 ,$208.38 ,$208.38 ,$208.38 ,$257.50 ,$465.88 ,$465.88 ,
3450011,OWL COURT,TOASewer,RES,PUBLIC,PUBLIC,21-Jun-12,N/A,44,$4.53 ,$199.32 ,$199.32 ,$199.32 ,$257.50 ,$456.82 ,$456.82 ,
3450012,OWL COURT,TOASewer,RES,PUBLIC,PUBLIC,27-Apr-87,N/A,54,$4.53 ,$244.62 ,$244.62 ,$244.62 ,$257.50 ,$502.12 ,$502.12 ,
3450013,OWL COURT,TOASewer,RES,PUBLIC,PUBLIC,27-Jun-94,N/A,14,$4.53 ,$63.42 ,$180.00 ,$180.00 ,$257.50 ,$437.50 ,$437.50 ,
3450014,OWL COURT,TOASewer,RES,PUBLIC,PUBLIC,10-Sep-01,N/A,16,$4.53 ,$72.48 ,$180.00 ,$180.00 ,$257.50 ,$437.50 ,$437.50 ,
3470001,OXFORD COURT,TOASewer,RES,PUBLIC,PUBLIC,2-Jul-19,N/A,80,$4.53 ,$362.40 ,$362.40 ,$362.40 ,$257.50 ,$619.90 ,$619.90 ,
3470002,OXFORD COURT,TOASewer,RES,PUBLIC,PUBLIC,21-May-08,N/A,60,$4.53 ,$271.80 ,$271.80 ,$271.80 ,$257.50 ,$529.30 ,$529.30 ,
3470003,OXFORD COURT,TOASewer,RES,PUBLIC,PUBLIC,30-Jan-89,N/A,12,$4.53 ,$54.36 ,$180.00 ,$180.00 ,$257.50 ,$437.50 ,$437.50 ,
3470004,OXFORD COURT,TOASewer,RES,PUBLIC,PUBLIC,10-Nov-09,N/A,6,$4.53 ,$27.18 ,$180.00 ,$180.00 ,$257.50 ,$437.50 ,$437.50 ,
3470005,OXFORD COURT,TOASewer,RES,PUBLIC,PUBLIC,31-Jul-01,N/A,24,$4.53 ,$108.72 ,$180.00 ,$180.00 ,$257.50 ,$437.50 ,$437.50 ,
3470006,OXFORD COURT,TOASewer,RES,PUBLIC,PUBLIC,31-Dec-19,N/A,16,$4.53 ,$72.48 ,$180.00 ,$180.00 ,$257.50 ,$437.50 ,$437.50 ,
3470007,OXFORD COURT,TOASewer,RES,PUBLIC,PUBLIC,25-Nov-13,N/A,32,$4.53 ,$144.96 ,$180.00 ,$180.00 ,$257.50 ,$437.50 ,$437.50 ,
3470008,OXFORD COURT,TOASewer,RES,PUBLIC,PUBLIC,23-Sep-14,N/A,26,$4.53 ,$117.78 ,$180.00 ,$180.00 ,$257.50 ,$437.50 ,$437.50 ,
3480030,PAPERCHASE TRAIL,TOASewer,RES,WELL,PRIVATE,N/A,N/A,N/A,N/A,N/A,,$257.50 ,$257.50 ,$515.00 ,$515.00 ,
3490016,PARK ROAD,TOASewer,RES,PUBLIC,PUBLIC,31-Oct-88,N/A,44,$4.53 ,$199.32 ,$199.32 ,$199.32 ,$257.50 ,$456.82 ,$456.82 ,
3490030,PARK ROAD,TOASewer,RES,PUBLIC,PUBLIC,1-Jul-85,N/A,32,$4.53 ,$144.96 ,$180.00 ,$180.00 ,$257.50 ,$437.50 ,$437.50 ,
3490036,PARK ROAD,TOASewer,RES,PUBLIC,PUBLIC,30-Aug-16,N/A,14,$4.53 ,$63.42 ,$180.00 ,$180.00 ,$257.50 ,$437.50 ,$437.50 ,
4960011,PARKER ROAD,TOASewer,RES,PUBLIC,PUBLIC,18-Aug-14,N/A,70,$4.53 ,$317.10 ,$317.10 ,$317.10 ,$257.50 ,$574.60 ,$574.60 ,
4960017,PARKER ROAD,TOASewer,RES,PUBLIC,PUBLIC,26-Sep-16,N/A,86,$4.53 ,$389.58 ,$389.58 ,$389.58 ,$257.50 ,$647.08 ,$647.08 ,
4960023,PARKER ROAD,TOASewer,RES,PUBLIC,PUBLIC,5-Nov-03,N/A,62,$4.53 ,$280.86 ,$280.86 ,$280.86 ,$257.50 ,$538.36 ,$538.36 ,
4960024,PARKER ROAD,TOASewer,RES,PUBLIC,PUBLIC,14-Dec-15,N/A,0,$4.53 , $-   ,$180.00 ,$180.00 ,$257.50 ,$437.50 ,$437.50 ,
3510061,PARKVIEW DRIVE,TOASewer,RES,PUBLIC,PUBLIC,15-Aug-11,N/A,20,$4.53 ,$90.60 ,$180.00 ,$180.00 ,$257.50 ,$437.50 ,$437.50 ,
3510075,PARKVIEW DRIVE,TOASewer,RES,PUBLIC,PUBLIC,13-Dec-21,Y,N/A,N/A,N/A,,$257.50 ,$257.50 ,$515.00 ,$515.00 ,
3510086,PARKVIEW DRIVE,TOASewer,RES,PUBLIC,PUBLIC,10-Aug-06,N/A,52,$4.53 ,$235.56 ,$235.56 ,$235.56 ,$257.50 ,$493.06 ,$493.06 ,
3510087,PARKVIEW DRIVE,TOASewer,RES,PUBLIC,PUBLIC,23-Apr-04,N/A,72,$4.53 ,$326.16 ,$326.16 ,$326.16 ,$257.50 ,$583.66 ,$583.66 ,
3510092,PARKVIEW DRIVE,TOASewer,RES,PUBLIC,PUBLIC,31-Oct-19,N/A,46,$4.53 ,$208.38 ,$208.38 ,$208.38 ,$257.50 ,$465.88 ,$465.88 ,
3510095,PARKVIEW DRIVE,TOASewer,RES,PUBLIC,PUBLIC,21-Oct-09,N/A,84,$4.53 ,$380.52 ,$380.52 ,$380.52 ,$257.50 ,$638.02 ,$638.02 ,
3510101,PARKVIEW DRIVE,TOASewer,RES,PUBLIC,PUBLIC,10-Jan-00,N/A,38,$4.53 ,$172.14 ,$180.00 ,$180.00 ,$257.50 ,$437.50 ,$437.50 ,
3510102,PARKVIEW DRIVE,TOASewer,RES,PUBLIC,PUBLIC,6-Aug-20,N/A,52,$4.53 ,$235.56 ,$235.56 ,$235.56 ,$257.50 ,$493.06 ,$493.06 ,
3510110,PARKVIEW DRIVE,TOASewer,RES,PUBLIC,PUBLIC,27-Jan-20,N/A,46,$4.53 ,$208.38 ,$208.38 ,$208.38 ,$257.50 ,$465.88 ,$465.88 ,
3510111,PARKVIEW DRIVE,TOASewer,RES,PUBLIC,PUBLIC,13-Sep-07,N/A,52,$4.53 ,$235.56 ,$235.56 ,$235.56 ,$257.50 ,$493.06 ,$493.06 ,
3510118,PARKVIEW DRIVE,TOASewer,RES,PUBLIC,PUBLIC,3-Apr-18,N/A,40,$4.53 ,$181.20 ,$181.20 ,$181.20 ,$257.50 ,$438.70 ,$438.70 ,
3510130,PARKVIEW DRIVE,TOASewer,RES,PUBLIC,PUBLIC,12-Jun-15,N/A,54,$4.53 ,$244.62 ,$244.62 ,$244.62 ,$257.50 ,$502.12 ,$502.12 ,
3510137,PARKVIEW DRIVE,TOASewer,RES,PUBLIC,PUBLIC,10-Mar-16,N/A,50,$4.53 ,$226.50 ,$226.50 ,$226.50 ,$257.50 ,$484.00 ,$484.00 ,
3510138,PARKVIEW DRIVE,TOASewer,RES,PUBLIC,PUBLIC,11-Aug-15,N/A,64,$4.53 ,$289.92 ,$289.92 ,$289.92 ,$257.50 ,$547.42 ,$547.42 ,
3520001,PARTRIDGE LANE,TOASewer,RES,PUBLIC,PUBLIC,3-Apr-06,N/A,26,$4.53 ,$117.78 ,$180.00 ,$180.00 ,$257.50 ,$437.50 ,$437.50 ,
3520002,PARTRIDGE LANE,TOASewer,RES,PUBLIC,PUBLIC,23-Feb-88,N/A,40,$4.53 ,$181.20 ,$181.20 ,$181.20 ,$257.50 ,$438.70 ,$438.70 ,
3520003,PARTRIDGE LANE,TOASewer,RES,PUBLIC,PUBLIC,3-Jan-19,N/A,42,$4.53 ,$190.26 ,$190.26 ,$190.26 ,$257.50 ,$447.76 ,$447.76 ,
3540023,PHEASANT RUN,TOASewer,RES,WELL,PRIVATE,N/A,N/A,N/A,N/A,N/A,,$257.50 ,$257.50 ,$515.00 ,$515.00 ,
3540039,PHEASANT RUN,TOASewer,RES,WELL,PRIVATE,N/A,N/A,N/A,N/A,N/A,,$257.50 ,$257.50 ,$515.00 ,$515.00 ,
3540040,PHEASANT RUN,TOASewer,RES,WELL,PRIVATE,N/A,N/A,N/A,N/A,N/A,,$257.50 ,$257.50 ,$515.00 ,$515.00 ,
3540052,PHEASANT RUN,TOASewer,RES,WELL,PRIVATE,N/A,N/A,N/A,N/A,N/A,,$257.50 ,$257.50 ,$515.00 ,$515.00 ,
3570001,PINE TRAIL,TOASewer,RES,WELL,PRIVATE,N/A,N/A,N/A,N/A,N/A,,$257.50 ,$257.50 ,$515.00 ,$515.00 ,
3570002,PINE TRAIL,TOASewer,RES,WELL,PRIVATE,N/A,N/A,N/A,N/A,N/A,,$257.50 ,$257.50 ,$515.00 ,$515.00 ,
3570004,PINE TRAIL,TOASewer,RES,WELL,PRIVATE,N/A,N/A,N/A,N/A,N/A,,$257.50 ,$257.50 ,$515.00 ,$515.00 ,
3570005,PINE TRAIL,TOASewer,RES,WELL,PRIVATE,N/A,N/A,N/A,N/A,N/A,,$257.50 ,$257.50 ,$515.00 ,$515.00 ,
3570006,PINE TRAIL,TOASewer,RES,WELL,PRIVATE,N/A,N/A,N/A,N/A,N/A,,$257.50 ,$257.50 ,$515.00 ,$515.00 ,
3570008,PINE TRAIL,TOASewer,RES,WELL,PRIVATE,N/A,N/A,N/A,N/A,N/A,,$257.50 ,$257.50 ,$515.00 ,$515.00 ,
3570010,PINE TRAIL,TOASewer,RES,WELL,PRIVATE,N/A,N/A,N/A,N/A,N/A,,$257.50 ,$257.50 ,$515.00 ,$515.00 ,
3570011,PINE TRAIL,TOASewer,RES,WELL,PRIVATE,N/A,N/A,N/A,N/A,N/A,,$257.50 ,$257.50 ,$515.00 ,$515.00 ,
3570012,PINE TRAIL,TOASewer,RES,WELL,PRIVATE,N/A,N/A,N/A,N/A,N/A,,$257.50 ,$257.50 ,$515.00 ,$515.00 ,
3570014,PINE TRAIL,TOASewer,RES,WELL,PRIVATE,N/A,N/A,N/A,N/A,N/A,,$257.50 ,$257.50 ,$515.00 ,$515.00 ,
3570016,PINE TRAIL,TOASewer,RES,WELL,PRIVATE,N/A,N/A,N/A,N/A,N/A,,$257.50 ,$257.50 ,$515.00 ,$515.00 ,
3570017,PINE TRAIL,TOASewer,RES,WELL,PRIVATE,N/A,N/A,N/A,N/A,N/A,,$257.50 ,$257.50 ,$515.00 ,$515.00 ,
3570018,PINE TRAIL,TOASewer,RES,WELL,PRIVATE,N/A,N/A,N/A,N/A,N/A,,$257.50 ,$257.50 ,$515.00 ,$515.00 ,
3610001,POND CIRCLE,TOASewer,RES,PUBLIC,PUBLIC,16-Oct-20,N/A,26,$4.53 ,$117.78 ,$180.00 ,$180.00 ,$257.50 ,$437.50 ,$437.50 ,
3610002,POND CIRCLE,TOASewer,RES,PUBLIC,PUBLIC,1-Nov-07,N/A,20,$4.53 ,$90.60 ,$180.00 ,$180.00 ,$257.50 ,$437.50 ,$437.50 ,
3610003,POND CIRCLE,TOASewer,RES,PUBLIC,PUBLIC,14-Apr-15,N/A,30,$4.53 ,$135.90 ,$180.00 ,$180.00 ,$257.50 ,$437.50 ,$437.50 ,
3610004,POND CIRCLE,TOASewer,RES,PUBLIC,PUBLIC,27-Jul-99,N/A,20,$4.53 ,$90.60 ,$180.00 ,$180.00 ,$257.50 ,$437.50 ,$437.50 ,
3610005,POND CIRCLE,TOASewer,RES,PUBLIC,PUBLIC,1-Feb-16,N/A,32,$4.53 ,$144.96 ,$180.00 ,$180.00 ,$257.50 ,$437.50 ,$437.50 ,
3610006,POND CIRCLE,TOASewer,RES,PUBLIC,PUBLIC,3-Aug-21,Y,N/A,N/A,N/A,,$257.50 ,$257.50 ,$515.00 ,$515.00 ,
3610007,POND CIRCLE,TOASewer,RES,PUBLIC,PUBLIC,15-Dec-86,N/A,14,$4.53 ,$63.42 ,$180.00 ,$180.00 ,$257.50 ,$437.50 ,$437.50 ,
3610008,POND CIRCLE,TOASewer,RES,PUBLIC,PUBLIC,20-Aug-91,N/A,42,$4.53 ,$190.26 ,$190.26 ,$190.26 ,$257.50 ,$447.76 ,$447.76 ,
3620001,POND PLACE,TOASewer,RES,PUBLIC,PUBLIC,28-Oct-88,N/A,44,$4.53 ,$199.32 ,$199.32 ,$199.32 ,$257.50 ,$456.82 ,$456.82 ,
3620002,POND PLACE,TOASewer,RES,PUBLIC,PUBLIC,17-Mar-17,N/A,0,$4.53 , $-   ,$180.00 ,$180.00 ,$257.50 ,$437.50 ,$437.50 ,
3620003,POND PLACE,TOASewer,RES,PUBLIC,PUBLIC,20-Aug-99,N/A,46,$4.53 ,$208.38 ,$208.38 ,$208.38 ,$257.50 ,$465.88 ,$465.88 ,
3620004,POND PLACE,TOASewer,RES,PUBLIC,PUBLIC,20-Oct-10,N/A,14,$4.53 ,$63.42 ,$180.00 ,$180.00 ,$257.50 ,$437.50 ,$437.50 ,
3620005,POND PLACE,TOASewer,RES,PUBLIC,PUBLIC,2-Sep-09,N/A,12,$4.53 ,$54.36 ,$180.00 ,$180.00 ,$257.50 ,$437.50 ,$437.50 ,
3620006,POND PLACE,TOASewer,RES,PUBLIC,PUBLIC,22-Nov-10,N/A,26,$4.53 ,$117.78 ,$180.00 ,$180.00 ,$257.50 ,$437.50 ,$437.50 ,
4900004,PORTER PLACE,TOASewer,RES,PUBLIC,PUBLIC,11-May-21,Y,N/A,N/A,N/A,,$257.50 ,$257.50 ,$515.00 ,$515.00 ,
4900005,PORTER PLACE,TOASewer,RES,PUBLIC,PUBLIC,19-Jun-06,N/A,68,$4.53 ,$308.04 ,$308.04 ,$308.04 ,$257.50 ,$565.54 ,$565.54 ,
4900008,PORTER PLACE,TOASewer,RES,PUBLIC,PUBLIC,26-Aug-11,N/A,26,$4.53 ,$117.78 ,$180.00 ,$180.00 ,$257.50 ,$437.50 ,$437.50 ,
4900009,PORTER PLACE,TOASewer,RES,PUBLIC,PUBLIC,18-Sep-20,N/A,160,$4.53 ,$724.80 ,$724.80 ,$724.80 ,$257.50 ,$982.30 ,$982.30 ,
4900012,PORTER PLACE,TOASewer,RES,PUBLIC,PUBLIC,24-Jan-13,N/A,136,$4.53 ,$616.08 ,$616.08 ,$616.08 ,$257.50 ,$873.58 ,$873.58 ,
4900014,PORTER PLACE,TOASewer,RES,PUBLIC,PUBLIC,29-Aug-06,N/A,162,$4.53 ,$733.86 ,$733.86 ,$733.86 ,$257.50 ,$991.36 ,$991.36 ,
3630001,PUTNAM LANE,TOASewer,RES,PUBLIC,PUBLIC,26-Mar-19,N/A,30,$4.53 ,$135.90 ,$180.00 ,$180.00 ,$257.50 ,$437.50 ,$437.50 ,
3630002,PUTNAM LANE,TOASewer,RES,PUBLIC,PUBLIC,1-Nov-90,N/A,30,$4.53 ,$135.90 ,$180.00 ,$180.00 ,$257.50 ,$437.50 ,$437.50 ,
3630003,PUTNAM LANE,TOASewer,RES,PUBLIC,PUBLIC,12-Mar-13,N/A,14,$4.53 ,$63.42 ,$180.00 ,$180.00 ,$257.50 ,$437.50 ,$437.50 ,
3630004,PUTNAM LANE,TOASewer,RES,PUBLIC,PUBLIC,14-Dec-20,N/A,20,$4.53 ,$90.60 ,$180.00 ,$180.00 ,$257.50 ,$437.50 ,$437.50 ,
3630005,PUTNAM LANE,TOASewer,RES,PUBLIC,PUBLIC,7-Nov-18,N/A,2,$4.53 ,$9.06 ,$180.00 ,$180.00 ,$257.50 ,$437.50 ,$437.50 ,
3630006,PUTNAM LANE,TOASewer,RES,PUBLIC,PUBLIC,15-Dec-00,N/A,30,$4.53 ,$135.90 ,$180.00 ,$180.00 ,$257.50 ,$437.50 ,$437.50 ,
3630007,PUTNAM LANE,TOASewer,RES,PUBLIC,PUBLIC,29-Jan-04,N/A,40,$4.53 ,$181.20 ,$181.20 ,$181.20 ,$257.50 ,$438.70 ,$438.70 ,
3630008,PUTNAM LANE,TOASewer,RES,PUBLIC,PUBLIC,26-Dec-00,N/A,2,$4.53 ,$9.06 ,$180.00 ,$180.00 ,$257.50 ,$437.50 ,$437.50 ,
3630009,PUTNAM LANE,TOASewer,RES,PUBLIC,PUBLIC,23-Jul-03,N/A,16,$4.53 ,$72.48 ,$180.00 ,$180.00 ,$257.50 ,$437.50 ,$437.50 ,
3630010,PUTNAM LANE,TOASewer,RES,PUBLIC,PUBLIC,29-Jan-93,N/A,42,$4.53 ,$190.26 ,$190.26 ,$190.26 ,$257.50 ,$447.76 ,$447.76 ,
3630011,PUTNAM LANE,TOASewer,RES,PUBLIC,PUBLIC,17-Jun-20,N/A,62,$4.53 ,$280.86 ,$280.86 ,$280.86 ,$257.50 ,$538.36 ,$538.36 ,
3630012,PUTNAM LANE,TOASewer,RES,PUBLIC,PUBLIC,25-Apr-17,N/A,24,$4.53 ,$108.72 ,$180.00 ,$180.00 ,$257.50 ,$437.50 ,$437.50 ,
3630013,PUTNAM LANE,TOASewer,RES,PUBLIC,PUBLIC,1-Jul-16,N/A,40,$4.53 ,$181.20 ,$181.20 ,$181.20 ,$257.50 ,$438.70 ,$438.70 ,
3630014,PUTNAM LANE,TOASewer,RES,PUBLIC,PUBLIC,4-Aug-15,N/A,38,$4.53 ,$172.14 ,$180.00 ,$180.00 ,$257.50 ,$437.50 ,$437.50 ,
3630015,PUTNAM LANE,TOASewer,RES,PUBLIC,PUBLIC,29-Jul-09,N/A,64,$4.53 ,$289.92 ,$289.92 ,$289.92 ,$257.50 ,$547.42 ,$547.42 ,
3630016,PUTNAM LANE,TOASewer,RES,PUBLIC,PUBLIC,31-May-00,N/A,56,$4.53 ,$253.68 ,$253.68 ,$253.68 ,$257.50 ,$511.18 ,$511.18 ,
3630017,PUTNAM LANE,TOASewer,RES,PUBLIC,PUBLIC,8-May-09,N/A,34,$4.53 ,$154.02 ,$180.00 ,$180.00 ,$257.50 ,$437.50 ,$437.50 ,
3630018,PUTNAM LANE,TOASewer,RES,PUBLIC,PUBLIC,30-Dec-20,N/A,4,$4.53 ,$18.12 ,$180.00 ,$180.00 ,$257.50 ,$437.50 ,$437.50 ,
3630019,PUTNAM LANE,TOASewer,RES,PUBLIC,PUBLIC,30-Jun-16,N/A,68,$4.53 ,$308.04 ,$308.04 ,$308.04 ,$257.50 ,$565.54 ,$565.54 ,
3630020,PUTNAM LANE,TOASewer,RES,PUBLIC,PUBLIC,26-Jun-13,N/A,2,$4.53 ,$9.06 ,$180.00 ,$180.00 ,$257.50 ,$437.50 ,$437.50 ,
3630021,PUTNAM LANE,TOASewer,RES,PUBLIC,PUBLIC,20-May-16,N/A,28,$4.53 ,$126.84 ,$180.00 ,$180.00 ,$257.50 ,$437.50 ,$437.50 ,
3630022,PUTNAM LANE,TOASewer,RES,PUBLIC,PUBLIC,29-Nov-01,N/A,14,$4.53 ,$63.42 ,$180.00 ,$180.00 ,$257.50 ,$437.50 ,$437.50 ,
3630023,PUTNAM LANE,TOASewer,RES,PUBLIC,PUBLIC,2-Aug-21,Y,N/A,N/A,N/A,,$257.50 ,$257.50 ,$515.00 ,$515.00 ,
3630024,PUTNAM LANE,TOASewer,RES,PUBLIC,PUBLIC,15-Aug-96,N/A,0,$4.53 , $-   ,$180.00 ,$180.00 ,$257.50 ,$437.50 ,$437.50 ,
4990010,QUAIL RIDGE DRIVE,TOASewer,RES,PUBLIC,PUBLIC,19-Jul-19,N/A,54,$4.53 ,$244.62 ,$244.62 ,$244.62 ,$257.50 ,$502.12 ,$502.12 ,
4990011,QUAIL RIDGE DRIVE,TOASewer,RES,PUBLIC,PUBLIC,9-Dec-20,N/A,34,$4.53 ,$154.02 ,$180.00 ,$180.00 ,$257.50 ,$437.50 ,$437.50 ,
4990019,QUAIL RIDGE DRIVE,TOASewer,RES,PUBLIC,PUBLIC,6-Sep-02,N/A,18,$4.53 ,$81.54 ,$180.00 ,$180.00 ,$257.50 ,$437.50 ,$437.50 ,
4990024,QUAIL RIDGE DRIVE,TOASewer,RES,PUBLIC,PUBLIC,2-Jul-19,N/A,82,$4.53 ,$371.46 ,$371.46 ,$371.46 ,$257.50 ,$628.96 ,$628.96 ,
4990025,QUAIL RIDGE DRIVE,TOASewer,RES,PUBLIC,PUBLIC,17-May-21,Y,N/A,N/A,N/A,,$257.50 ,$257.50 ,$515.00 ,$515.00 ,
4990028,QUAIL RIDGE DRIVE,TOASewer,RES,PUBLIC,PUBLIC,16-Jul-07,N/A,94,$4.53 ,$425.82 ,$425.82 ,$425.82 ,$257.50 ,$683.32 ,$683.32 ,
4990032,QUAIL RIDGE DRIVE,TOASewer,RES,PUBLIC,PUBLIC,26-Apr-11,N/A,62,$4.53 ,$280.86 ,$280.86 ,$280.86 ,$257.50 ,$538.36 ,$538.36 ,
4990033,QUAIL RIDGE DRIVE,TOASewer,RES,PUBLIC,PUBLIC,2-Sep-10,N/A,84,$4.53 ,$380.52 ,$380.52 ,$380.52 ,$257.50 ,$638.02 ,$638.02 ,
4990045,QUAIL RIDGE DRIVE,TOASewer,RES,PUBLIC,PUBLIC,26-Jan-10,N/A,74,$4.53 ,$335.22 ,$335.22 ,$335.22 ,$257.50 ,$592.72 ,$592.72 ,
4990060,QUAIL RIDGE DRIVE,TOASewer,RES,PUBLIC,PUBLIC,1-Jan-01,N/A,62,$4.53 ,$280.86 ,$280.86 ,$280.86 ,$257.50 ,$538.36 ,$538.36 ,
6110001,QUINCY PLACE,TOASewer,RES,PUBLIC,PUBLIC,24-Nov-04,N/A,66,$4.53 ,$298.98 ,$298.98 ,$298.98 ,$257.50 ,$556.48 ,$556.48 ,
6110002,QUINCY PLACE,TOASewer,RES,PUBLIC,PUBLIC,30-Aug-16,N/A,38,$4.53 ,$172.14 ,$180.00 ,$180.00 ,$257.50 ,$437.50 ,$437.50 ,
6110003,QUINCY PLACE,TOASewer,RES,PUBLIC,PUBLIC,15-Nov-04,N/A,44,$4.53 ,$199.32 ,$199.32 ,$199.32 ,$257.50 ,$456.82 ,$456.82 ,
6110004,QUINCY PLACE,TOASewer,RES,PUBLIC,PUBLIC,12-Jan-05,N/A,86,$4.53 ,$389.58 ,$389.58 ,$389.58 ,$257.50 ,$647.08 ,$647.08 ,
6110006,QUINCY PLACE,TOASewer,RES,PUBLIC,PUBLIC,2-Jul-20,N/A,82,$4.53 ,$371.46 ,$371.46 ,$371.46 ,$257.50 ,$628.96 ,$628.96 ,
6490001,QUINNS COURT,TOASewer,RES,PUBLIC,PUBLIC,17-Jun-16,N/A,44,$4.53 ,$199.32 ,$199.32 ,$199.32 ,$257.50 ,$456.82 ,$456.82 ,
6490003,QUINNS COURT,TOASewer,RES,PUBLIC,PUBLIC,28-Nov-16,N/A,62,$4.53 ,$280.86 ,$280.86 ,$280.86 ,$257.50 ,$538.36 ,$538.36 ,
6490005,QUINNS COURT,TOASewer,RES,PUBLIC,PUBLIC,19-Sep-17,N/A,70,$4.53 ,$317.10 ,$317.10 ,$317.10 ,$257.50 ,$574.60 ,$574.60 ,
6490007,QUINNS COURT,TOASewer,RES,PUBLIC,PUBLIC,2-May-17,N/A,44,$4.53 ,$199.32 ,$199.32 ,$199.32 ,$257.50 ,$456.82 ,$456.82 ,
6490008,QUINNS COURT,TOASewer,RES,PUBLIC,PUBLIC,30-Dec-16,N/A,70,$4.53 ,$317.10 ,$317.10 ,$317.10 ,$257.50 ,$574.60 ,$574.60 ,
6490009,QUINNS COURT,TOASewer,RES,PUBLIC,PUBLIC,7-Nov-17,N/A,66,$4.53 ,$298.98 ,$298.98 ,$298.98 ,$257.50 ,$556.48 ,$556.48 ,
6490011,QUINNS COURT,TOASewer,RES,PUBLIC,PUBLIC,3-Mar-17,N/A,98,$4.53 ,$443.94 ,$443.94 ,$443.94 ,$257.50 ,$701.44 ,$701.44 ,
6490012,QUINNS COURT,TOASewer,RES,PUBLIC,PUBLIC,9-Apr-18,N/A,42,$4.53 ,$190.26 ,$190.26 ,$190.26 ,$257.50 ,$447.76 ,$447.76 ,
6490015,QUINNS COURT,TOASewer,RES,PUBLIC,PUBLIC,20-Mar-18,N/A,56,$4.53 ,$253.68 ,$253.68 ,$253.68 ,$257.50 ,$511.18 ,$511.18 ,
3640001,RACEBROOK COURT,TOASewer,RES,PUBLIC,PUBLIC,16-Sep-09,N/A,46,$4.53 ,$208.38 ,$208.38 ,$208.38 ,$257.50 ,$465.88 ,$465.88 ,
3640002,RACEBROOK COURT,TOASewer,RES,PUBLIC,PUBLIC,13-Jun-13,N/A,28,$4.53 ,$126.84 ,$180.00 ,$180.00 ,$257.50 ,$437.50 ,$437.50 ,
3650001,RAVEN CIRCLE,TOASewer,RES,PUBLIC,PUBLIC,1-Nov-02,N/A,22,$4.53 ,$99.66 ,$180.00 ,$180.00 ,$257.50 ,$437.50 ,$437.50 ,
3650002,RAVEN CIRCLE,TOASewer,RES,PUBLIC,PUBLIC,23-May-05,N/A,18,$4.53 ,$81.54 ,$180.00 ,$180.00 ,$257.50 ,$437.50 ,$437.50 ,
3650003,RAVEN CIRCLE,TOASewer,RES,PUBLIC,PUBLIC,13-Aug-01,N/A,10,$4.53 ,$45.30 ,$180.00 ,$180.00 ,$257.50 ,$437.50 ,$437.50 ,
3650004,RAVEN CIRCLE,TOASewer,RES,PUBLIC,PUBLIC,2-Feb-93,N/A,16,$4.53 ,$72.48 ,$180.00 ,$180.00 ,$257.50 ,$437.50 ,$437.50 ,
3650005,RAVEN CIRCLE,TOASewer,RES,PUBLIC,PUBLIC,1-May-19,N/A,24,$4.53 ,$108.72 ,$180.00 ,$180.00 ,$257.50 ,$437.50 ,$437.50 ,
3650006,RAVEN CIRCLE,TOASewer,RES,PUBLIC,PUBLIC,15-Sep-87,N/A,22,$4.53 ,$99.66 ,$180.00 ,$180.00 ,$257.50 ,$437.50 ,$437.50 ,
3650007,RAVEN CIRCLE,TOASewer,RES,PUBLIC,PUBLIC,26-Mar-93,N/A,16,$4.53 ,$72.48 ,$180.00 ,$180.00 ,$257.50 ,$437.50 ,$437.50 ,
3650008,RAVEN CIRCLE,TOASewer,RES,PUBLIC,PUBLIC,10-Jul-97,N/A,6,$4.53 ,$27.18 ,$180.00 ,$180.00 ,$257.50 ,$437.50 ,$437.50 ,
3650009,RAVEN CIRCLE,TOASewer,RES,PUBLIC,PUBLIC,30-Nov-95,N/A,24,$4.53 ,$108.72 ,$180.00 ,$180.00 ,$257.50 ,$437.50 ,$437.50 ,
3660006,RAYMOND ROAD,TOASewer,RES,WELL,PRIVATE,N/A,N/A,N/A,N/A,N/A,,$257.50 ,$257.50 ,$515.00 ,$515.00 ,
3670005,RED MOUNTAIN LANE,TOASewer,RES,PUBLIC,PUBLIC,20-Apr-07,N/A,48,$4.53 ,$217.44 ,$217.44 ,$217.44 ,$257.50 ,$474.94 ,$474.94 ,
3670011,RED MOUNTAIN LANE,TOASewer,RES,PUBLIC,PUBLIC,27-Jun-14,N/A,68,$4.53 ,$308.04 ,$308.04 ,$308.04 ,$257.50 ,$565.54 ,$565.54 ,
3670014,RED MOUNTAIN LANE,TOASewer,RES,PUBLIC,PUBLIC,15-Nov-10,N/A,48,$4.53 ,$217.44 ,$217.44 ,$217.44 ,$257.50 ,$474.94 ,$474.94 ,
3670019,RED MOUNTAIN LANE,TOASewer,RES,PUBLIC,PUBLIC,25-May-21,Y,N/A,N/A,N/A,,$257.50 ,$257.50 ,$515.00 ,$515.00 ,
3670022,RED MOUNTAIN LANE,TOASewer,RES,PUBLIC,PUBLIC,13-Oct-11,N/A,24,$4.53 ,$108.72 ,$180.00 ,$180.00 ,$257.50 ,$437.50 ,$437.50 ,
3670023,RED MOUNTAIN LANE,TOASewer,RES,PUBLIC,PUBLIC,1-Jan-01,N/A,48,$4.53 ,$217.44 ,$217.44 ,$217.44 ,$257.50 ,$474.94 ,$474.94 ,
3670024,RED MOUNTAIN LANE,TOASewer,RES,PUBLIC,PUBLIC,24-Mar-04,N/A,66,$4.53 ,$298.98 ,$298.98 ,$298.98 ,$257.50 ,$556.48 ,$556.48 ,
3670025,RED MOUNTAIN LANE,TOASewer,RES,PUBLIC,PUBLIC,31-Mar-04,N/A,44,$4.53 ,$199.32 ,$199.32 ,$199.32 ,$257.50 ,$456.82 ,$456.82 ,
3670027,RED MOUNTAIN LANE,TOASewer,RES,PUBLIC,PUBLIC,30-Jan-85,N/A,56,$4.53 ,$253.68 ,$253.68 ,$253.68 ,$257.50 ,$511.18 ,$511.18 ,
3680001,REDWOOD LANE,TOASewer,RES,PUBLIC,PUBLIC,4-Oct-95,N/A,34,$4.53 ,$154.02 ,$180.00 ,$180.00 ,$257.50 ,$437.50 ,$437.50 ,
3680002,REDWOOD LANE,TOASewer,RES,PUBLIC,PUBLIC,30-Mar-89,N/A,58,$4.53 ,$262.74 ,$262.74 ,$262.74 ,$257.50 ,$520.24 ,$520.24 ,
3680003,REDWOOD LANE,TOASewer,RES,PUBLIC,PUBLIC,16-Aug-21,Y,N/A,N/A,N/A,,$257.50 ,$257.50 ,$515.00 ,$515.00 ,
3680004,REDWOOD LANE,TOASewer,RES,PUBLIC,PUBLIC,27-Jan-09,N/A,58,$4.53 ,$262.74 ,$262.74 ,$262.74 ,$257.50 ,$520.24 ,$520.24 ,
3680005,REDWOOD LANE,TOASewer,RES,PUBLIC,PUBLIC,24-Oct-12,N/A,20,$4.53 ,$90.60 ,$180.00 ,$180.00 ,$257.50 ,$437.50 ,$437.50 ,
3680006,REDWOOD LANE,TOASewer,RES,PUBLIC,PUBLIC,14-Aug-13,N/A,40,$4.53 ,$181.20 ,$181.20 ,$181.20 ,$257.50 ,$438.70 ,$438.70 ,
3680007,REDWOOD LANE,TOASewer,RES,PUBLIC,PUBLIC,16-Jul-21,Y,N/A,N/A,N/A,,$257.50 ,$257.50 ,$515.00 ,$515.00 ,
3680008,REDWOOD LANE,TOASewer,RES,PUBLIC,PUBLIC,28-May-96,N/A,16,$4.53 ,$72.48 ,$180.00 ,$180.00 ,$257.50 ,$437.50 ,$437.50 ,
3680009,REDWOOD LANE,TOASewer,RES,PUBLIC,PUBLIC,27-Apr-20,N/A,18,$4.53 ,$81.54 ,$180.00 ,$180.00 ,$257.50 ,$437.50 ,$437.50 ,
3700007,REXINGER LANE,TOASewer,RES,PUBLIC,PUBLIC,20-Sep-93,N/A,28,$4.53 ,$126.84 ,$180.00 ,$180.00 ,$257.50 ,$437.50 ,$437.50 ,
3700010,REXINGER LANE,TOASewer,RES,PUBLIC,PUBLIC,24-Apr-18,N/A,72,$4.53 ,$326.16 ,$326.16 ,$326.16 ,$257.50 ,$583.66 ,$583.66 ,
3700015,REXINGER LANE,TOASewer,RES,PUBLIC,PUBLIC,27-Aug-07,N/A,102,$4.53 ,$462.06 ,$462.06 ,$462.06 ,$257.50 ,$719.56 ,$719.56 ,
3700018,REXINGER LANE,TOASewer,RES,PUBLIC,PUBLIC,12-Apr-85,N/A,16,$4.53 ,$72.48 ,$180.00 ,$180.00 ,$257.50 ,$437.50 ,$437.50 ,
3700019,REXINGER LANE,TOASewer,RES,PUBLIC,PUBLIC,30-May-17,N/A,104,$4.53 ,$471.12 ,$471.12 ,$471.12 ,$257.50 ,$728.62 ,$728.62 ,
3700022,REXINGER LANE,TOASewer,RES,PUBLIC,PUBLIC,15-Mar-85,N/A,36,$4.53 ,$163.08 ,$180.00 ,$180.00 ,$257.50 ,$437.50 ,$437.50 ,
3700023,REXINGER LANE,TOASewer,RES,PUBLIC,PUBLIC,9-Nov-95,N/A,42,$4.53 ,$190.26 ,$190.26 ,$190.26 ,$257.50 ,$447.76 ,$447.76 ,
3720015,RIDGE CREST LANE,TOASewer,RES,WELL,PRIVATE,N/A,N/A,N/A,N/A,N/A,,$257.50 ,$257.50 ,$515.00 ,$515.00 ,
5290001,RIDGEFIELD PLACE,TOASewer,RES,PUBLIC,PUBLIC,17-Sep-04,N/A,14,$4.53 ,$63.42 ,$180.00 ,$180.00 ,$257.50 ,$437.50 ,$437.50 ,
5290002,RIDGEFIELD PLACE,TOASewer,RES,PUBLIC,PUBLIC,6-Jan-99,N/A,14,$4.53 ,$63.42 ,$180.00 ,$180.00 ,$257.50 ,$437.50 ,$437.50 ,
3740001,RIVER MEAD,TOASewer,RES,PUBLIC,PUBLIC,22-Apr-15,N/A,26,$4.53 ,$117.78 ,$180.00 ,$180.00 ,$257.50 ,$437.50 ,$437.50 ,
3740002,RIVER MEAD,TOASewer,RES,PUBLIC,PUBLIC,17-Sep-19,N/A,20,$4.53 ,$90.60 ,$180.00 ,$180.00 ,$257.50 ,$437.50 ,$437.50 ,
3740003,RIVER MEAD,TOASewer,RES,PUBLIC,PUBLIC,1-Jun-18,N/A,50,$4.53 ,$226.50 ,$226.50 ,$226.50 ,$257.50 ,$484.00 ,$484.00 ,
3740004,RIVER MEAD,TOASewer,RES,PUBLIC,PUBLIC,11-Sep-19,N/A,24,$4.53 ,$108.72 ,$180.00 ,$180.00 ,$257.50 ,$437.50 ,$437.50 ,
3740005,RIVER MEAD,TOASewer,RES,PUBLIC,PUBLIC,29-Mar-07,N/A,80,$4.53 ,$362.40 ,$362.40 ,$362.40 ,$257.50 ,$619.90 ,$619.90 ,
3740006,RIVER MEAD,TOASewer,RES,PUBLIC,PUBLIC,24-Nov-20,N/A,12,$4.53 ,$54.36 ,$180.00 ,$180.00 ,$257.50 ,$437.50 ,$437.50 ,
3740007,RIVER MEAD,TOASewer,RES,PUBLIC,PUBLIC,25-Oct-99,N/A,44,$4.53 ,$199.32 ,$199.32 ,$199.32 ,$257.50 ,$456.82 ,$456.82 ,
3740008,RIVER MEAD,TOASewer,RES,PUBLIC,PUBLIC,2-Feb-21,Y,N/A,N/A,N/A,,$257.50 ,$257.50 ,$515.00 ,$515.00 ,
3740009,RIVER MEAD,TOASewer,RES,PUBLIC,PUBLIC,9-Nov-00,N/A,14,$4.53 ,$63.42 ,$180.00 ,$180.00 ,$257.50 ,$437.50 ,$437.50 ,
3740010,RIVER MEAD,TOASewer,RES,PUBLIC,PUBLIC,16-Jan-02,N/A,74,$4.53 ,$335.22 ,$335.22 ,$335.22 ,$257.50 ,$592.72 ,$592.72 ,
3740011,RIVER MEAD,TOASewer,RES,PUBLIC,PUBLIC,3-Aug-20,N/A,42,$4.53 ,$190.26 ,$190.26 ,$190.26 ,$257.50 ,$447.76 ,$447.76 ,
3740012,RIVER MEAD,TOASewer,RES,PUBLIC,PUBLIC,13-May-19,N/A,10,$4.53 ,$45.30 ,$180.00 ,$180.00 ,$257.50 ,$437.50 ,$437.50 ,
3740013,RIVER MEAD,TOASewer,RES,PUBLIC,PUBLIC,1-Nov-99,N/A,34,$4.53 ,$154.02 ,$180.00 ,$180.00 ,$257.50 ,$437.50 ,$437.50 ,
3740014,RIVER MEAD,TOASewer,RES,PUBLIC,PUBLIC,12-Jun-97,N/A,8,$4.53 ,$36.24 ,$180.00 ,$180.00 ,$257.50 ,$437.50 ,$437.50 ,
3740015,RIVER MEAD,TOASewer,RES,PUBLIC,PUBLIC,6-Jul-17,N/A,16,$4.53 ,$72.48 ,$180.00 ,$180.00 ,$257.50 ,$437.50 ,$437.50 ,
3740016,RIVER MEAD,TOASewer,RES,PUBLIC,PUBLIC,5-Dec-19,N/A,46,$4.53 ,$208.38 ,$208.38 ,$208.38 ,$257.50 ,$465.88 ,$465.88 ,
3740017,RIVER MEAD,TOASewer,RES,PUBLIC,PUBLIC,24-Feb-21,Y,N/A,N/A,N/A,,$257.50 ,$257.50 ,$515.00 ,$515.00 ,
3740018,RIVER MEAD,TOASewer,RES,PUBLIC,PUBLIC,2-Jun-04,N/A,84,$4.53 ,$380.52 ,$380.52 ,$380.52 ,$257.50 ,$638.02 ,$638.02 ,
3740019,RIVER MEAD,TOASewer,RES,PUBLIC,PUBLIC,12-Jun-15,N/A,6,$4.53 ,$27.18 ,$180.00 ,$180.00 ,$257.50 ,$437.50 ,$437.50 ,
3740020,RIVER MEAD,TOASewer,RES,PUBLIC,PUBLIC,1-Nov-05,N/A,32,$4.53 ,$144.96 ,$180.00 ,$180.00 ,$257.50 ,$437.50 ,$437.50 ,
3740021,RIVER MEAD,TOASewer,RES,PUBLIC,PUBLIC,19-Nov-14,N/A,28,$4.53 ,$126.84 ,$180.00 ,$180.00 ,$257.50 ,$437.50 ,$437.50 ,
3740022,RIVER MEAD,TOASewer,RES,PUBLIC,PUBLIC,3-Aug-06,N/A,6,$4.53 ,$27.18 ,$180.00 ,$180.00 ,$257.50 ,$437.50 ,$437.50 ,
3740023,RIVER MEAD,TOASewer,RES,PUBLIC,PUBLIC,7-Apr-20,N/A,28,$4.53 ,$126.84 ,$180.00 ,$180.00 ,$257.50 ,$437.50 ,$437.50 ,
3740024,RIVER MEAD,TOASewer,RES,PUBLIC,PUBLIC,29-Mar-18,N/A,24,$4.53 ,$108.72 ,$180.00 ,$180.00 ,$257.50 ,$437.50 ,$437.50 ,
3740025,RIVER MEAD,TOASewer,RES,PUBLIC,PUBLIC,22-Jul-21,Y,N/A,N/A,N/A,,$257.50 ,$257.50 ,$515.00 ,$515.00 ,
3740026,RIVER MEAD,TOASewer,RES,PUBLIC,PUBLIC,31-Oct-08,N/A,56,$4.53 ,$253.68 ,$253.68 ,$253.68 ,$257.50 ,$511.18 ,$511.18 ,
3740027,RIVER MEAD,TOASewer,RES,PUBLIC,PUBLIC,2-Sep-14,N/A,34,$4.53 ,$154.02 ,$180.00 ,$180.00 ,$257.50 ,$437.50 ,$437.50 ,
3740028,RIVER MEAD,TOASewer,RES,PUBLIC,PUBLIC,31-Oct-14,N/A,22,$4.53 ,$99.66 ,$180.00 ,$180.00 ,$257.50 ,$437.50 ,$437.50 ,
3740029,RIVER MEAD,TOASewer,RES,PUBLIC,PUBLIC,3-Sep-02,N/A,28,$4.53 ,$126.84 ,$180.00 ,$180.00 ,$257.50 ,$437.50 ,$437.50 ,
3740030,RIVER MEAD,TOASewer,RES,PUBLIC,PUBLIC,28-Nov-17,N/A,30,$4.53 ,$135.90 ,$180.00 ,$180.00 ,$257.50 ,$437.50 ,$437.50 ,
3740031,RIVER MEAD,TOASewer,RES,PUBLIC,PUBLIC,10-Jun-19,N/A,24,$4.53 ,$108.72 ,$180.00 ,$180.00 ,$257.50 ,$437.50 ,$437.50 ,
3740032,RIVER MEAD,TOASewer,RES,PUBLIC,PUBLIC,21-Oct-20,N/A,12,$4.53 ,$54.36 ,$180.00 ,$180.00 ,$257.50 ,$437.50 ,$437.50 ,
3740033,RIVER MEAD,TOASewer,RES,PUBLIC,PUBLIC,26-Jul-19,N/A,16,$4.53 ,$72.48 ,$180.00 ,$180.00 ,$257.50 ,$437.50 ,$437.50 ,
3740034,RIVER MEAD,TOASewer,RES,PUBLIC,PUBLIC,2-Aug-06,N/A,46,$4.53 ,$208.38 ,$208.38 ,$208.38 ,$257.50 ,$465.88 ,$465.88 ,
3740035,RIVER MEAD,TOASewer,RES,PUBLIC,PUBLIC,21-Mar-86,N/A,52,$4.53 ,$235.56 ,$235.56 ,$235.56 ,$257.50 ,$493.06 ,$493.06 ,
3740036,RIVER MEAD,TOASewer,RES,PUBLIC,PUBLIC,15-Jul-13,N/A,32,$4.53 ,$144.96 ,$180.00 ,$180.00 ,$257.50 ,$437.50 ,$437.50 ,
3740037,RIVER MEAD,TOASewer,RES,PUBLIC,PUBLIC,23-Apr-21,Y,N/A,N/A,N/A,,$257.50 ,$257.50 ,$515.00 ,$515.00 ,
3740038,RIVER MEAD,TOASewer,RES,PUBLIC,PUBLIC,4-Jun-01,N/A,86,$4.53 ,$389.58 ,$389.58 ,$389.58 ,$257.50 ,$647.08 ,$647.08 ,
3750001,RIVER VIEW,TOASewer,RES,PUBLIC,PUBLIC,30-Nov-01,N/A,38,$4.53 ,$172.14 ,$180.00 ,$180.00 ,$257.50 ,$437.50 ,$437.50 ,
3750002,RIVER VIEW,TOASewer,RES,PUBLIC,PUBLIC,10-Sep-90,N/A,26,$4.53 ,$117.78 ,$180.00 ,$180.00 ,$257.50 ,$437.50 ,$437.50 ,
3750003,RIVER VIEW,TOASewer,RES,PUBLIC,PUBLIC,21-Nov-17,N/A,32,$4.53 ,$144.96 ,$180.00 ,$180.00 ,$257.50 ,$437.50 ,$437.50 ,
3750004,RIVER VIEW,TOASewer,RES,PUBLIC,PUBLIC,3-Jul-85,N/A,22,$4.53 ,$99.66 ,$180.00 ,$180.00 ,$257.50 ,$437.50 ,$437.50 ,
3750005,RIVER VIEW,TOASewer,RES,PUBLIC,PUBLIC,4-Jan-21,Y,N/A,N/A,N/A,,$257.50 ,$257.50 ,$515.00 ,$515.00 ,
3750006,RIVER VIEW,TOASewer,RES,PUBLIC,PUBLIC,15-May-17,N/A,132,$4.53 ,$597.96 ,$597.96 ,$597.96 ,$257.50 ,$855.46 ,$855.46 ,
3750007,RIVER VIEW,TOASewer,RES,PUBLIC,PUBLIC,2-Sep-98,N/A,14,$4.53 ,$63.42 ,$180.00 ,$180.00 ,$257.50 ,$437.50 ,$437.50 ,
3750008,RIVER VIEW,TOASewer,RES,PUBLIC,PUBLIC,1-May-19,N/A,44,$4.53 ,$199.32 ,$199.32 ,$199.32 ,$257.50 ,$456.82 ,$456.82 ,
3750009,RIVER VIEW,TOASewer,RES,PUBLIC,PUBLIC,7-Jul-20,N/A,42,$4.53 ,$190.26 ,$190.26 ,$190.26 ,$257.50 ,$447.76 ,$447.76 ,
3750010,RIVER VIEW,TOASewer,RES,PUBLIC,PUBLIC,25-Oct-10,N/A,26,$4.53 ,$117.78 ,$180.00 ,$180.00 ,$257.50 ,$437.50 ,$437.50 ,
3750011,RIVER VIEW,TOASewer,RES,PUBLIC,PUBLIC,1-Oct-01,N/A,22,$4.53 ,$99.66 ,$180.00 ,$180.00 ,$257.50 ,$437.50 ,$437.50 ,
3750012,RIVER VIEW,TOASewer,RES,PUBLIC,PUBLIC,4-Aug-06,N/A,58,$4.53 ,$262.74 ,$262.74 ,$262.74 ,$257.50 ,$520.24 ,$520.24 ,
3750013,RIVER VIEW,TOASewer,RES,PUBLIC,PUBLIC,26-Mar-07,N/A,52,$4.53 ,$235.56 ,$235.56 ,$235.56 ,$257.50 ,$493.06 ,$493.06 ,
3750014,RIVER VIEW,TOASewer,RES,PUBLIC,PUBLIC,3-Jun-13,N/A,58,$4.53 ,$262.74 ,$262.74 ,$262.74 ,$257.50 ,$520.24 ,$520.24 ,
3750015,RIVER VIEW,TOASewer,RES,PUBLIC,PUBLIC,26-Feb-02,N/A,16,$4.53 ,$72.48 ,$180.00 ,$180.00 ,$257.50 ,$437.50 ,$437.50 ,
3750016,RIVER VIEW,TOASewer,RES,PUBLIC,PUBLIC,2-Mar-98,N/A,34,$4.53 ,$154.02 ,$180.00 ,$180.00 ,$257.50 ,$437.50 ,$437.50 ,
3750017,RIVER VIEW,TOASewer,RES,PUBLIC,PUBLIC,1-May-07,N/A,22,$4.53 ,$99.66 ,$180.00 ,$180.00 ,$257.50 ,$437.50 ,$437.50 ,
3750018,RIVER VIEW,TOASewer,RES,PUBLIC,PUBLIC,17-Oct-86,N/A,22,$4.53 ,$99.66 ,$180.00 ,$180.00 ,$257.50 ,$437.50 ,$437.50 ,
3750019,RIVER VIEW,TOASewer,RES,PUBLIC,PUBLIC,20-May-05,N/A,40,$4.53 ,$181.20 ,$181.20 ,$181.20 ,$257.50 ,$438.70 ,$438.70 ,
3750020,RIVER VIEW,TOASewer,RES,PUBLIC,PUBLIC,4-Sep-19,N/A,34,$4.53 ,$154.02 ,$180.00 ,$180.00 ,$257.50 ,$437.50 ,$437.50 ,
3750021,RIVER VIEW,TOASewer,RES,PUBLIC,PUBLIC,4-Oct-19,N/A,42,$4.53 ,$190.26 ,$190.26 ,$190.26 ,$257.50 ,$447.76 ,$447.76 ,
3750022,RIVER VIEW,TOASewer,RES,PUBLIC,PUBLIC,13-Sep-16,N/A,28,$4.53 ,$126.84 ,$180.00 ,$180.00 ,$257.50 ,$437.50 ,$437.50 ,
3750023,RIVER VIEW,TOASewer,RES,PUBLIC,PUBLIC,15-Jan-16,N/A,28,$4.53 ,$126.84 ,$180.00 ,$180.00 ,$257.50 ,$437.50 ,$437.50 ,
3750024,RIVER VIEW,TOASewer,RES,PUBLIC,PUBLIC,2-Mar-87,N/A,76,$4.53 ,$344.28 ,$344.28 ,$344.28 ,$257.50 ,$601.78 ,$601.78 ,
3750025,RIVER VIEW,TOASewer,RES,PUBLIC,PUBLIC,19-Nov-18,N/A,12,$4.53 ,$54.36 ,$180.00 ,$180.00 ,$257.50 ,$437.50 ,$437.50 ,
3750026,RIVER VIEW,TOASewer,RES,PUBLIC,PUBLIC,22-Dec-17,N/A,36,$4.53 ,$163.08 ,$180.00 ,$180.00 ,$257.50 ,$437.50 ,$437.50 ,
3750027,RIVER VIEW,TOASewer,RES,PUBLIC,PUBLIC,16-Sep-97,N/A,30,$4.53 ,$135.90 ,$180.00 ,$180.00 ,$257.50 ,$437.50 ,$437.50 ,
3750028,RIVER VIEW,TOASewer,RES,PUBLIC,PUBLIC,17-Jun-96,N/A,12,$4.53 ,$54.36 ,$180.00 ,$180.00 ,$257.50 ,$437.50 ,$437.50 ,
3750029,RIVER VIEW,TOASewer,RES,PUBLIC,PUBLIC,24-Apr-14,N/A,30,$4.53 ,$135.90 ,$180.00 ,$180.00 ,$257.50 ,$437.50 ,$437.50 ,
3750030,RIVER VIEW,TOASewer,RES,PUBLIC,PUBLIC,26-Apr-99,N/A,8,$4.53 ,$36.24 ,$180.00 ,$180.00 ,$257.50 ,$437.50 ,$437.50 ,
3750031,RIVER VIEW,TOASewer,RES,PUBLIC,PUBLIC,30-Mar-98,N/A,48,$4.53 ,$217.44 ,$217.44 ,$217.44 ,$257.50 ,$474.94 ,$474.94 ,
3750032,RIVER VIEW,TOASewer,RES,PUBLIC,PUBLIC,25-Jan-02,N/A,22,$4.53 ,$99.66 ,$180.00 ,$180.00 ,$257.50 ,$437.50 ,$437.50 ,
3750033,RIVER VIEW,TOASewer,RES,PUBLIC,PUBLIC,30-May-91,N/A,34,$4.53 ,$154.02 ,$180.00 ,$180.00 ,$257.50 ,$437.50 ,$437.50 ,
3750034,RIVER VIEW,TOASewer,RES,PUBLIC,PUBLIC,18-Dec-14,N/A,30,$4.53 ,$135.90 ,$180.00 ,$180.00 ,$257.50 ,$437.50 ,$437.50 ,
3750035,RIVER VIEW,TOASewer,RES,PUBLIC,PUBLIC,1-Feb-07,N/A,24,$4.53 ,$108.72 ,$180.00 ,$180.00 ,$257.50 ,$437.50 ,$437.50 ,
3750036,RIVER VIEW,TOASewer,RES,PUBLIC,PUBLIC,2-Oct-06,N/A,4,$4.53 ,$18.12 ,$180.00 ,$180.00 ,$257.50 ,$437.50 ,$437.50 ,
3750037,RIVER VIEW,TOASewer,RES,PUBLIC,PUBLIC,19-Jan-18,N/A,36,$4.53 ,$163.08 ,$180.00 ,$180.00 ,$257.50 ,$437.50 ,$437.50 ,
3750038,RIVER VIEW,TOASewer,RES,PUBLIC,PUBLIC,8-Sep-20,N/A,26,$4.53 ,$117.78 ,$180.00 ,$180.00 ,$257.50 ,$437.50 ,$437.50 ,
3750039,RIVER VIEW,TOASewer,RES,PUBLIC,PUBLIC,14-Jul-08,N/A,24,$4.53 ,$108.72 ,$180.00 ,$180.00 ,$257.50 ,$437.50 ,$437.50 ,
3750040,RIVER VIEW,TOASewer,RES,PUBLIC,PUBLIC,5-Jun-12,N/A,76,$4.53 ,$344.28 ,$344.28 ,$344.28 ,$257.50 ,$601.78 ,$601.78 ,
3750041,RIVER VIEW,TOASewer,RES,PUBLIC,PUBLIC,3-Sep-15,N/A,12,$4.53 ,$54.36 ,$180.00 ,$180.00 ,$257.50 ,$437.50 ,$437.50 ,
3750042,RIVER VIEW,TOASewer,RES,PUBLIC,PUBLIC,29-Dec-00,N/A,22,$4.53 ,$99.66 ,$180.00 ,$180.00 ,$257.50 ,$437.50 ,$437.50 ,
3760008,ROARING BROOK ROAD,TOASewer,RES,WELL,PRIVATE,N/A,N/A,N/A,N/A,N/A,,$257.50 ,$257.50 ,$515.00 ,$515.00 ,
3760012,ROARING BROOK ROAD,TOASewer,RES,WELL,PRIVATE,N/A,N/A,N/A,N/A,N/A,,$257.50 ,$257.50 ,$515.00 ,$515.00 ,
3760018,ROARING BROOK ROAD,TOASewer,RES,WELL,PRIVATE,N/A,N/A,N/A,N/A,N/A,,$257.50 ,$257.50 ,$515.00 ,$515.00 ,
3760023,ROARING BROOK ROAD,TOASewer,RES,WELL,PRIVATE,N/A,N/A,N/A,N/A,N/A,,$257.50 ,$257.50 ,$515.00 ,$515.00 ,
3760030,ROARING BROOK ROAD,TOASewer,RES,WELL,PRIVATE,N/A,N/A,N/A,N/A,N/A,,$257.50 ,$257.50 ,$515.00 ,$515.00 ,
3760031,ROARING BROOK ROAD,TOASewer,RES,WELL,PRIVATE,N/A,N/A,N/A,N/A,N/A,,$257.50 ,$257.50 ,$515.00 ,$515.00 ,
3780006,ROSEWOOD ROAD,TOASewer,RES,PUBLIC,PUBLIC,22-Aug-78,N/A,44,$4.53 ,$199.32 ,$199.32 ,$199.32 ,$257.50 ,$456.82 ,$456.82 ,
3780030,ROSEWOOD ROAD,TOASewer,RES,PUBLIC,PUBLIC,2-Sep-11,N/A,60,$4.53 ,$271.80 ,$271.80 ,$271.80 ,$257.50 ,$529.30 ,$529.30 ,
3780031,ROSEWOOD ROAD,TOASewer,RES,PUBLIC,PUBLIC,1-Jan-01,N/A,82,$4.53 ,$371.46 ,$371.46 ,$371.46 ,$257.50 ,$628.96 ,$628.96 ,
3780036,ROSEWOOD ROAD,TOASewer,RES,PUBLIC,PUBLIC,9-Oct-18,N/A,36,$4.53 ,$163.08 ,$180.00 ,$180.00 ,$257.50 ,$437.50 ,$437.50 ,
3780042,ROSEWOOD ROAD,TOASewer,RES,PUBLIC,PUBLIC,16-Dec-94,N/A,28,$4.53 ,$126.84 ,$180.00 ,$180.00 ,$257.50 ,$437.50 ,$437.50 ,
3780045,ROSEWOOD ROAD,TOASewer,RES,PUBLIC,PUBLIC,2-Nov-72,N/A,108,$4.53 ,$489.24 ,$489.24 ,$489.24 ,$257.50 ,$746.74 ,$746.74 ,
3780048,ROSEWOOD ROAD,TOASewer,RES,PUBLIC,PUBLIC,5-Oct-93,N/A,46,$4.53 ,$208.38 ,$208.38 ,$208.38 ,$257.50 ,$465.88 ,$465.88 ,
3780053,ROSEWOOD ROAD,TOASewer,RES,PUBLIC,PUBLIC,1-Nov-00,N/A,76,$4.53 ,$344.28 ,$344.28 ,$344.28 ,$257.50 ,$601.78 ,$601.78 ,
3780054,ROSEWOOD ROAD,TOASewer,RES,PUBLIC,PUBLIC,13-Apr-06,N/A,54,$4.53 ,$244.62 ,$244.62 ,$244.62 ,$257.50 ,$502.12 ,$502.12 ,
3780060,ROSEWOOD ROAD,TOASewer,RES,PUBLIC,PUBLIC,18-Aug-80,N/A,22,$4.53 ,$99.66 ,$180.00 ,$180.00 ,$257.50 ,$437.50 ,$437.50 ,
3780063,ROSEWOOD ROAD,TOASewer,RES,PUBLIC,PUBLIC,12-Jul-19,N/A,52,$4.53 ,$235.56 ,$235.56 ,$235.56 ,$257.50 ,$493.06 ,$493.06 ,
3780064,ROSEWOOD ROAD,TOASewer,RES,PUBLIC,PUBLIC,23-Mar-92,N/A,22,$4.53 ,$99.66 ,$180.00 ,$180.00 ,$257.50 ,$437.50 ,$437.50 ,
3780069,ROSEWOOD ROAD,TOASewer,RES,PUBLIC,PUBLIC,12-Aug-64,N/A,28,$4.53 ,$126.84 ,$180.00 ,$180.00 ,$257.50 ,$437.50 ,$437.50 ,
3780070,ROSEWOOD ROAD,TOASewer,RES,PUBLIC,PUBLIC,24-Jul-00,N/A,62,$4.53 ,$280.86 ,$280.86 ,$280.86 ,$257.50 ,$538.36 ,$538.36 ,
3780073,ROSEWOOD ROAD,TOASewer,RES,PUBLIC,PUBLIC,16-Jun-00,N/A,30,$4.53 ,$135.90 ,$180.00 ,$180.00 ,$257.50 ,$437.50 ,$437.50 ,
3780076,ROSEWOOD ROAD,TOASewer,RES,PUBLIC,PUBLIC,16-Sep-19,N/A,44,$4.53 ,$199.32 ,$199.32 ,$199.32 ,$257.50 ,$456.82 ,$456.82 ,
3780079,ROSEWOOD ROAD,TOASewer,RES,PUBLIC,PUBLIC,10-Jul-17,N/A,34,$4.53 ,$154.02 ,$180.00 ,$180.00 ,$257.50 ,$437.50 ,$437.50 ,
3780082,ROSEWOOD ROAD,TOASewer,RES,PUBLIC,PUBLIC,9-Sep-16,N/A,66,$4.53 ,$298.98 ,$298.98 ,$298.98 ,$257.50 ,$556.48 ,$556.48 ,
3780097,ROSEWOOD ROAD,TOASewer,RES,PUBLIC,PUBLIC,17-Sep-13,N/A,86,$4.53 ,$389.58 ,$389.58 ,$389.58 ,$257.50 ,$647.08 ,$647.08 ,
3780103,ROSEWOOD ROAD,TOASewer,RES,PUBLIC,PUBLIC,25-Jan-08,N/A,86,$4.53 ,$389.58 ,$389.58 ,$389.58 ,$257.50 ,$647.08 ,$647.08 ,
3780109,ROSEWOOD ROAD,TOASewer,RES,PUBLIC,PUBLIC,7-Sep-66,N/A,18,$4.53 ,$81.54 ,$180.00 ,$180.00 ,$257.50 ,$437.50 ,$437.50 ,
3780112,ROSEWOOD ROAD,TOASewer,RES,PUBLIC,PUBLIC,23-Jun-00,N/A,40,$4.53 ,$181.20 ,$181.20 ,$181.20 ,$257.50 ,$438.70 ,$438.70 ,
3780121,ROSEWOOD ROAD,TOASewer,RES,PUBLIC,PUBLIC,1-Dec-10,N/A,26,$4.53 ,$117.78 ,$180.00 ,$180.00 ,$257.50 ,$437.50 ,$437.50 ,
3790015,RUSSELL ROAD,TOASewer,RES,WELL,PRIVATE,N/A,N/A,N/A,N/A,N/A,,$257.50 ,$257.50 ,$515.00 ,$515.00 ,
3800001,SADDLE CROSSING,TOASewer,RES,PUBLIC,PUBLIC,21-May-19,N/A,32,$4.53 ,$144.96 ,$180.00 ,$180.00 ,$257.50 ,$437.50 ,$437.50 ,
3800002,SADDLE CROSSING,TOASewer,RES,PUBLIC,PUBLIC,19-Aug-20,N/A,52,$4.53 ,$235.56 ,$235.56 ,$235.56 ,$257.50 ,$493.06 ,$493.06 ,
3800003,SADDLE CROSSING,TOASewer,RES,PUBLIC,PUBLIC,30-Mar-09,N/A,34,$4.53 ,$154.02 ,$180.00 ,$180.00 ,$257.50 ,$437.50 ,$437.50 ,
3800004,SADDLE CROSSING,TOASewer,RES,PUBLIC,PUBLIC,28-Oct-16,N/A,10,$4.53 ,$45.30 ,$180.00 ,$180.00 ,$257.50 ,$437.50 ,$437.50 ,
3800005,SADDLE CROSSING,TOASewer,RES,PUBLIC,PUBLIC,15-Sep-06,N/A,28,$4.53 ,$126.84 ,$180.00 ,$180.00 ,$257.50 ,$437.50 ,$437.50 ,
3800006,SADDLE CROSSING,TOASewer,RES,PUBLIC,PUBLIC,5-Jun-20,N/A,54,$4.53 ,$244.62 ,$244.62 ,$244.62 ,$257.50 ,$502.12 ,$502.12 ,
3800007,SADDLE CROSSING,TOASewer,RES,PUBLIC,PUBLIC,11-Jan-05,N/A,18,$4.53 ,$81.54 ,$180.00 ,$180.00 ,$257.50 ,$437.50 ,$437.50 ,
3800008,SADDLE CROSSING,TOASewer,RES,PUBLIC,PUBLIC,28-Apr-15,N/A,36,$4.53 ,$163.08 ,$180.00 ,$180.00 ,$257.50 ,$437.50 ,$437.50 ,
6210003,SADDLE RIDGE DRIVE,TOASewer,RES,PUBLIC,PUBLIC,28-Aug-06,N/A,0,$4.53 , $-   ,$180.00 ,$180.00 ,$257.50 ,$437.50 ,$437.50 ,
6210006,SADDLE RIDGE DRIVE,TOASewer,RES,PUBLIC,PUBLIC,11-Dec-18,N/A,70,$4.53 ,$317.10 ,$317.10 ,$317.10 ,$257.50 ,$574.60 ,$574.60 ,
6210011,SADDLE RIDGE DRIVE,TOASewer,RES,PUBLIC,PUBLIC,12-Mar-12,N/A,124,$4.53 ,$561.72 ,$561.72 ,$561.72 ,$257.50 ,$819.22 ,$819.22 ,
3810003,SAINT ANDREWS DRIVE,TOASewer,RES,PUBLIC,PUBLIC,29-Aug-16,N/A,110,$4.53 ,$498.30 ,$498.30 ,$498.30 ,$257.50 ,$755.80 ,$755.80 ,
3810006,SAINT ANDREWS DRIVE,TOASewer,RES,PUBLIC,PUBLIC,30-May-13,N/A,70,$4.53 ,$317.10 ,$317.10 ,$317.10 ,$257.50 ,$574.60 ,$574.60 ,
3810007,SAINT ANDREWS DRIVE,TOASewer,RES,PUBLIC,PUBLIC,11-Jan-93,N/A,64,$4.53 ,$289.92 ,$289.92 ,$289.92 ,$257.50 ,$547.42 ,$547.42 ,
3810011,SAINT ANDREWS DRIVE,TOASewer,RES,PUBLIC,PUBLIC,28-Apr-10,N/A,88,$4.53 ,$398.64 ,$398.64 ,$398.64 ,$257.50 ,$656.14 ,$656.14 ,
3810014,SAINT ANDREWS DRIVE,TOASewer,RES,PUBLIC,PUBLIC,30-Apr-15,N/A,56,$4.53 ,$253.68 ,$253.68 ,$253.68 ,$257.50 ,$511.18 ,$511.18 ,
3810019,SAINT ANDREWS DRIVE,TOASewer,RES,PUBLIC,PUBLIC,16-Aug-02,N/A,18,$4.53 ,$81.54 ,$180.00 ,$180.00 ,$257.50 ,$437.50 ,$437.50 ,
3810020,SAINT ANDREWS DRIVE,TOASewer,RES,PUBLIC,PUBLIC,29-Sep-15,N/A,36,$4.53 ,$163.08 ,$180.00 ,$180.00 ,$257.50 ,$437.50 ,$437.50 ,
3810025,SAINT ANDREWS DRIVE,TOASewer,RES,PUBLIC,PUBLIC,30-May-89,N/A,26,$4.53 ,$117.78 ,$180.00 ,$180.00 ,$257.50 ,$437.50 ,$437.50 ,
3810026,SAINT ANDREWS DRIVE,TOASewer,RES,PUBLIC,PUBLIC,31-May-19,N/A,40,$4.53 ,$181.20 ,$181.20 ,$181.20 ,$257.50 ,$438.70 ,$438.70 ,
3810029,SAINT ANDREWS DRIVE,TOASewer,RES,PUBLIC,PUBLIC,2-Jul-19,N/A,92,$4.53 ,$416.76 ,$416.76 ,$416.76 ,$257.50 ,$674.26 ,$674.26 ,
3810030,SAINT ANDREWS DRIVE,TOASewer,RES,PUBLIC,PUBLIC,2-Sep-97,N/A,68,$4.53 ,$308.04 ,$308.04 ,$308.04 ,$257.50 ,$565.54 ,$565.54 ,
4950005,SAINT JAMES COURT,TOASewer,RES,PUBLIC,PUBLIC,2-Aug-16,N/A,92,$4.53 ,$416.76 ,$416.76 ,$416.76 ,$257.50 ,$674.26 ,$674.26 ,
4950006,SAINT JAMES COURT,TOASewer,RES,PUBLIC,PUBLIC,21-Aug-19,N/A,100,$4.53 ,$453.00 ,$453.00 ,$453.00 ,$257.50 ,$710.50 ,$710.50 ,
4950011,SAINT JAMES COURT,TOASewer,RES,PUBLIC,PUBLIC,19-Jul-99,N/A,56,$4.53 ,$253.68 ,$253.68 ,$253.68 ,$257.50 ,$511.18 ,$511.18 ,
4950014,SAINT JAMES COURT,TOASewer,RES,PUBLIC,PUBLIC,10-Jul-98,N/A,52,$4.53 ,$235.56 ,$235.56 ,$235.56 ,$257.50 ,$493.06 ,$493.06 ,
4950017,SAINT JAMES COURT,TOASewer,RES,PUBLIC,PUBLIC,26-Jun-98,N/A,88,$4.53 ,$398.64 ,$398.64 ,$398.64 ,$257.50 ,$656.14 ,$656.14 ,
4950018,SAINT JAMES COURT,TOASewer,RES,PUBLIC,PUBLIC,16-Aug-04,N/A,68,$4.53 ,$308.04 ,$308.04 ,$308.04 ,$257.50 ,$565.54 ,$565.54 ,
4950021,SAINT JAMES COURT,TOASewer,RES,PUBLIC,PUBLIC,7-Apr-97,N/A,82,$4.53 ,$371.46 ,$371.46 ,$371.46 ,$257.50 ,$628.96 ,$628.96 ,
3860005,SAXON WOODS,TOASewer,RES,PUBLIC,PUBLIC,1-Sep-21,Y,N/A,N/A,N/A,,$257.50 ,$257.50 ,$515.00 ,$515.00 ,
3860008,SAXON WOODS,TOASewer,RES,PUBLIC,PUBLIC,28-Apr-08,N/A,70,$4.53 ,$317.10 ,$317.10 ,$317.10 ,$257.50 ,$574.60 ,$574.60 ,
3860011,SAXON WOODS,TOASewer,RES,PUBLIC,PUBLIC,20-Jul-92,N/A,38,$4.53 ,$172.14 ,$180.00 ,$180.00 ,$257.50 ,$437.50 ,$437.50 ,
3860019,SAXON WOODS,TOASewer,RES,PUBLIC,PUBLIC,20-Mar-92,N/A,62,$4.53 ,$280.86 ,$280.86 ,$280.86 ,$257.50 ,$538.36 ,$538.36 ,
3860022,SAXON WOODS,TOASewer,RES,PUBLIC,PUBLIC,2-Mar-98,N/A,38,$4.53 ,$172.14 ,$180.00 ,$180.00 ,$257.50 ,$437.50 ,$437.50 ,
3860025,SAXON WOODS,TOASewer,RES,PUBLIC,PUBLIC,23-Apr-21,Y,N/A,N/A,N/A,,$257.50 ,$257.50 ,$515.00 ,$515.00 ,
3860032,SAXON WOODS,TOASewer,RES,PUBLIC,PUBLIC,5-Sep-12,N/A,96,$4.53 ,$434.88 ,$434.88 ,$434.88 ,$257.50 ,$692.38 ,$692.38 ,
3860033,SAXON WOODS,TOASewer,RES,PUBLIC,PUBLIC,13-Jul-87,N/A,42,$4.53 ,$190.26 ,$190.26 ,$190.26 ,$257.50 ,$447.76 ,$447.76 ,
3860039,SAXON WOODS,TOASewer,RES,PUBLIC,PUBLIC,28-Feb-91,N/A,50,$4.53 ,$226.50 ,$226.50 ,$226.50 ,$257.50 ,$484.00 ,$484.00 ,
3870007,SCHOOL STREET,TOASewer,RES,WELL,PRIVATE,N/A,N/A,N/A,N/A,N/A,,$257.50 ,$257.50 ,$515.00 ,$515.00 ,
3870012,SCHOOL STREET,TOASewer,RES,PUBLIC,PUBLIC,14-Feb-20,N/A,34,$4.53 ,$154.02 ,$180.00 ,$180.00 ,$257.50 ,$437.50 ,$437.50 ,
3870018,SCHOOL STREET,TOASewer,RES,PUBLIC,PUBLIC,23-May-13,N/A,92,$4.53 ,$416.76 ,$416.76 ,$416.76 ,$257.50 ,$674.26 ,$674.26 ,
3870022,SCHOOL STREET,TOASewer,RES,PUBLIC,PUBLIC,17-Nov-20,N/A,40,$4.53 ,$181.20 ,$181.20 ,$181.20 ,$257.50 ,$438.70 ,$438.70 ,
3870025,SCHOOL STREET,TOASewer,RES,WELL,PRIVATE,N/A,N/A,N/A,N/A,N/A,,$257.50 ,$257.50 ,$515.00 ,$515.00 ,
3870031,SCHOOL STREET,TOASewer,RES,WELL,PRIVATE,N/A,N/A,N/A,N/A,N/A,,$257.50 ,$257.50 ,$515.00 ,$515.00 ,
3870050,SCHOOL STREET,TOASewer,RES,PUBLIC,PUBLIC,13-Jun-02,N/A,42,$4.53 ,$190.26 ,$190.26 ,$190.26 ,$257.50 ,$447.76 ,$447.76 ,
3870051,SCHOOL STREET,TOASewer,RES,PUBLIC,PUBLIC,21-Sep-98,N/A,14,$4.53 ,$63.42 ,$180.00 ,$180.00 ,$257.50 ,$437.50 ,$437.50 ,
3870055,SCHOOL STREET,TOASewer,RES,PUBLIC,PUBLIC,22-Apr-14,N/A,10,$4.53 ,$45.30 ,$180.00 ,$180.00 ,$257.50 ,$437.50 ,$437.50 ,
3870060,SCHOOL STREET,TOASewer,RES,PUBLIC,PUBLIC,2-Jul-18,N/A,66,$4.53 ,$298.98 ,$298.98 ,$298.98 ,$257.50 ,$556.48 ,$556.48 ,
3870075,SCHOOL STREET,TOASewer,RES,PUBLIC,PUBLIC,26-Mar-21,Y,N/A,N/A,N/A,,$257.50 ,$257.50 ,$515.00 ,$515.00 ,
3870083,SCHOOL STREET,TOASewer,RES,PUBLIC,PUBLIC,3-Jul-68,N/A,6,$4.53 ,$27.18 ,$180.00 ,$180.00 ,$257.50 ,$437.50 ,$437.50 ,
5940001,SCONSETT BLUFF,TOASewer,RES,PUBLIC,PUBLIC,16-Jan-15,N/A,94,$4.53 ,$425.82 ,$425.82 ,$425.82 ,$257.50 ,$683.32 ,$683.32 ,
5940002,SCONSETT BLUFF,TOASewer,RES,PUBLIC,PUBLIC,13-Sep-01,N/A,56,$4.53 ,$253.68 ,$253.68 ,$253.68 ,$257.50 ,$511.18 ,$511.18 ,
3880213,SCOVILLE ROAD,TOASewer,RES,PUBLIC,PUBLIC,11-May-18,N/A,18,$4.53 ,$81.54 ,$180.00 ,$180.00 ,$257.50 ,$437.50 ,$437.50 ,
3890074,SECRET LAKE ROAD,TOASewer,RES,WELL,PRIVATE,N/A,N/A,N/A,N/A,N/A,,$257.50 ,$257.50 ,$515.00 ,$515.00 ,
3890077,SECRET LAKE ROAD,TOASewer,RES,WELL,PRIVATE,N/A,N/A,N/A,N/A,N/A,,$257.50 ,$257.50 ,$515.00 ,$515.00 ,
3890079,SECRET LAKE ROAD,TOASewer,RES,WELL,PRIVATE,N/A,N/A,N/A,N/A,N/A,,$257.50 ,$257.50 ,$515.00 ,$515.00 ,
3890080,SECRET LAKE ROAD,TOASewer,RES,WELL,PRIVATE,N/A,N/A,N/A,N/A,N/A,,$257.50 ,$257.50 ,$515.00 ,$515.00 ,
3890082,SECRET LAKE ROAD,TOASewer,RES,WELL,PRIVATE,N/A,N/A,N/A,N/A,N/A,,$257.50 ,$257.50 ,$515.00 ,$515.00 ,
3890083,SECRET LAKE ROAD,TOASewer,RES,WELL,PRIVATE,N/A,N/A,N/A,N/A,N/A,,$257.50 ,$257.50 ,$515.00 ,$515.00 ,
3890084,SECRET LAKE ROAD,TOASewer,RES,WELL,PRIVATE,N/A,N/A,N/A,N/A,N/A,,$257.50 ,$257.50 ,$515.00 ,$515.00 ,
3890085,SECRET LAKE ROAD,TOASewer,RES,WELL,PRIVATE,N/A,N/A,N/A,N/A,N/A,,$257.50 ,$257.50 ,$515.00 ,$515.00 ,
3890087,SECRET LAKE ROAD,TOASewer,RES,WELL,PRIVATE,N/A,N/A,N/A,N/A,N/A,,$257.50 ,$257.50 ,$515.00 ,$515.00 ,
3890089,SECRET LAKE ROAD,TOASewer,RES,WELL,PRIVATE,N/A,N/A,N/A,N/A,N/A,,$257.50 ,$257.50 ,$515.00 ,$515.00 ,
3890090,SECRET LAKE ROAD,TOASewer,RES,WELL,PRIVATE,N/A,N/A,N/A,N/A,N/A,,$257.50 ,$257.50 ,$515.00 ,$515.00 ,
3890091,SECRET LAKE ROAD,TOASewer,RES,WELL,PRIVATE,N/A,N/A,N/A,N/A,N/A,,$257.50 ,$257.50 ,$515.00 ,$515.00 ,
3890094,SECRET LAKE ROAD,TOASewer,RES,WELL,PRIVATE,N/A,N/A,N/A,N/A,N/A,,$257.50 ,$257.50 ,$515.00 ,$515.00 ,
3890095,SECRET LAKE ROAD,TOASewer,RES,WELL,PRIVATE,N/A,N/A,N/A,N/A,N/A,,$257.50 ,$257.50 ,$515.00 ,$515.00 ,
3890096,SECRET LAKE ROAD,TOASewer,RES,WELL,PRIVATE,N/A,N/A,N/A,N/A,N/A,,$257.50 ,$257.50 ,$515.00 ,$515.00 ,
3890097,SECRET LAKE ROAD,TOASewer,RES,WELL,PRIVATE,N/A,N/A,N/A,N/A,N/A,,$257.50 ,$257.50 ,$515.00 ,$515.00 ,
3890099,SECRET LAKE ROAD,TOASewer,RES,WELL,PRIVATE,N/A,N/A,N/A,N/A,N/A,,$257.50 ,$257.50 ,$515.00 ,$515.00 ,
3890100,SECRET LAKE ROAD,TOASewer,RES,WELL,PRIVATE,N/A,N/A,N/A,N/A,N/A,,$257.50 ,$257.50 ,$515.00 ,$515.00 ,
3890101,SECRET LAKE ROAD,TOASewer,RES,WELL,PRIVATE,N/A,N/A,N/A,N/A,N/A,,$257.50 ,$257.50 ,$515.00 ,$515.00 ,
3890103,SECRET LAKE ROAD,TOASewer,RES,WELL,PRIVATE,N/A,N/A,N/A,N/A,N/A,,$257.50 ,$257.50 ,$515.00 ,$515.00 ,
3890111,SECRET LAKE ROAD,TOASewer,RES,WELL,PRIVATE,N/A,N/A,N/A,N/A,N/A,,$257.50 ,$257.50 ,$515.00 ,$515.00 ,
3890116,SECRET LAKE ROAD,TOASewer,RES,WELL,PRIVATE,N/A,N/A,N/A,N/A,N/A,,$257.50 ,$257.50 ,$515.00 ,$515.00 ,
3890117,SECRET LAKE ROAD,TOASewer,RES,WELL,PRIVATE,N/A,N/A,N/A,N/A,N/A,,$257.50 ,$257.50 ,$515.00 ,$515.00 ,
3890118,SECRET LAKE ROAD,TOASewer,RES,WELL,PRIVATE,N/A,N/A,N/A,N/A,N/A,,$257.50 ,$257.50 ,$515.00 ,$515.00 ,
3890123,SECRET LAKE ROAD,TOASewer,RES,WELL,PRIVATE,N/A,N/A,N/A,N/A,N/A,,$257.50 ,$257.50 ,$515.00 ,$515.00 ,
3890125,SECRET LAKE ROAD,TOASewer,RES,WELL,PRIVATE,N/A,N/A,N/A,N/A,N/A,,$257.50 ,$257.50 ,$515.00 ,$515.00 ,
3890127,SECRET LAKE ROAD,TOASewer,RES,WELL,PRIVATE,N/A,N/A,N/A,N/A,N/A,,$257.50 ,$257.50 ,$515.00 ,$515.00 ,
3890129,SECRET LAKE ROAD,TOASewer,RES,WELL,PRIVATE,N/A,N/A,N/A,N/A,N/A,,$257.50 ,$257.50 ,$515.00 ,$515.00 ,
3890130,SECRET LAKE ROAD,TOASewer,RES,WELL,PRIVATE,N/A,N/A,N/A,N/A,N/A,,$257.50 ,$257.50 ,$515.00 ,$515.00 ,
3890135,SECRET LAKE ROAD,TOASewer,RES,WELL,PRIVATE,N/A,N/A,N/A,N/A,N/A,,$257.50 ,$257.50 ,$515.00 ,$515.00 ,
3890139,SECRET LAKE ROAD,TOASewer,RES,WELL,PRIVATE,N/A,N/A,N/A,N/A,N/A,,$257.50 ,$257.50 ,$515.00 ,$515.00 ,
3890140,SECRET LAKE ROAD,TOASewer,RES,WELL,PRIVATE,N/A,N/A,N/A,N/A,N/A,,$257.50 ,$257.50 ,$515.00 ,$515.00 ,
3890143,SECRET LAKE ROAD,TOASewer,RES,WELL,PRIVATE,N/A,N/A,N/A,N/A,N/A,,$257.50 ,$257.50 ,$515.00 ,$515.00 ,
3890144,SECRET LAKE ROAD,TOASewer,RES,WELL,PRIVATE,N/A,N/A,N/A,N/A,N/A,,$257.50 ,$257.50 ,$515.00 ,$515.00 ,
3890148,SECRET LAKE ROAD,TOASewer,RES,WELL,PRIVATE,N/A,N/A,N/A,N/A,N/A,,$257.50 ,$257.50 ,$515.00 ,$515.00 ,
3890149,SECRET LAKE ROAD,TOASewer,RES,WELL,PRIVATE,N/A,N/A,N/A,N/A,N/A,,$257.50 ,$257.50 ,$515.00 ,$515.00 ,
3890151,SECRET LAKE ROAD,TOASewer,RES,WELL,PRIVATE,N/A,N/A,N/A,N/A,N/A,,$257.50 ,$257.50 ,$515.00 ,$515.00 ,
3890154,SECRET LAKE ROAD,TOASewer,RES,WELL,PRIVATE,N/A,N/A,N/A,N/A,N/A,,$257.50 ,$257.50 ,$515.00 ,$515.00 ,
3890157,SECRET LAKE ROAD,TOASewer,RES,WELL,PRIVATE,N/A,N/A,N/A,N/A,N/A,,$257.50 ,$257.50 ,$515.00 ,$515.00 ,
3890161,SECRET LAKE ROAD,TOASewer,RES,WELL,PRIVATE,N/A,N/A,N/A,N/A,N/A,,$257.50 ,$257.50 ,$515.00 ,$515.00 ,
3890164,SECRET LAKE ROAD,TOASewer,RES,WELL,PRIVATE,N/A,N/A,N/A,N/A,N/A,,$257.50 ,$257.50 ,$515.00 ,$515.00 ,
3890165,SECRET LAKE ROAD,TOASewer,RES,PUBLIC,PUBLIC,31-Dec-07,N/A,22,$4.53 ,$99.66 ,$180.00 ,$180.00 ,$257.50 ,$437.50 ,$437.50 ,
3890166,SECRET LAKE ROAD,TOASewer,RES,PUBLIC,PUBLIC,25-Jan-10,N/A,50,$4.53 ,$226.50 ,$226.50 ,$226.50 ,$257.50 ,$484.00 ,$484.00 ,
3890170,SECRET LAKE ROAD,TOASewer,RES,PUBLIC,PUBLIC,2-Oct-89,N/A,26,$4.53 ,$117.78 ,$180.00 ,$180.00 ,$257.50 ,$437.50 ,$437.50 ,
3890171,SECRET LAKE ROAD,TOASewer,RES,PUBLIC,PUBLIC,23-Apr-18,N/A,12,$4.53 ,$54.36 ,$180.00 ,$180.00 ,$257.50 ,$437.50 ,$437.50 ,
3890174,SECRET LAKE ROAD,TOASewer,RES,PUBLIC,PUBLIC,23-May-19,N/A,6,$4.53 ,$27.18 ,$180.00 ,$180.00 ,$257.50 ,$437.50 ,$437.50 ,
3890176,SECRET LAKE ROAD,TOASewer,RES,PUBLIC,PUBLIC,23-Jun-11,N/A,84,$4.53 ,$380.52 ,$380.52 ,$380.52 ,$257.50 ,$638.02 ,$638.02 ,
3890177,SECRET LAKE ROAD,TOASewer,RES,PUBLIC,PUBLIC,31-May-01,N/A,100,$4.53 ,$453.00 ,$453.00 ,$453.00 ,$257.50 ,$710.50 ,$710.50 ,
3890180,SECRET LAKE ROAD,TOASewer,RES,PUBLIC,PUBLIC,24-Sep-21,Y,N/A,N/A,N/A,,$257.50 ,$257.50 ,$515.00 ,$515.00 ,
3890181,SECRET LAKE ROAD,TOASewer,RES,WELL,PRIVATE,N/A,N/A,N/A,N/A,N/A,,$257.50 ,$257.50 ,$515.00 ,$515.00 ,
3910004,SEDGEWOOD ROAD,TOASewer,RES,WELL,PRIVATE,N/A,N/A,N/A,N/A,N/A,,$257.50 ,$257.50 ,$515.00 ,$515.00 ,
3910010,SEDGEWOOD ROAD,TOASewer,RES,WELL,PRIVATE,N/A,N/A,N/A,N/A,N/A,,$257.50 ,$257.50 ,$515.00 ,$515.00 ,
3910016,SEDGEWOOD ROAD,TOASewer,RES,WELL,PRIVATE,N/A,N/A,N/A,N/A,N/A,,$257.50 ,$257.50 ,$515.00 ,$515.00 ,
3930001,SEPTEMBER WAY,TOASewer,RES,PUBLIC,PUBLIC,14-Sep-16,N/A,0,$4.53 , $-   ,$180.00 ,$180.00 ,$257.50 ,$437.50 ,$437.50 ,
3930002,SEPTEMBER WAY,TOASewer,RES,PUBLIC,PUBLIC,20-Apr-15,N/A,20,$4.53 ,$90.60 ,$180.00 ,$180.00 ,$257.50 ,$437.50 ,$437.50 ,
3930003,SEPTEMBER WAY,TOASewer,RES,PUBLIC,PUBLIC,2-Apr-18,N/A,16,$4.53 ,$72.48 ,$180.00 ,$180.00 ,$257.50 ,$437.50 ,$437.50 ,
3930004,SEPTEMBER WAY,TOASewer,RES,PUBLIC,PUBLIC,23-Dec-94,N/A,36,$4.53 ,$163.08 ,$180.00 ,$180.00 ,$257.50 ,$437.50 ,$437.50 ,
3930005,SEPTEMBER WAY,TOASewer,RES,PUBLIC,PUBLIC,28-Aug-17,N/A,8,$4.53 ,$36.24 ,$180.00 ,$180.00 ,$257.50 ,$437.50 ,$437.50 ,
3930006,SEPTEMBER WAY,TOASewer,RES,PUBLIC,PUBLIC,6-Nov-03,N/A,18,$4.53 ,$81.54 ,$180.00 ,$180.00 ,$257.50 ,$437.50 ,$437.50 ,
3930007,SEPTEMBER WAY,TOASewer,RES,PUBLIC,PUBLIC,10-Apr-87,N/A,34,$4.53 ,$154.02 ,$180.00 ,$180.00 ,$257.50 ,$437.50 ,$437.50 ,
3930008,SEPTEMBER WAY,TOASewer,RES,PUBLIC,PUBLIC,27-Oct-06,N/A,18,$4.53 ,$81.54 ,$180.00 ,$180.00 ,$257.50 ,$437.50 ,$437.50 ,
3930009,SEPTEMBER WAY,TOASewer,RES,PUBLIC,PUBLIC,30-Jun-94,N/A,34,$4.53 ,$154.02 ,$180.00 ,$180.00 ,$257.50 ,$437.50 ,$437.50 ,
3930010,SEPTEMBER WAY,TOASewer,RES,PUBLIC,PUBLIC,16-Aug-19,N/A,8,$4.53 ,$36.24 ,$180.00 ,$180.00 ,$257.50 ,$437.50 ,$437.50 ,
3930011,SEPTEMBER WAY,TOASewer,RES,PUBLIC,PUBLIC,17-Aug-98,N/A,8,$4.53 ,$36.24 ,$180.00 ,$180.00 ,$257.50 ,$437.50 ,$437.50 ,
3930012,SEPTEMBER WAY,TOASewer,RES,PUBLIC,PUBLIC,19-Jul-05,N/A,28,$4.53 ,$126.84 ,$180.00 ,$180.00 ,$257.50 ,$437.50 ,$437.50 ,
3930013,SEPTEMBER WAY,TOASewer,RES,PUBLIC,PUBLIC,1-Sep-17,N/A,46,$4.53 ,$208.38 ,$208.38 ,$208.38 ,$257.50 ,$465.88 ,$465.88 ,
3930014,SEPTEMBER WAY,TOASewer,RES,PUBLIC,PUBLIC,27-Sep-96,N/A,46,$4.53 ,$208.38 ,$208.38 ,$208.38 ,$257.50 ,$465.88 ,$465.88 ,
3930015,SEPTEMBER WAY,TOASewer,RES,PUBLIC,PUBLIC,29-Oct-93,N/A,52,$4.53 ,$235.56 ,$235.56 ,$235.56 ,$257.50 ,$493.06 ,$493.06 ,
3930016,SEPTEMBER WAY,TOASewer,RES,PUBLIC,PUBLIC,28-Dec-17,N/A,32,$4.53 ,$144.96 ,$180.00 ,$180.00 ,$257.50 ,$437.50 ,$437.50 ,
6000003,SHEFFIELD LANE,TOASewer,RES,PUBLIC,PUBLIC,7-Mar-08,N/A,68,$4.53 ,$308.04 ,$308.04 ,$308.04 ,$257.50 ,$565.54 ,$565.54 ,
6000007,SHEFFIELD LANE,TOASewer,RES,PUBLIC,PUBLIC,15-Jul-09,N/A,32,$4.53 ,$144.96 ,$180.00 ,$180.00 ,$257.50 ,$437.50 ,$437.50 ,
6000028,SHEFFIELD LANE,TOASewer,RES,PUBLIC,PUBLIC,30-Apr-14,N/A,100,$4.53 ,$453.00 ,$453.00 ,$453.00 ,$257.50 ,$710.50 ,$710.50 ,
6000031,SHEFFIELD LANE,TOASewer,RES,PUBLIC,PUBLIC,26-Dec-01,N/A,78,$4.53 ,$353.34 ,$353.34 ,$353.34 ,$257.50 ,$610.84 ,$610.84 ,
6000032,SHEFFIELD LANE,TOASewer,RES,PUBLIC,PUBLIC,2-Oct-17,N/A,104,$4.53 ,$471.12 ,$471.12 ,$471.12 ,$257.50 ,$728.62 ,$728.62 ,
6000035,SHEFFIELD LANE,TOASewer,RES,PUBLIC,PUBLIC,6-Jun-17,N/A,70,$4.53 ,$317.10 ,$317.10 ,$317.10 ,$257.50 ,$574.60 ,$574.60 ,
6000036,SHEFFIELD LANE,TOASewer,RES,PUBLIC,PUBLIC,29-Oct-07,N/A,28,$4.53 ,$126.84 ,$180.00 ,$180.00 ,$257.50 ,$437.50 ,$437.50 ,
6000039,SHEFFIELD LANE,TOASewer,RES,PUBLIC,PUBLIC,12-Sep-08,N/A,56,$4.53 ,$253.68 ,$253.68 ,$253.68 ,$257.50 ,$511.18 ,$511.18 ,
6000040,SHEFFIELD LANE,TOASewer,RES,PUBLIC,PUBLIC,11-Sep-17,N/A,58,$4.53 ,$262.74 ,$262.74 ,$262.74 ,$257.50 ,$520.24 ,$520.24 ,
6000043,SHEFFIELD LANE,TOASewer,RES,PUBLIC,PUBLIC,24-Jan-03,N/A,106,$4.53 ,$480.18 ,$480.18 ,$480.18 ,$257.50 ,$737.68 ,$737.68 ,
6000046,SHEFFIELD LANE,TOASewer,RES,PUBLIC,PUBLIC,16-Jan-03,N/A,100,$4.53 ,$453.00 ,$453.00 ,$453.00 ,$257.50 ,$710.50 ,$710.50 ,
6000047,SHEFFIELD LANE,TOASewer,RES,PUBLIC,PUBLIC,25-Jan-21,Y,N/A,N/A,N/A,,$257.50 ,$257.50 ,$515.00 ,$515.00 ,
6000050,SHEFFIELD LANE,TOASewer,RES,PUBLIC,PUBLIC,25-Jul-13,N/A,36,$4.53 ,$163.08 ,$180.00 ,$180.00 ,$257.50 ,$437.50 ,$437.50 ,
6000054,SHEFFIELD LANE,TOASewer,RES,PUBLIC,PUBLIC,12-Aug-02,N/A,44,$4.53 ,$199.32 ,$199.32 ,$199.32 ,$257.50 ,$456.82 ,$456.82 ,
3960005,SHERWOOD LANE,TOASewer,RES,PUBLIC,PUBLIC,28-Apr-78,N/A,130,$4.53 ,$588.90 ,$588.90 ,$588.90 ,$257.50 ,$846.40 ,$846.40 ,
3960006,SHERWOOD LANE,TOASewer,RES,PUBLIC,PUBLIC,22-Mar-78,N/A,108,$4.53 ,$489.24 ,$489.24 ,$489.24 ,$257.50 ,$746.74 ,$746.74 ,
3960011,SHERWOOD LANE,TOASewer,RES,PUBLIC,PUBLIC,1-May-78,N/A,60,$4.53 ,$271.80 ,$271.80 ,$271.80 ,$257.50 ,$529.30 ,$529.30 ,
3960012,SHERWOOD LANE,TOASewer,RES,PUBLIC,PUBLIC,22-Jan-92,N/A,16,$4.53 ,$72.48 ,$180.00 ,$180.00 ,$257.50 ,$437.50 ,$437.50 ,
3960014,SHERWOOD LANE,TOASewer,RES,PUBLIC,PUBLIC,12-May-78,N/A,14,$4.53 ,$63.42 ,$180.00 ,$180.00 ,$257.50 ,$437.50 ,$437.50 ,
5180001,SHIRECREST,TOASewer,RES,PUBLIC,PUBLIC,16-Jul-99,N/A,68,$4.53 ,$308.04 ,$308.04 ,$308.04 ,$257.50 ,$565.54 ,$565.54 ,
5180002,SHIRECREST,TOASewer,RES,PUBLIC,PUBLIC,27-Jul-99,N/A,54,$4.53 ,$244.62 ,$244.62 ,$244.62 ,$257.50 ,$502.12 ,$502.12 ,
5180003,SHIRECREST,TOASewer,RES,PUBLIC,PUBLIC,1-Apr-11,N/A,32,$4.53 ,$144.96 ,$180.00 ,$180.00 ,$257.50 ,$437.50 ,$437.50 ,
5180004,SHIRECREST,TOASewer,RES,PUBLIC,PUBLIC,1-Sep-21,Y,N/A,N/A,N/A,,$257.50 ,$257.50 ,$515.00 ,$515.00 ,
5180005,SHIRECREST,TOASewer,RES,PUBLIC,PUBLIC,2-Sep-21,Y,N/A,N/A,N/A,,$257.50 ,$257.50 ,$515.00 ,$515.00 ,
5180006,SHIRECREST,TOASewer,RES,PUBLIC,PUBLIC,9-Jul-99,N/A,28,$4.53 ,$126.84 ,$180.00 ,$180.00 ,$257.50 ,$437.50 ,$437.50 ,
5180007,SHIRECREST,TOASewer,RES,PUBLIC,PUBLIC,16-Oct-17,N/A,58,$4.53 ,$262.74 ,$262.74 ,$262.74 ,$257.50 ,$520.24 ,$520.24 ,
5180008,SHIRECREST,TOASewer,RES,PUBLIC,PUBLIC,6-Oct-21,Y,N/A,N/A,N/A,,$257.50 ,$257.50 ,$515.00 ,$515.00 ,
5180009,SHIRECREST,TOASewer,RES,PUBLIC,PUBLIC,31-May-13,N/A,26,$4.53 ,$117.78 ,$180.00 ,$180.00 ,$257.50 ,$437.50 ,$437.50 ,
5180010,SHIRECREST,TOASewer,RES,PUBLIC,PUBLIC,6-Aug-12,N/A,16,$4.53 ,$72.48 ,$180.00 ,$180.00 ,$257.50 ,$437.50 ,$437.50 ,
3970025,SIMSBURY ROAD,TOASewer,RES,PUBLIC,PUBLIC,2-Oct-18,N/A,24,$4.53 ,$108.72 ,$180.00 ,$180.00 ,$257.50 ,$437.50 ,$437.50 ,
3970027,SIMSBURY ROAD,TOASewer,RES,PUBLIC,PUBLIC,20-Dec-12,N/A,16,$4.53 ,$72.48 ,$180.00 ,$180.00 ,$257.50 ,$437.50 ,$437.50 ,
3970145,SIMSBURY ROAD,TOASewer,RES,PUBLIC,PUBLIC,17-Dec-18,N/A,8,$4.53 ,$36.24 ,$180.00 ,$180.00 ,$257.50 ,$437.50 ,$437.50 ,
3970163,SIMSBURY ROAD,TOASewer,RES,WELL,PRIVATE,N/A,N/A,N/A,N/A,N/A,,$257.50 ,$257.50 ,$515.00 ,$515.00 ,
3990010,SMITH ROAD,TOASewer,RES,PUBLIC,PUBLIC,10-Mar-14,N/A,64,$4.53 ,$289.92 ,$289.92 ,$289.92 ,$257.50 ,$547.42 ,$547.42 ,
3990018,SMITH ROAD,TOASewer,RES,PUBLIC,PUBLIC,9-Nov-07,N/A,0,$4.53 , $-   ,$180.00 ,$180.00 ,$257.50 ,$437.50 ,$437.50 ,
3990024,SMITH ROAD,TOASewer,RES,PUBLIC,PUBLIC,22-Jul-97,N/A,64,$4.53 ,$289.92 ,$289.92 ,$289.92 ,$257.50 ,$547.42 ,$547.42 ,
3990025,SMITH ROAD,TOASewer,RES,PUBLIC,PUBLIC,18-Jul-72,N/A,38,$4.53 ,$172.14 ,$180.00 ,$180.00 ,$257.50 ,$437.50 ,$437.50 ,
3990030,SMITH ROAD,TOASewer,RES,PUBLIC,PUBLIC,22-Sep-14,N/A,54,$4.53 ,$244.62 ,$244.62 ,$244.62 ,$257.50 ,$502.12 ,$502.12 ,
3990031,SMITH ROAD,TOASewer,RES,PUBLIC,PUBLIC,28-May-09,N/A,88,$4.53 ,$398.64 ,$398.64 ,$398.64 ,$257.50 ,$656.14 ,$656.14 ,
3990040,SMITH ROAD,TOASewer,RES,PUBLIC,PUBLIC,12-Aug-97,N/A,42,$4.53 ,$190.26 ,$190.26 ,$190.26 ,$257.50 ,$447.76 ,$447.76 ,
3990047,SMITH ROAD,TOASewer,RES,PUBLIC,PUBLIC,1-Oct-03,N/A,34,$4.53 ,$154.02 ,$180.00 ,$180.00 ,$257.50 ,$437.50 ,$437.50 ,
3990051,SMITH ROAD,TOASewer,RES,PUBLIC,PUBLIC,6-May-20,N/A,68,$4.53 ,$308.04 ,$308.04 ,$308.04 ,$257.50 ,$565.54 ,$565.54 ,
3990064,SMITH ROAD,TOASewer,RES,PUBLIC,PUBLIC,15-Dec-20,N/A,44,$4.53 ,$199.32 ,$199.32 ,$199.32 ,$257.50 ,$456.82 ,$456.82 ,
5390004,SOUTHGATE,TOASewer,RES,PUBLIC,PUBLIC,30-Mar-12,N/A,28,$4.53 ,$126.84 ,$180.00 ,$180.00 ,$257.50 ,$437.50 ,$437.50 ,
5390005,SOUTHGATE,TOASewer,RES,PUBLIC,PUBLIC,16-May-08,N/A,86,$4.53 ,$389.58 ,$389.58 ,$389.58 ,$257.50 ,$647.08 ,$647.08 ,
5390008,SOUTHGATE,TOASewer,RES,PUBLIC,PUBLIC,13-Apr-21,Y,N/A,N/A,N/A,,$257.50 ,$257.50 ,$515.00 ,$515.00 ,
5390010,SOUTHGATE,TOASewer,RES,PUBLIC,PUBLIC,3-Jun-11,N/A,24,$4.53 ,$108.72 ,$180.00 ,$180.00 ,$257.50 ,$437.50 ,$437.50 ,
5390020,SOUTHGATE,TOASewer,RES,PUBLIC,PUBLIC,5-Jul-16,N/A,82,$4.53 ,$371.46 ,$371.46 ,$371.46 ,$257.50 ,$628.96 ,$628.96 ,
5390021,SOUTHGATE,TOASewer,RES,PUBLIC,PUBLIC,1-Nov-12,N/A,62,$4.53 ,$280.86 ,$280.86 ,$280.86 ,$257.50 ,$538.36 ,$538.36 ,
5390026,SOUTHGATE,TOASewer,RES,PUBLIC,PUBLIC,17-Mar-06,N/A,54,$4.53 ,$244.62 ,$244.62 ,$244.62 ,$257.50 ,$502.12 ,$502.12 ,
5390033,SOUTHGATE,TOASewer,RES,PUBLIC,PUBLIC,23-Jul-12,N/A,90,$4.53 ,$407.70 ,$407.70 ,$407.70 ,$257.50 ,$665.20 ,$665.20 ,
5390034,SOUTHGATE,TOASewer,RES,PUBLIC,PUBLIC,13-Jul-15,N/A,130,$4.53 ,$588.90 ,$588.90 ,$588.90 ,$257.50 ,$846.40 ,$846.40 ,
5390040,SOUTHGATE,TOASewer,RES,PUBLIC,PUBLIC,10-Nov-08,N/A,110,$4.53 ,$498.30 ,$498.30 ,$498.30 ,$257.50 ,$755.80 ,$755.80 ,
4010001,SPLIT ROCK LANE,TOASewer,RES,PUBLIC,PUBLIC,1-Jul-09,N/A,52,$4.53 ,$235.56 ,$235.56 ,$235.56 ,$257.50 ,$493.06 ,$493.06 ,
4010002,SPLIT ROCK LANE,TOASewer,RES,PUBLIC,PUBLIC,17-Jul-06,N/A,52,$4.53 ,$235.56 ,$235.56 ,$235.56 ,$257.50 ,$493.06 ,$493.06 ,
4020013,SPRINGBROOK DRIVE,TOASewer,RES,PUBLIC,PUBLIC,20-Jan-80,N/A,24,$4.53 ,$108.72 ,$180.00 ,$180.00 ,$257.50 ,$437.50 ,$437.50 ,
4020019,SPRINGBROOK DRIVE,TOASewer,RES,PUBLIC,PUBLIC,18-Jan-67,N/A,70,$4.53 ,$317.10 ,$317.10 ,$317.10 ,$257.50 ,$574.60 ,$574.60 ,
4020020,SPRINGBROOK DRIVE,TOASewer,RES,PUBLIC,PUBLIC,18-Jul-18,N/A,52,$4.53 ,$235.56 ,$235.56 ,$235.56 ,$257.50 ,$493.06 ,$493.06 ,
4020028,SPRINGBROOK DRIVE,TOASewer,RES,PUBLIC,PUBLIC,11-Sep-69,N/A,68,$4.53 ,$308.04 ,$308.04 ,$308.04 ,$257.50 ,$565.54 ,$565.54 ,
4020029,SPRINGBROOK DRIVE,TOASewer,RES,PUBLIC,PUBLIC,16-Dec-92,N/A,52,$4.53 ,$235.56 ,$235.56 ,$235.56 ,$257.50 ,$493.06 ,$493.06 ,
4030001,SPRUCEWOOD LANE,TOASewer,RES,PUBLIC,PUBLIC,7-Aug-17,N/A,32,$4.53 ,$144.96 ,$180.00 ,$180.00 ,$257.50 ,$437.50 ,$437.50 ,
4030002,SPRUCEWOOD LANE,TOASewer,RES,PUBLIC,PUBLIC,3-Jun-19,N/A,0,$4.53 , $-   ,$180.00 ,$180.00 ,$257.50 ,$437.50 ,$437.50 ,
4030003,SPRUCEWOOD LANE,TOASewer,RES,PUBLIC,PUBLIC,26-Feb-20,N/A,50,$4.53 ,$226.50 ,$226.50 ,$226.50 ,$257.50 ,$484.00 ,$484.00 ,
4030004,SPRUCEWOOD LANE,TOASewer,RES,PUBLIC,PUBLIC,26-Sep-94,N/A,22,$4.53 ,$99.66 ,$180.00 ,$180.00 ,$257.50 ,$437.50 ,$437.50 ,
4030005,SPRUCEWOOD LANE,TOASewer,RES,PUBLIC,PUBLIC,14-Nov-86,N/A,30,$4.53 ,$135.90 ,$180.00 ,$180.00 ,$257.50 ,$437.50 ,$437.50 ,
4030006,SPRUCEWOOD LANE,TOASewer,RES,PUBLIC,PUBLIC,5-Jul-05,N/A,28,$4.53 ,$126.84 ,$180.00 ,$180.00 ,$257.50 ,$437.50 ,$437.50 ,
4030007,SPRUCEWOOD LANE,TOASewer,RES,PUBLIC,PUBLIC,17-Sep-03,N/A,40,$4.53 ,$181.20 ,$181.20 ,$181.20 ,$257.50 ,$438.70 ,$438.70 ,
4030008,SPRUCEWOOD LANE,TOASewer,RES,PUBLIC,PUBLIC,2-Sep-20,N/A,8,$4.53 ,$36.24 ,$180.00 ,$180.00 ,$257.50 ,$437.50 ,$437.50 ,
4030009,SPRUCEWOOD LANE,TOASewer,RES,PUBLIC,PUBLIC,29-Jun-21,Y,N/A,N/A,N/A,,$257.50 ,$257.50 ,$515.00 ,$515.00 ,
4030010,SPRUCEWOOD LANE,TOASewer,RES,PUBLIC,PUBLIC,20-Dec-77,N/A,12,$4.53 ,$54.36 ,$180.00 ,$180.00 ,$257.50 ,$437.50 ,$437.50 ,19
4040001,SPYGLASS DRIVE,TOASewer,RES,PUBLIC,PUBLIC,15-Oct-20,N/A,18,$4.53 ,$81.54 ,$180.00 ,$180.00 ,$257.50 ,$437.50 ,$437.50 ,1
4040002,SPYGLASS DRIVE,TOASewer,RES,PUBLIC,PUBLIC,18-Feb-00,N/A,22,$4.53 ,$99.66 ,$180.00 ,$180.00 ,$257.50 ,$437.50 ,$437.50 ,4
4040003,SPYGLASS DRIVE,TOASewer,RES,PUBLIC,PUBLIC,8-Nov-96,N/A,34,$4.53 ,$154.02 ,$180.00 ,$180.00 ,$257.50 ,$437.50 ,$437.50 ,25
4040004,SPYGLASS DRIVE,TOASewer,RES,PUBLIC,PUBLIC,7-May-18,N/A,80,$4.53 ,$362.40 ,$362.40 ,$362.40 ,$257.50 ,$619.90 ,$619.90 ,1
4040005,SPYGLASS DRIVE,TOASewer,RES,PUBLIC,PUBLIC,17-Nov-20,N/A,26,$4.53 ,$117.78 ,$180.00 ,$180.00 ,$257.50 ,$437.50 ,$437.50 ,4
4040006,SPYGLASS DRIVE,TOASewer,RES,PUBLIC,PUBLIC,27-Sep-02,N/A,0,$4.53 , $-   ,$180.00 ,$180.00 ,$257.50 ,$437.50 ,$437.50 ,8
4040007,SPYGLASS DRIVE,TOASewer,RES,PUBLIC,PUBLIC,16-Sep-03,N/A,6,$4.53 ,$27.18 ,$180.00 ,$180.00 ,$257.50 ,$437.50 ,$437.50 ,28
4040008,SPYGLASS DRIVE,TOASewer,RES,PUBLIC,PUBLIC,1-Oct-12,N/A,18,$4.53 ,$81.54 ,$180.00 ,$180.00 ,$257.50 ,$437.50 ,$437.50 ,29
4040009,SPYGLASS DRIVE,TOASewer,RES,PUBLIC,PUBLIC,18-Aug-04,N/A,20,$4.53 ,$90.60 ,$180.00 ,$180.00 ,$257.50 ,$437.50 ,$437.50 ,42
4050022,STAGECOACH ROAD,TOASewer,RES,PUBLIC,PUBLIC,1-Mar-13,N/A,40,$4.53 ,$181.20 ,$181.20 ,$181.20 ,$257.50 ,$438.70 ,$438.70 ,43
4050027,STAGECOACH ROAD,TOASewer,RES,PUBLIC,PUBLIC,5-Jul-94,N/A,34,$4.53 ,$154.02 ,$180.00 ,$180.00 ,$257.50 ,$437.50 ,$437.50 ,6
4050034,STAGECOACH ROAD,TOASewer,RES,PUBLIC,PUBLIC,14-Mar-89,N/A,40,$4.53 ,$181.20 ,$181.20 ,$181.20 ,$257.50 ,$438.70 ,$438.70 ,2
4050046,STAGECOACH ROAD,TOASewer,RES,PUBLIC,PUBLIC,28-Feb-03,N/A,50,$4.53 ,$226.50 ,$226.50 ,$226.50 ,$257.50 ,$484.00 ,$484.00 ,28
4050047,STAGECOACH ROAD,TOASewer,RES,PUBLIC,PUBLIC,18-Apr-05,N/A,156,$4.53 ,$706.68 ,$706.68 ,$706.68 ,$257.50 ,$964.18 ,$964.18 ,7
4050058,STAGECOACH ROAD,TOASewer,RES,PUBLIC,PUBLIC,21-Oct-87,N/A,52,$4.53 ,$235.56 ,$235.56 ,$235.56 ,$257.50 ,$493.06 ,$493.06 ,16
4050064,STAGECOACH ROAD,TOASewer,RES,PUBLIC,PUBLIC,17-Jul-19,N/A,110,$4.53 ,$498.30 ,$498.30 ,$498.30 ,$257.50 ,$755.80 ,$755.80 ,10
4050067,STAGECOACH ROAD,TOASewer,RES,PUBLIC,PUBLIC,18-Dec-87,N/A,40,$4.53 ,$181.20 ,$181.20 ,$181.20 ,$257.50 ,$438.70 ,$438.70 ,2
4050072,STAGECOACH ROAD,TOASewer,RES,PUBLIC,PUBLIC,11-Mar-94,N/A,20,$4.53 ,$90.60 ,$180.00 ,$180.00 ,$257.50 ,$437.50 ,$437.50 ,4
4050075,STAGECOACH ROAD,TOASewer,RES,PUBLIC,PUBLIC,1-Jun-18,N/A,76,$4.53 ,$344.28 ,$344.28 ,$344.28 ,$257.50 ,$601.78 ,$601.78 ,7
4050083,STAGECOACH ROAD,TOASewer,RES,PUBLIC,PUBLIC,31-Jul-17,N/A,92,$4.53 ,$416.76 ,$416.76 ,$416.76 ,$257.50 ,$674.26 ,$674.26 ,8
4050086,STAGECOACH ROAD,TOASewer,RES,PUBLIC,PUBLIC,16-Sep-20,N/A,28,$4.53 ,$126.84 ,$180.00 ,$180.00 ,$257.50 ,$437.50 ,$437.50 ,11
4050089,STAGECOACH ROAD,TOASewer,RES,PUBLIC,PUBLIC,20-Oct-87,N/A,110,$4.53 ,$498.30 ,$498.30 ,$498.30 ,$257.50 ,$755.80 ,$755.80 ,12
4050092,STAGECOACH ROAD,TOASewer,RES,PUBLIC,PUBLIC,30-Aug-10,N/A,44,$4.53 ,$199.32 ,$199.32 ,$199.32 ,$257.50 ,$456.82 ,$456.82 ,15
4050095,STAGECOACH ROAD,TOASewer,RES,PUBLIC,PUBLIC,3-Oct-14,N/A,46,$4.53 ,$208.38 ,$208.38 ,$208.38 ,$257.50 ,$465.88 ,$465.88 ,51
4050101,STAGECOACH ROAD,TOASewer,RES,PUBLIC,PUBLIC,22-Jun-12,N/A,46,$4.53 ,$208.38 ,$208.38 ,$208.38 ,$257.50 ,$465.88 ,$465.88 ,60
4050129,STAGECOACH ROAD,TOASewer,RES,PUBLIC,PUBLIC,17-Sep-21,Y,N/A,N/A,N/A,,$257.50 ,$257.50 ,$515.00 ,$515.00 ,1
4050135,STAGECOACH ROAD,TOASewer,RES,PUBLIC,PUBLIC,25-Apr-17,N/A,70,$4.53 ,$317.10 ,$317.10 ,$317.10 ,$257.50 ,$574.60 ,$574.60 ,15
4050143,STAGECOACH ROAD,TOASewer,RES,PUBLIC,PUBLIC,2-Mar-94,N/A,44,$4.53 ,$199.32 ,$199.32 ,$199.32 ,$257.50 ,$456.82 ,$456.82 ,56
4050148,STAGECOACH ROAD,TOASewer,RES,PUBLIC,PUBLIC,22-Apr-20,N/A,44,$4.53 ,$199.32 ,$199.32 ,$199.32 ,$257.50 ,$456.82 ,$456.82 ,71
4050164,STAGECOACH ROAD,TOASewer,RES,PUBLIC,PUBLIC,19-Jul-18,N/A,36,$4.53 ,$163.08 ,$180.00 ,$180.00 ,$257.50 ,$437.50 ,$437.50 ,58
4050170,STAGECOACH ROAD,TOASewer,RES,PUBLIC,PUBLIC,2-Jul-18,N/A,66,$4.53 ,$298.98 ,$298.98 ,$298.98 ,$257.50 ,$556.48 ,$556.48 ,8
4050176,STAGECOACH ROAD,TOASewer,RES,PUBLIC,PUBLIC,15-Jun-21,Y,N/A,N/A,N/A,,$257.50 ,$257.50 ,$515.00 ,$515.00 ,9
4050181,STAGECOACH ROAD,TOASewer,RES,PUBLIC,PUBLIC,31-Jul-91,N/A,26,$4.53 ,$117.78 ,$180.00 ,$180.00 ,$257.50 ,$437.50 ,$437.50 ,11
4050182,STAGECOACH ROAD,TOASewer,RES,PUBLIC,PUBLIC,9-Jun-80,N/A,66,$4.53 ,$298.98 ,$298.98 ,$298.98 ,$257.50 ,$556.48 ,$556.48 ,18
4050188,STAGECOACH ROAD,TOASewer,RES,PUBLIC,PUBLIC,27-Aug-86,N/A,48,$4.53 ,$217.44 ,$217.44 ,$217.44 ,$257.50 ,$474.94 ,$474.94 ,28
4050194,STAGECOACH ROAD,TOASewer,RES,PUBLIC,PUBLIC,20-Jul-06,N/A,34,$4.53 ,$154.02 ,$180.00 ,$180.00 ,$257.50 ,$437.50 ,$437.50 ,42
4050198,STAGECOACH ROAD,TOASewer,RES,PUBLIC,PUBLIC,2-Jul-97,N/A,36,$4.53 ,$163.08 ,$180.00 ,$180.00 ,$257.50 ,$437.50 ,$437.50 ,5
4050204,STAGECOACH ROAD,TOASewer,RES,PUBLIC,PUBLIC,30-Nov-01,N/A,62,$4.53 ,$280.86 ,$280.86 ,$280.86 ,$257.50 ,$538.36 ,$538.36 ,14
4050205,STAGECOACH ROAD,TOASewer,RES,PUBLIC,PUBLIC,22-Nov-99,N/A,46,$4.53 ,$208.38 ,$208.38 ,$208.38 ,$257.50 ,$465.88 ,$465.88 ,17
4050210,STAGECOACH ROAD,TOASewer,RES,PUBLIC,PUBLIC,25-Sep-17,N/A,82,$4.53 ,$371.46 ,$371.46 ,$371.46 ,$257.50 ,$628.96 ,$628.96 ,18
4050213,STAGECOACH ROAD,TOASewer,RES,PUBLIC,PUBLIC,1-Mar-19,N/A,38,$4.53 ,$172.14 ,$180.00 ,$180.00 ,$257.50 ,$437.50 ,$437.50 ,21
4050216,STAGECOACH ROAD,TOASewer,RES,PUBLIC,PUBLIC,4-Aug-14,N/A,56,$4.53 ,$253.68 ,$253.68 ,$253.68 ,$257.50 ,$511.18 ,$511.18 ,25
4050219,STAGECOACH ROAD,TOASewer,RES,PUBLIC,PUBLIC,13-Nov-01,N/A,38,$4.53 ,$172.14 ,$180.00 ,$180.00 ,$257.50 ,$437.50 ,$437.50 ,26
4050222,STAGECOACH ROAD,TOASewer,RES,PUBLIC,PUBLIC,20-Sep-17,N/A,32,$4.53 ,$144.96 ,$180.00 ,$180.00 ,$257.50 ,$437.50 ,$437.50 ,31
4050226,STAGECOACH ROAD,TOASewer,RES,PUBLIC,PUBLIC,20-Jun-94,N/A,48,$4.53 ,$217.44 ,$217.44 ,$217.44 ,$257.50 ,$474.94 ,$474.94 ,2
4800003,STEEPLECHASE,TOASewer,RES,PUBLIC,PUBLIC,18-Jun-04,N/A,88,$4.53 ,$398.64 ,$398.64 ,$398.64 ,$257.50 ,$656.14 ,$656.14 ,4
4800006,STEEPLECHASE,TOASewer,RES,PUBLIC,PUBLIC,23-Dec-19,N/A,78,$4.53 ,$353.34 ,$353.34 ,$353.34 ,$257.50 ,$610.84 ,$610.84 ,11
4800010,STEEPLECHASE,TOASewer,RES,PUBLIC,PUBLIC,1-Aug-97,N/A,62,$4.53 ,$280.86 ,$280.86 ,$280.86 ,$257.50 ,$538.36 ,$538.36 ,3
4800011,STEEPLECHASE,TOASewer,RES,PUBLIC,PUBLIC,6-Nov-95,N/A,96,$4.53 ,$434.88 ,$434.88 ,$434.88 ,$257.50 ,$692.38 ,$692.38 ,12
4800016,STEEPLECHASE,TOASewer,RES,PUBLIC,PUBLIC,15-Aug-94,N/A,58,$4.53 ,$262.74 ,$262.74 ,$262.74 ,$257.50 ,$520.24 ,$520.24 ,4
4800019,STEEPLECHASE,TOASewer,RES,PUBLIC,PUBLIC,23-May-96,N/A,128,$4.53 ,$579.84 ,$579.84 ,$579.84 ,$257.50 ,$837.34 ,$837.34 ,5
4800022,STEEPLECHASE,TOASewer,RES,PUBLIC,PUBLIC,24-Jun-96,N/A,166,$4.53 ,$751.98 ,$751.98 ,$751.98 ,$257.50 ,"$1,009.48 ","$1,009.48 ",23
4800029,STEEPLECHASE,TOASewer,RES,PUBLIC,PUBLIC,14-Sep-01,N/A,86,$4.53 ,$389.58 ,$389.58 ,$389.58 ,$257.50 ,$647.08 ,$647.08 ,25
4800030,STEEPLECHASE,TOASewer,RES,PUBLIC,PUBLIC,16-Feb-01,N/A,26,$4.53 ,$117.78 ,$180.00 ,$180.00 ,$257.50 ,$437.50 ,$437.50 ,25
4800034,STEEPLECHASE,TOASewer,RES,PUBLIC,PUBLIC,1-Feb-94,N/A,112,$4.53 ,$507.36 ,$507.36 ,$507.36 ,$257.50 ,$764.86 ,$764.86 ,67
4800037,STEEPLECHASE,TOASewer,RES,PUBLIC,PUBLIC,9-Aug-21,Y,N/A,N/A,N/A,,$257.50 ,$257.50 ,$515.00 ,$515.00 ,15
4800040,STEEPLECHASE,TOASewer,RES,PUBLIC,PUBLIC,11-May-18,N/A,90,$4.53 ,$407.70 ,$407.70 ,$407.70 ,$257.50 ,$665.20 ,$665.20 ,4
4060001,STERLING PLACE,TOASewer,RES,PUBLIC,PUBLIC,29-Nov-93,N/A,14,$4.53 ,$63.42 ,$180.00 ,$180.00 ,$257.50 ,$437.50 ,$437.50 ,27
4060002,STERLING PLACE,TOASewer,RES,PUBLIC,PUBLIC,16-Jul-01,N/A,128,$4.53 ,$579.84 ,$579.84 ,$579.84 ,$257.50 ,$837.34 ,$837.34 ,38
4060003,STERLING PLACE,TOASewer,RES,PUBLIC,PUBLIC,2-Feb-21,Y,N/A,N/A,N/A,,$257.50 ,$257.50 ,$515.00 ,$515.00 ,120
6220002,STOCKBRIDGE DRIVE,TOASewer,RES,PUBLIC,PUBLIC,18-Jun-18,N/A,94,$4.53 ,$425.82 ,$425.82 ,$425.82 ,$257.50 ,$683.32 ,$683.32 ,126
6220006,STOCKBRIDGE DRIVE,TOASewer,RES,PUBLIC,PUBLIC,13-Aug-10,N/A,96,$4.53 ,$434.88 ,$434.88 ,$434.88 ,$257.50 ,$692.38 ,$692.38 ,196
6220009,STOCKBRIDGE DRIVE,TOASewer,RES,PUBLIC,PUBLIC,28-Sep-12,N/A,50,$4.53 ,$226.50 ,$226.50 ,$226.50 ,$257.50 ,$484.00 ,$484.00 ,204
6220010,STOCKBRIDGE DRIVE,TOASewer,RES,PUBLIC,PUBLIC,1-Oct-09,N/A,102,$4.53 ,$462.06 ,$462.06 ,$462.06 ,$257.50 ,$719.56 ,$719.56 ,242
6220014,STOCKBRIDGE DRIVE,TOASewer,RES,PUBLIC,PUBLIC,16-May-11,N/A,56,$4.53 ,$253.68 ,$253.68 ,$253.68 ,$257.50 ,$511.18 ,$511.18 ,2
6220015,STOCKBRIDGE DRIVE,TOASewer,RES,PUBLIC,PUBLIC,22-Nov-06,N/A,44,$4.53 ,$199.32 ,$199.32 ,$199.32 ,$257.50 ,$456.82 ,$456.82 ,3
6220019,STOCKBRIDGE DRIVE,TOASewer,RES,PUBLIC,PUBLIC,4-Oct-21,Y,N/A,N/A,N/A,,$257.50 ,$257.50 ,$515.00 ,$515.00 ,12
6220022,STOCKBRIDGE DRIVE,TOASewer,RES,PUBLIC,PUBLIC,30-Sep-09,N/A,26,$4.53 ,$117.78 ,$180.00 ,$180.00 ,$257.50 ,$437.50 ,$437.50 ,10
6220023,STOCKBRIDGE DRIVE,TOASewer,RES,PUBLIC,PUBLIC,4-Oct-11,N/A,44,$4.53 ,$199.32 ,$199.32 ,$199.32 ,$257.50 ,$456.82 ,$456.82 ,15
6220027,STOCKBRIDGE DRIVE,TOASewer,RES,PUBLIC,PUBLIC,28-Jul-15,N/A,98,$4.53 ,$443.94 ,$443.94 ,$443.94 ,$257.50 ,$701.44 ,$701.44 ,17
6220034,STOCKBRIDGE DRIVE,TOASewer,RES,PUBLIC,PUBLIC,9-Jul-12,N/A,60,$4.53 ,$271.80 ,$271.80 ,$271.80 ,$257.50 ,$529.30 ,$529.30 ,20
6220038,STOCKBRIDGE DRIVE,TOASewer,RES,PUBLIC,PUBLIC,28-Jul-15,N/A,106,$4.53 ,$480.18 ,$480.18 ,$480.18 ,$257.50 ,$737.68 ,$737.68 ,529
6220041,STOCKBRIDGE DRIVE,TOASewer,RES,PUBLIC,PUBLIC,2-May-18,N/A,130,$4.53 ,$588.90 ,$588.90 ,$588.90 ,$257.50 ,$846.40 ,$846.40 ,552
6220042,STOCKBRIDGE DRIVE,TOASewer,RES,PUBLIC,PUBLIC,17-Sep-19,N/A,96,$4.53 ,$434.88 ,$434.88 ,$434.88 ,$257.50 ,$692.38 ,$692.38 ,555
6220045,STOCKBRIDGE DRIVE,TOASewer,RES,PUBLIC,PUBLIC,12-Sep-13,N/A,82,$4.53 ,$371.46 ,$371.46 ,$371.46 ,$257.50 ,$628.96 ,$628.96 ,47
6220046,STOCKBRIDGE DRIVE,TOASewer,RES,PUBLIC,PUBLIC,17-Jun-14,N/A,58,$4.53 ,$262.74 ,$262.74 ,$262.74 ,$257.50 ,$520.24 ,$520.24 ,19
4100001,STONINGTON COURT,TOASewer,RES,PUBLIC,PUBLIC,5-Mar-12,N/A,14,$4.53 ,$63.42 ,$180.00 ,$180.00 ,$257.50 ,$437.50 ,$437.50 ,26
4100002,STONINGTON COURT,TOASewer,RES,PUBLIC,PUBLIC,9-May-13,N/A,84,$4.53 ,$380.52 ,$380.52 ,$380.52 ,$257.50 ,$638.02 ,$638.02 ,8
4100003,STONINGTON COURT,TOASewer,RES,PUBLIC,PUBLIC,24-Apr-98,N/A,18,$4.53 ,$81.54 ,$180.00 ,$180.00 ,$257.50 ,$437.50 ,$437.50 ,9
4100004,STONINGTON COURT,TOASewer,RES,PUBLIC,PUBLIC,12-Jun-95,N/A,22,$4.53 ,$99.66 ,$180.00 ,$180.00 ,$257.50 ,$437.50 ,$437.50 ,2
4100005,STONINGTON COURT,TOASewer,RES,PUBLIC,PUBLIC,5-Nov-12,N/A,24,$4.53 ,$108.72 ,$180.00 ,$180.00 ,$257.50 ,$437.50 ,$437.50 ,20
4110033,STONY CORNERS,TOASewer,RES,WELL,PRIVATE,N/A,N/A,N/A,N/A,N/A,,$257.50 ,$257.50 ,$515.00 ,$515.00 ,4
4110039,STONY CORNERS,TOASewer,RES,WELL,PRIVATE,N/A,N/A,N/A,N/A,N/A,,$257.50 ,$257.50 ,$515.00 ,$515.00 ,3
4110076,STONY CORNERS,TOASewer,RES,WELL,PRIVATE,N/A,N/A,N/A,N/A,N/A,,$257.50 ,$257.50 ,$515.00 ,$515.00 ,4
4120062,STONY CORNERS CIRCLE,TOASewer,RES,WELL,PRIVATE,N/A,N/A,N/A,N/A,N/A,,$257.50 ,$257.50 ,$515.00 ,$515.00 ,5
6470004,STRATFORD CROSSING,TOASewer,RES,PUBLIC,PUBLIC,1-Jun-17,N/A,44,$4.53 ,$199.32 ,$199.32 ,$199.32 ,$257.50 ,$456.82 ,$456.82 ,25
6470005,STRATFORD CROSSING,TOASewer,RES,PUBLIC,PUBLIC,29-Jul-20,N/A,82,$4.53 ,$371.46 ,$371.46 ,$371.46 ,$257.50 ,$628.96 ,$628.96 ,2
6470010,STRATFORD CROSSING,TOASewer,RES,PUBLIC,PUBLIC,21-Aug-19,N/A,78,$4.53 ,$353.34 ,$353.34 ,$353.34 ,$257.50 ,$610.84 ,$610.84 ,3
6470018,STRATFORD CROSSING,TOASewer,RES,PUBLIC,PUBLIC,10-Aug-21,Y,N/A,N/A,N/A,,$257.50 ,$257.50 ,$515.00 ,$515.00 ,3
6470019,STRATFORD CROSSING,TOASewer,RES,PUBLIC,PUBLIC,22-Oct-21,Y,N/A,N/A,N/A,,$257.50 ,$257.50 ,$515.00 ,$515.00 ,7
6470026,STRATFORD CROSSING,TOASewer,RES,PUBLIC,PUBLIC,15-Feb-17,N/A,146,$4.53 ,$661.38 ,$661.38 ,$661.38 ,$257.50 ,$918.88 ,$918.88 ,85
6470027,STRATFORD CROSSING,TOASewer,RES,PUBLIC,PUBLIC,16-Aug-18,N/A,56,$4.53 ,$253.68 ,$253.68 ,$253.68 ,$257.50 ,$511.18 ,$511.18 ,19
6470034,STRATFORD CROSSING,TOASewer,RES,PUBLIC,PUBLIC,29-Feb-16,N/A,70,$4.53 ,$317.10 ,$317.10 ,$317.10 ,$257.50 ,$574.60 ,$574.60 ,23
6470042,STRATFORD CROSSING,TOASewer,RES,PUBLIC,PUBLIC,9-Mar-15,N/A,64,$4.53 ,$289.92 ,$289.92 ,$289.92 ,$257.50 ,$547.42 ,$547.42 ,16
6470050,STRATFORD CROSSING,TOASewer,RES,PUBLIC,PUBLIC,3-Nov-20,N/A,66,$4.53 ,$298.98 ,$298.98 ,$298.98 ,$257.50 ,$556.48 ,$556.48 ,18
6470058,STRATFORD CROSSING,TOASewer,RES,PUBLIC,PUBLIC,31-Mar-17,N/A,40,$4.53 ,$181.20 ,$181.20 ,$181.20 ,$257.50 ,$438.70 ,$438.70 ,24
6470061,STRATFORD CROSSING,TOASewer,RES,PUBLIC,PUBLIC,6-Oct-21,Y,N/A,N/A,N/A,,$257.50 ,$257.50 ,$515.00 ,$515.00 ,1
6470064,STRATFORD CROSSING,TOASewer,RES,PUBLIC,PUBLIC,25-Jan-21,Y,N/A,N/A,N/A,,$257.50 ,$257.50 ,$515.00 ,$515.00 ,18
6470065,STRATFORD CROSSING,TOASewer,RES,PUBLIC,PUBLIC,21-Apr-21,Y,N/A,N/A,N/A,,$257.50 ,$257.50 ,$515.00 ,$515.00 ,19
6470069,STRATFORD CROSSING,TOASewer,RES,PUBLIC,PUBLIC,18-Jun-21,Y,N/A,N/A,N/A,,$257.50 ,$257.50 ,$515.00 ,$515.00 ,2
6470070,STRATFORD CROSSING,TOASewer,RES,PUBLIC,PUBLIC,8-Jun-20,N/A,50,$4.53 ,$226.50 ,$226.50 ,$226.50 ,$257.50 ,$484.00 ,$484.00 ,1
4140001,STRATHMORE LANE,TOASewer,RES,PUBLIC,PUBLIC,6-Mar-19,N/A,36,$4.53 ,$163.08 ,$180.00 ,$180.00 ,$257.50 ,$437.50 ,$437.50 ,2
4140002,STRATHMORE LANE,TOASewer,RES,PUBLIC,PUBLIC,2-Apr-20,N/A,20,$4.53 ,$90.60 ,$180.00 ,$180.00 ,$257.50 ,$437.50 ,$437.50 ,7
4140003,STRATHMORE LANE,TOASewer,RES,PUBLIC,PUBLIC,1-Oct-19,N/A,20,$4.53 ,$90.60 ,$180.00 ,$180.00 ,$257.50 ,$437.50 ,$437.50 ,8
4140004,STRATHMORE LANE,TOASewer,RES,PUBLIC,PUBLIC,15-Mar-21,Y,N/A,N/A,N/A,,$257.50 ,$257.50 ,$515.00 ,$515.00 ,18
4140005,STRATHMORE LANE,TOASewer,RES,PUBLIC,PUBLIC,13-Aug-18,N/A,26,$4.53 ,$117.78 ,$180.00 ,$180.00 ,$257.50 ,$437.50 ,$437.50 ,27
4140006,STRATHMORE LANE,TOASewer,RES,PUBLIC,PUBLIC,10-Jun-88,N/A,30,$4.53 ,$135.90 ,$180.00 ,$180.00 ,$257.50 ,$437.50 ,$437.50 ,28
4140007,STRATHMORE LANE,TOASewer,RES,PUBLIC,PUBLIC,17-Jul-20,N/A,26,$4.53 ,$117.78 ,$180.00 ,$180.00 ,$257.50 ,$437.50 ,$437.50 ,32
4140008,STRATHMORE LANE,TOASewer,RES,PUBLIC,PUBLIC,10-May-04,N/A,40,$4.53 ,$181.20 ,$181.20 ,$181.20 ,$257.50 ,$438.70 ,$438.70 ,36
4140009,STRATHMORE LANE,TOASewer,RES,PUBLIC,PUBLIC,18-Jul-11,N/A,24,$4.53 ,$108.72 ,$180.00 ,$180.00 ,$257.50 ,$437.50 ,$437.50 ,38
4140010,STRATHMORE LANE,TOASewer,RES,PUBLIC,PUBLIC,26-Jun-02,N/A,40,$4.53 ,$181.20 ,$181.20 ,$181.20 ,$257.50 ,$438.70 ,$438.70 ,40
4140011,STRATHMORE LANE,TOASewer,RES,PUBLIC,PUBLIC,23-Sep-13,N/A,28,$4.53 ,$126.84 ,$180.00 ,$180.00 ,$257.50 ,$437.50 ,$437.50 ,246
4140012,STRATHMORE LANE,TOASewer,RES,PUBLIC,PUBLIC,3-Jul-17,N/A,8,$4.53 ,$36.24 ,$180.00 ,$180.00 ,$257.50 ,$437.50 ,$437.50 ,4
4140013,STRATHMORE LANE,TOASewer,RES,PUBLIC,PUBLIC,4-Jun-09,N/A,32,$4.53 ,$144.96 ,$180.00 ,$180.00 ,$257.50 ,$437.50 ,$437.50 ,34
4140014,STRATHMORE LANE,TOASewer,RES,PUBLIC,PUBLIC,1-Jul-83,N/A,8,$4.53 ,$36.24 ,$180.00 ,$180.00 ,$257.50 ,$437.50 ,$437.50 ,5
4210002,SUNSET TRAIL,TOASewer,RES,WELL,PRIVATE,N/A,N/A,N/A,N/A,N/A,,$257.50 ,$257.50 ,$515.00 ,$515.00 ,6
4210003,SUNSET TRAIL,TOASewer,RES,WELL,PRIVATE,N/A,N/A,N/A,N/A,N/A,,$257.50 ,$257.50 ,$515.00 ,$515.00 ,2
4210008,SUNSET TRAIL,TOASewer,RES,WELL,PRIVATE,N/A,N/A,N/A,N/A,N/A,,$257.50 ,$257.50 ,$515.00 ,$515.00 ,7
4210011,SUNSET TRAIL,TOASewer,RES,WELL,PRIVATE,N/A,N/A,N/A,N/A,N/A,,$257.50 ,$257.50 ,$515.00 ,$515.00 ,8
4210016,SUNSET TRAIL,TOASewer,RES,WELL,PRIVATE,N/A,N/A,N/A,N/A,N/A,,$257.50 ,$257.50 ,$515.00 ,$515.00 ,3
4210017,SUNSET TRAIL,TOASewer,RES,WELL,PRIVATE,N/A,N/A,N/A,N/A,N/A,,$257.50 ,$257.50 ,$515.00 ,$515.00 ,24
4210018,SUNSET TRAIL,TOASewer,RES,WELL,PRIVATE,N/A,N/A,N/A,N/A,N/A,,$257.50 ,$257.50 ,$515.00 ,$515.00 ,148
4210021,SUNSET TRAIL,TOASewer,RES,WELL,PRIVATE,N/A,N/A,N/A,N/A,N/A,,$257.50 ,$257.50 ,$515.00 ,$515.00 ,46
4210022,SUNSET TRAIL,TOASewer,RES,WELL,PRIVATE,N/A,N/A,N/A,N/A,N/A,,$257.50 ,$257.50 ,$515.00 ,$515.00 ,4
4210023,SUNSET TRAIL,TOASewer,RES,WELL,PRIVATE,N/A,N/A,N/A,N/A,N/A,,$257.50 ,$257.50 ,$515.00 ,$515.00 ,8
4210024,SUNSET TRAIL,TOASewer,RES,WELL,PRIVATE,N/A,N/A,N/A,N/A,N/A,,$257.50 ,$257.50 ,$515.00 ,$515.00 ,43
4210026,SUNSET TRAIL,TOASewer,RES,WELL,PRIVATE,N/A,N/A,N/A,N/A,N/A,,$257.50 ,$257.50 ,$515.00 ,$515.00 ,76
4210032,SUNSET TRAIL,TOASewer,RES,WELL,PRIVATE,N/A,N/A,N/A,N/A,N/A,,$257.50 ,$257.50 ,$515.00 ,$515.00 ,68
4220012,SURREY LANE,TOASewer,RES,PUBLIC,PUBLIC,18-Jan-18,N/A,62,$4.53 ,$280.86 ,$280.86 ,$280.86 ,$257.50 ,$538.36 ,$538.36 ,503
4220015,SURREY LANE,TOASewer,RES,PUBLIC,PUBLIC,17-May-83,N/A,58,$4.53 ,$262.74 ,$262.74 ,$262.74 ,$257.50 ,$520.24 ,$520.24 ,559
4220036,SURREY LANE,TOASewer,RES,PUBLIC,PUBLIC,1-Jul-16,N/A,52,$4.53 ,$235.56 ,$235.56 ,$235.56 ,$257.50 ,$493.06 ,$493.06 ,1
4230001,SWEETBRIAR LANE,TOASewer,RES,PUBLIC,PUBLIC,23-May-19,N/A,18,$4.53 ,$81.54 ,$180.00 ,$180.00 ,$257.50 ,$437.50 ,$437.50 ,9
4230002,SWEETBRIAR LANE,TOASewer,RES,PUBLIC,PUBLIC,12-May-14,N/A,26,$4.53 ,$117.78 ,$180.00 ,$180.00 ,$257.50 ,$437.50 ,$437.50 ,14
4230003,SWEETBRIAR LANE,TOASewer,RES,PUBLIC,PUBLIC,22-Sep-20,N/A,0,$4.53 , $-   ,$180.00 ,$180.00 ,$257.50 ,$437.50 ,$437.50 ,20
4230004,SWEETBRIAR LANE,TOASewer,RES,PUBLIC,PUBLIC,23-Jul-13,N/A,10,$4.53 ,$45.30 ,$180.00 ,$180.00 ,$257.50 ,$437.50 ,$437.50 ,125
4230005,SWEETBRIAR LANE,TOASewer,RES,PUBLIC,PUBLIC,2-Feb-10,N/A,34,$4.53 ,$154.02 ,$180.00 ,$180.00 ,$257.50 ,$437.50 ,$437.50 ,141
4230006,SWEETBRIAR LANE,TOASewer,RES,PUBLIC,PUBLIC,19-Sep-03,N/A,26,$4.53 ,$117.78 ,$180.00 ,$180.00 ,$257.50 ,$437.50 ,$437.50 ,142
4230007,SWEETBRIAR LANE,TOASewer,RES,PUBLIC,PUBLIC,17-Jun-20,N/A,32,$4.53 ,$144.96 ,$180.00 ,$180.00 ,$257.50 ,$437.50 ,$437.50 ,147
4230008,SWEETBRIAR LANE,TOASewer,RES,PUBLIC,PUBLIC,27-May-21,Y,N/A,N/A,N/A,,$257.50 ,$257.50 ,$515.00 ,$515.00 ,150
4230009,SWEETBRIAR LANE,TOASewer,RES,PUBLIC,PUBLIC,14-Jan-86,N/A,30,$4.53 ,$135.90 ,$180.00 ,$180.00 ,$257.50 ,$437.50 ,$437.50 ,1
4230010,SWEETBRIAR LANE,TOASewer,RES,PUBLIC,PUBLIC,12-May-06,N/A,28,$4.53 ,$126.84 ,$180.00 ,$180.00 ,$257.50 ,$437.50 ,$437.50 ,2
4230011,SWEETBRIAR LANE,TOASewer,RES,PUBLIC,PUBLIC,13-Sep-19,N/A,52,$4.53 ,$235.56 ,$235.56 ,$235.56 ,$257.50 ,$493.06 ,$493.06 ,11
4230012,SWEETBRIAR LANE,TOASewer,RES,PUBLIC,PUBLIC,2-Aug-89,N/A,16,$4.53 ,$72.48 ,$180.00 ,$180.00 ,$257.50 ,$437.50 ,$437.50 ,58
4230013,SWEETBRIAR LANE,TOASewer,RES,PUBLIC,PUBLIC,24-Nov-93,N/A,50,$4.53 ,$226.50 ,$226.50 ,$226.50 ,$257.50 ,$484.00 ,$484.00 ,3
4250001,SYCAMORE LANE,TOASewer,RES,PUBLIC,PUBLIC,3-Sep-86,N/A,20,$4.53 ,$90.60 ,$180.00 ,$180.00 ,$257.50 ,$437.50 ,$437.50 ,9
4250002,SYCAMORE LANE,TOASewer,RES,PUBLIC,PUBLIC,11-Oct-06,N/A,14,$4.53 ,$63.42 ,$180.00 ,$180.00 ,$257.50 ,$437.50 ,$437.50 ,13
4250003,SYCAMORE LANE,TOASewer,RES,PUBLIC,PUBLIC,28-Jul-03,N/A,32,$4.53 ,$144.96 ,$180.00 ,$180.00 ,$257.50 ,$437.50 ,$437.50 ,2
4250004,SYCAMORE LANE,TOASewer,RES,PUBLIC,PUBLIC,23-Jul-19,N/A,6,$4.53 ,$27.18 ,$180.00 ,$180.00 ,$257.50 ,$437.50 ,$437.50 ,68
4250005,SYCAMORE LANE,TOASewer,RES,PUBLIC,PUBLIC,21-Jun-17,N/A,30,$4.53 ,$135.90 ,$180.00 ,$180.00 ,$257.50 ,$437.50 ,$437.50 ,5
4250006,SYCAMORE LANE,TOASewer,RES,PUBLIC,PUBLIC,4-Dec-96,N/A,24,$4.53 ,$108.72 ,$180.00 ,$180.00 ,$257.50 ,$437.50 ,$437.50 ,22
4250007,SYCAMORE LANE,TOASewer,RES,PUBLIC,PUBLIC,2-Jul-18,N/A,24,$4.53 ,$108.72 ,$180.00 ,$180.00 ,$257.50 ,$437.50 ,$437.50 ,71
4250008,SYCAMORE LANE,TOASewer,RES,PUBLIC,PUBLIC,3-Aug-89,N/A,10,$4.53 ,$45.30 ,$180.00 ,$180.00 ,$257.50 ,$437.50 ,$437.50 ,76
4250009,SYCAMORE LANE,TOASewer,RES,PUBLIC,PUBLIC,18-Oct-04,N/A,26,$4.53 ,$117.78 ,$180.00 ,$180.00 ,$257.50 ,$437.50 ,$437.50 ,84
4250010,SYCAMORE LANE,TOASewer,RES,PUBLIC,PUBLIC,29-Dec-15,N/A,30,$4.53 ,$135.90 ,$180.00 ,$180.00 ,$257.50 ,$437.50 ,$437.50 ,98
4250011,SYCAMORE LANE,TOASewer,RES,PUBLIC,PUBLIC,6-Dec-21,Y,N/A,N/A,N/A,,$257.50 ,$257.50 ,$515.00 ,$515.00 ,44
4250012,SYCAMORE LANE,TOASewer,RES,PUBLIC,PUBLIC,13-Mar-20,N/A,22,$4.53 ,$99.66 ,$180.00 ,$180.00 ,$257.50 ,$437.50 ,$437.50 ,48
4250013,SYCAMORE LANE,TOASewer,RES,PUBLIC,PUBLIC,27-Oct-20,N/A,16,$4.53 ,$72.48 ,$180.00 ,$180.00 ,$257.50 ,$437.50 ,$437.50 ,111
4250014,SYCAMORE LANE,TOASewer,RES,PUBLIC,PUBLIC,2-Jul-21,Y,N/A,N/A,N/A,,$257.50 ,$257.50 ,$515.00 ,$515.00 ,215
4250015,SYCAMORE LANE,TOASewer,RES,PUBLIC,PUBLIC,20-Dec-94,N/A,42,$4.53 ,$190.26 ,$190.26 ,$190.26 ,$257.50 ,$447.76 ,$447.76 ,221
4250016,SYCAMORE LANE,TOASewer,RES,PUBLIC,PUBLIC,3-Sep-20,N/A,10,$4.53 ,$45.30 ,$180.00 ,$180.00 ,$257.50 ,$437.50 ,$437.50 ,54
4250017,SYCAMORE LANE,TOASewer,RES,PUBLIC,PUBLIC,1-Aug-13,N/A,62,$4.53 ,$280.86 ,$280.86 ,$280.86 ,$257.50 ,$538.36 ,$538.36 ,94
4250018,SYCAMORE LANE,TOASewer,RES,PUBLIC,PUBLIC,22-Jul-96,N/A,58,$4.53 ,$262.74 ,$262.74 ,$262.74 ,$257.50 ,$520.24 ,$520.24 ,118
4250019,SYCAMORE LANE,TOASewer,RES,PUBLIC,PUBLIC,12-Nov-10,N/A,30,$4.53 ,$135.90 ,$180.00 ,$180.00 ,$257.50 ,$437.50 ,$437.50 ,52
4250020,SYCAMORE LANE,TOASewer,RES,PUBLIC,PUBLIC,7-Oct-88,N/A,24,$4.53 ,$108.72 ,$180.00 ,$180.00 ,$257.50 ,$437.50 ,$437.50 ,64
4250021,SYCAMORE LANE,TOASewer,RES,PUBLIC,PUBLIC,3-Apr-20,N/A,24,$4.53 ,$108.72 ,$180.00 ,$180.00 ,$257.50 ,$437.50 ,$437.50 ,31
4250022,SYCAMORE LANE,TOASewer,RES,PUBLIC,PUBLIC,18-Jul-16,N/A,28,$4.53 ,$126.84 ,$180.00 ,$180.00 ,$257.50 ,$437.50 ,$437.50 ,36
4250023,SYCAMORE LANE,TOASewer,RES,PUBLIC,PUBLIC,21-Jul-15,N/A,38,$4.53 ,$172.14 ,$180.00 ,$180.00 ,$257.50 ,$437.50 ,$437.50 ,52
4250024,SYCAMORE LANE,TOASewer,RES,PUBLIC,PUBLIC,4-Jan-13,N/A,60,$4.53 ,$271.80 ,$271.80 ,$271.80 ,$257.50 ,$529.30 ,$529.30 ,43
4250025,SYCAMORE LANE,TOASewer,RES,PUBLIC,PUBLIC,6-Aug-20,N/A,16,$4.53 ,$72.48 ,$180.00 ,$180.00 ,$257.50 ,$437.50 ,$437.50 ,3
4250026,SYCAMORE LANE,TOASewer,RES,PUBLIC,PUBLIC,31-Mar-21,Y,N/A,N/A,N/A,,$257.50 ,$257.50 ,$515.00 ,$515.00 ,8
4250027,SYCAMORE LANE,TOASewer,RES,PUBLIC,PUBLIC,30-May-14,N/A,16,$4.53 ,$72.48 ,$180.00 ,$180.00 ,$257.50 ,$437.50 ,$437.50 ,75
4250028,SYCAMORE LANE,TOASewer,RES,PUBLIC,PUBLIC,1-Jun-21,Y,N/A,N/A,N/A,,$257.50 ,$257.50 ,$515.00 ,$515.00 ,6
4250029,SYCAMORE LANE,TOASewer,RES,PUBLIC,PUBLIC,28-Aug-19,N/A,20,$4.53 ,$90.60 ,$180.00 ,$180.00 ,$257.50 ,$437.50 ,$437.50 ,4
4280009,TALL WOOD HOLLOW,TOASewer,RES,WELL,PRIVATE,N/A,N/A,N/A,N/A,N/A,,$257.50 ,$257.50 ,$515.00 ,$515.00 ,23
4290152,TAMARA CIRCLE,TOASewer,RES,WELL,PRIVATE,N/A,N/A,N/A,N/A,N/A,,$257.50 ,$257.50 ,$515.00 ,$515.00 ,25
4300003,TANGLEWOOD DRIVE,TOASewer,RES,PUBLIC,PUBLIC,1-Apr-05,N/A,40,$4.53 ,$181.20 ,$181.20 ,$181.20 ,$257.50 ,$438.70 ,$438.70 ,19
4300004,TANGLEWOOD DRIVE,TOASewer,RES,PUBLIC,PUBLIC,17-Jul-17,N/A,52,$4.53 ,$235.56 ,$235.56 ,$235.56 ,$257.50 ,$493.06 ,$493.06 ,3
4300010,TANGLEWOOD DRIVE,TOASewer,RES,PUBLIC,PUBLIC,26-Jul-95,N/A,74,$4.53 ,$335.22 ,$335.22 ,$335.22 ,$257.50 ,$592.72 ,$592.72 ,7
4300011,TANGLEWOOD DRIVE,TOASewer,RES,PUBLIC,PUBLIC,31-May-94,N/A,26,$4.53 ,$117.78 ,$180.00 ,$180.00 ,$257.50 ,$437.50 ,$437.50 ,8
4300015,TANGLEWOOD DRIVE,TOASewer,RES,PUBLIC,PUBLIC,24-Dec-12,N/A,62,$4.53 ,$280.86 ,$280.86 ,$280.86 ,$257.50 ,$538.36 ,$538.36 ,17
4300016,TANGLEWOOD DRIVE,TOASewer,RES,PUBLIC,PUBLIC,25-Aug-00,N/A,106,$4.53 ,$480.18 ,$480.18 ,$480.18 ,$257.50 ,$737.68 ,$737.68 ,25
4300020,TANGLEWOOD DRIVE,TOASewer,RES,PUBLIC,PUBLIC,1-Feb-16,N/A,58,$4.53 ,$262.74 ,$262.74 ,$262.74 ,$257.50 ,$520.24 ,$520.24 ,37
5680001,TEMPLETON COURT,TOASewer,RES,PUBLIC,PUBLIC,15-Nov-00,N/A,22,$4.53 ,$99.66 ,$180.00 ,$180.00 ,$257.50 ,$437.50 ,$437.50 ,5
5680002,TEMPLETON COURT,TOASewer,RES,PUBLIC,PUBLIC,3-Jun-20,N/A,28,$4.53 ,$126.84 ,$180.00 ,$180.00 ,$257.50 ,$437.50 ,$437.50 ,5
5680003,TEMPLETON COURT,TOASewer,RES,PUBLIC,PUBLIC,1-Jul-19,N/A,18,$4.53 ,$81.54 ,$180.00 ,$180.00 ,$257.50 ,$437.50 ,$437.50 ,25
5680004,TEMPLETON COURT,TOASewer,RES,PUBLIC,PUBLIC,29-Jan-01,N/A,48,$4.53 ,$217.44 ,$217.44 ,$217.44 ,$257.50 ,$474.94 ,$474.94 ,180
5680005,TEMPLETON COURT,TOASewer,RES,PUBLIC,PUBLIC,1-Nov-12,N/A,10,$4.53 ,$45.30 ,$180.00 ,$180.00 ,$257.50 ,$437.50 ,$437.50 ,47
5680006,TEMPLETON COURT,TOASewer,RES,PUBLIC,PUBLIC,13-Apr-15,N/A,4,$4.53 ,$18.12 ,$180.00 ,$180.00 ,$257.50 ,$437.50 ,$437.50 ,4
5680007,TEMPLETON COURT,TOASewer,RES,PUBLIC,PUBLIC,2-May-16,N/A,20,$4.53 ,$90.60 ,$180.00 ,$180.00 ,$257.50 ,$437.50 ,$437.50 ,5
5680008,TEMPLETON COURT,TOASewer,RES,PUBLIC,PUBLIC,4-Oct-21,Y,N/A,N/A,N/A,,$257.50 ,$257.50 ,$515.00 ,$515.00 ,8
5680009,TEMPLETON COURT,TOASewer,RES,PUBLIC,PUBLIC,5-Oct-20,N/A,24,$4.53 ,$108.72 ,$180.00 ,$180.00 ,$257.50 ,$437.50 ,$437.50 ,9
5680010,TEMPLETON COURT,TOASewer,RES,PUBLIC,PUBLIC,21-Jul-21,Y,N/A,N/A,N/A,,$257.50 ,$257.50 ,$515.00 ,$515.00 ,129
5680011,TEMPLETON COURT,TOASewer,RES,PUBLIC,PUBLIC,31-Oct-06,N/A,70,$4.53 ,$317.10 ,$317.10 ,$317.10 ,$257.50 ,$574.60 ,$574.60 ,176
5680012,TEMPLETON COURT,TOASewer,RES,PUBLIC,PUBLIC,28-Jul-06,N/A,8,$4.53 ,$36.24 ,$180.00 ,$180.00 ,$257.50 ,$437.50 ,$437.50 ,37
5680013,TEMPLETON COURT,TOASewer,RES,PUBLIC,PUBLIC,27-Jan-20,N/A,2,$4.53 ,$9.06 ,$180.00 ,$180.00 ,$257.50 ,$437.50 ,$437.50 ,3
4310012,TERRACE DRIVE,TOASewer,RES,PUBLIC,PUBLIC,18-Jul-73,N/A,30,$4.53 ,$135.90 ,$180.00 ,$180.00 ,$257.50 ,$437.50 ,$437.50 ,19
4310018,TERRACE DRIVE,TOASewer,RES,PUBLIC,PUBLIC,17-Jul-01,N/A,36,$4.53 ,$163.08 ,$180.00 ,$180.00 ,$257.50 ,$437.50 ,$437.50 ,4
4310021,TERRACE DRIVE,TOASewer,RES,PUBLIC,PUBLIC,29-Aug-13,N/A,36,$4.53 ,$163.08 ,$180.00 ,$180.00 ,$257.50 ,$437.50 ,$437.50 ,8
4310024,TERRACE DRIVE,TOASewer,RES,PUBLIC,PUBLIC,8-Jul-04,N/A,84,$4.53 ,$380.52 ,$380.52 ,$380.52 ,$257.50 ,$638.02 ,$638.02 ,11
4310032,TERRACE DRIVE,TOASewer,RES,PUBLIC,PUBLIC,1-May-07,N/A,96,$4.53 ,$434.88 ,$434.88 ,$434.88 ,$257.50 ,$692.38 ,$692.38 ,14
6360007,TERRYS RIDGE,TOASewer,RES,PUBLIC,PUBLIC,31-Mar-16,N/A,32,$4.53 ,$144.96 ,$180.00 ,$180.00 ,$257.50 ,$437.50 ,$437.50 ,26
6360014,TERRYS RIDGE,TOASewer,RES,PUBLIC,PUBLIC,28-Jan-13,N/A,120,$4.53 ,$543.60 ,$543.60 ,$543.60 ,$257.50 ,$801.10 ,$801.10 ,28
6360015,TERRYS RIDGE,TOASewer,RES,PUBLIC,PUBLIC,31-Jul-14,N/A,88,$4.53 ,$398.64 ,$398.64 ,$398.64 ,$257.50 ,$656.14 ,$656.14 ,8
6360021,TERRYS RIDGE,TOASewer,RES,PUBLIC,PUBLIC,19-Nov-12,N/A,66,$4.53 ,$298.98 ,$298.98 ,$298.98 ,$257.50 ,$556.48 ,$556.48 ,10
6360022,TERRYS RIDGE,TOASewer,RES,PUBLIC,PUBLIC,2-Dec-19,N/A,58,$4.53 ,$262.74 ,$262.74 ,$262.74 ,$257.50 ,$520.24 ,$520.24 ,4
5190001,THISTLE HOLLOW,TOASewer,RES,PUBLIC,PUBLIC,29-Jun-99,N/A,12,$4.53 ,$54.36 ,$180.00 ,$180.00 ,$257.50 ,$437.50 ,$437.50 ,6
5190002,THISTLE HOLLOW,TOASewer,RES,PUBLIC,PUBLIC,16-Apr-10,N/A,42,$4.53 ,$190.26 ,$190.26 ,$190.26 ,$257.50 ,$447.76 ,$447.76 ,25
5190003,THISTLE HOLLOW,TOASewer,RES,PUBLIC,PUBLIC,8-Oct-99,N/A,0,$4.53 , $-   ,$180.00 ,$180.00 ,$257.50 ,$437.50 ,$437.50 ,12
5190004,THISTLE HOLLOW,TOASewer,RES,PUBLIC,PUBLIC,5-Apr-21,Y,N/A,N/A,N/A,,$257.50 ,$257.50 ,$515.00 ,$515.00 ,58
5190005,THISTLE HOLLOW,TOASewer,RES,PUBLIC,PUBLIC,31-Mar-20,N/A,26,$4.53 ,$117.78 ,$180.00 ,$180.00 ,$257.50 ,$437.50 ,$437.50 ,61
5190006,THISTLE HOLLOW,TOASewer,RES,PUBLIC,PUBLIC,8-Dec-21,Y,N/A,N/A,N/A,,$257.50 ,$257.50 ,$515.00 ,$515.00 ,2
5190007,THISTLE HOLLOW,TOASewer,RES,PUBLIC,PUBLIC,29-Apr-16,N/A,22,$4.53 ,$99.66 ,$180.00 ,$180.00 ,$257.50 ,$437.50 ,$437.50 ,5
5190008,THISTLE HOLLOW,TOASewer,RES,PUBLIC,PUBLIC,13-Oct-04,N/A,44,$4.53 ,$199.32 ,$199.32 ,$199.32 ,$257.50 ,$456.82 ,$456.82 ,14
5190009,THISTLE HOLLOW,TOASewer,RES,PUBLIC,PUBLIC,15-Jul-13,N/A,38,$4.53 ,$172.14 ,$180.00 ,$180.00 ,$257.50 ,$437.50 ,$437.50 ,17
5190010,THISTLE HOLLOW,TOASewer,RES,PUBLIC,PUBLIC,31-May-05,N/A,30,$4.53 ,$135.90 ,$180.00 ,$180.00 ,$257.50 ,$437.50 ,$437.50 ,14
5190011,THISTLE HOLLOW,TOASewer,RES,PUBLIC,PUBLIC,19-Aug-19,N/A,28,$4.53 ,$126.84 ,$180.00 ,$180.00 ,$257.50 ,$437.50 ,$437.50 ,1
5190012,THISTLE HOLLOW,TOASewer,RES,PUBLIC,PUBLIC,31-Aug-00,N/A,28,$4.53 ,$126.84 ,$180.00 ,$180.00 ,$257.50 ,$437.50 ,$437.50 ,72
5190013,THISTLE HOLLOW,TOASewer,RES,PUBLIC,PUBLIC,19-Jul-19,N/A,18,$4.53 ,$81.54 ,$180.00 ,$180.00 ,$257.50 ,$437.50 ,$437.50 ,101
5190014,THISTLE HOLLOW,TOASewer,RES,PUBLIC,PUBLIC,26-Oct-07,N/A,102,$4.53 ,$462.06 ,$462.06 ,$462.06 ,$257.50 ,$719.56 ,$719.56 ,108
5190015,THISTLE HOLLOW,TOASewer,RES,PUBLIC,PUBLIC,11-Oct-01,N/A,36,$4.53 ,$163.08 ,$180.00 ,$180.00 ,$257.50 ,$437.50 ,$437.50 ,16
5190016,THISTLE HOLLOW,TOASewer,RES,PUBLIC,PUBLIC,17-Nov-06,N/A,16,$4.53 ,$72.48 ,$180.00 ,$180.00 ,$257.50 ,$437.50 ,$437.50 ,24
5190017,THISTLE HOLLOW,TOASewer,RES,PUBLIC,PUBLIC,2-Nov-15,N/A,102,$4.53 ,$462.06 ,$462.06 ,$462.06 ,$257.50 ,$719.56 ,$719.56 ,35
5190018,THISTLE HOLLOW,TOASewer,RES,PUBLIC,PUBLIC,27-Apr-17,N/A,26,$4.53 ,$117.78 ,$180.00 ,$180.00 ,$257.50 ,$437.50 ,$437.50 ,49
5190019,THISTLE HOLLOW,TOASewer,RES,PUBLIC,PUBLIC,20-May-03,N/A,40,$4.53 ,$181.20 ,$181.20 ,$181.20 ,$257.50 ,$438.70 ,$438.70 ,5
5190020,THISTLE HOLLOW,TOASewer,RES,PUBLIC,PUBLIC,30-Apr-03,N/A,40,$4.53 ,$181.20 ,$181.20 ,$181.20 ,$257.50 ,$438.70 ,$438.70 ,6
4970006,THORNWOOD LANE,TOASewer,RES,PUBLIC,PUBLIC,13-Dec-21,Y,N/A,N/A,N/A,,$257.50 ,$257.50 ,$515.00 ,$515.00 ,10
4970012,THORNWOOD LANE,TOASewer,RES,PUBLIC,PUBLIC,26-Jan-98,N/A,72,$4.53 ,$326.16 ,$326.16 ,$326.16 ,$257.50 ,$583.66 ,$583.66 ,14
4970015,THORNWOOD LANE,TOASewer,RES,PUBLIC,PUBLIC,14-Aug-20,N/A,46,$4.53 ,$208.38 ,$208.38 ,$208.38 ,$257.50 ,$465.88 ,$465.88 ,2
4970021,THORNWOOD LANE,TOASewer,RES,PUBLIC,PUBLIC,11-Dec-19,N/A,58,$4.53 ,$262.74 ,$262.74 ,$262.74 ,$257.50 ,$520.24 ,$520.24 ,10
4970024,THORNWOOD LANE,TOASewer,RES,PUBLIC,PUBLIC,18-Mar-11,N/A,48,$4.53 ,$217.44 ,$217.44 ,$217.44 ,$257.50 ,$474.94 ,$474.94 ,16
4970025,THORNWOOD LANE,TOASewer,RES,PUBLIC,PUBLIC,17-Jun-21,Y,N/A,N/A,N/A,,$257.50 ,$257.50 ,$515.00 ,$515.00 ,75
4970028,THORNWOOD LANE,TOASewer,RES,PUBLIC,PUBLIC,20-May-20,N/A,30,$4.53 ,$135.90 ,$180.00 ,$180.00 ,$257.50 ,$437.50 ,$437.50 ,8
4340040,TIMBER LANE,TOASewer,RES,PUBLIC,PUBLIC,14-Jun-13,N/A,46,$4.53 ,$208.38 ,$208.38 ,$208.38 ,$257.50 ,$465.88 ,$465.88 ,7
4340045,TIMBER LANE,TOASewer,RES,PUBLIC,PUBLIC,17-Aug-79,N/A,32,$4.53 ,$144.96 ,$180.00 ,$180.00 ,$257.50 ,$437.50 ,$437.50 ,127
4340046,TIMBER LANE,TOASewer,RES,PUBLIC,PUBLIC,14-May-20,N/A,66,$4.53 ,$298.98 ,$298.98 ,$298.98 ,$257.50 ,$556.48 ,$556.48 ,18
4340054,TIMBER LANE,TOASewer,RES,PUBLIC,PUBLIC,9-Jul-79,N/A,20,$4.53 ,$90.60 ,$180.00 ,$180.00 ,$257.50 ,$437.50 ,$437.50 ,19
4340055,TIMBER LANE,TOASewer,RES,PUBLIC,PUBLIC,4-Aug-92,N/A,76,$4.53 ,$344.28 ,$344.28 ,$344.28 ,$257.50 ,$601.78 ,$601.78 ,64
4340060,TIMBER LANE,TOASewer,RES,PUBLIC,PUBLIC,22-Aug-94,N/A,72,$4.53 ,$326.16 ,$326.16 ,$326.16 ,$257.50 ,$583.66 ,$583.66 ,15
4340061,TIMBER LANE,TOASewer,RES,PUBLIC,PUBLIC,24-Jun-88,N/A,36,$4.53 ,$163.08 ,$180.00 ,$180.00 ,$257.50 ,$437.50 ,$437.50 ,61
4340066,TIMBER LANE,TOASewer,RES,PUBLIC,PUBLIC,26-Apr-12,N/A,46,$4.53 ,$208.38 ,$208.38 ,$208.38 ,$257.50 ,$465.88 ,$465.88 ,65
4340067,TIMBER LANE,TOASewer,RES,PUBLIC,PUBLIC,29-Dec-97,N/A,2,$4.53 ,$9.06 ,$180.00 ,$180.00 ,$257.50 ,$437.50 ,$437.50 ,69
4340073,TIMBER LANE,TOASewer,RES,PUBLIC,PUBLIC,14-Mar-03,N/A,32,$4.53 ,$144.96 ,$180.00 ,$180.00 ,$257.50 ,$437.50 ,$437.50 ,6
4340074,TIMBER LANE,TOASewer,RES,PUBLIC,PUBLIC,15-Sep-14,N/A,46,$4.53 ,$208.38 ,$208.38 ,$208.38 ,$257.50 ,$465.88 ,$465.88 ,
4340078,TIMBER LANE,TOASewer,RES,PUBLIC,PUBLIC,28-Jan-77,N/A,10,$4.53 ,$45.30 ,$180.00 ,$180.00 ,$257.50 ,$437.50 ,$437.50 ,
4340085,TIMBER LANE,TOASewer,RES,PUBLIC,PUBLIC,7-Nov-05,N/A,84,$4.53 ,$380.52 ,$380.52 ,$380.52 ,$257.50 ,$638.02 ,$638.02 ,
4340086,TIMBER LANE,TOASewer,RES,PUBLIC,PUBLIC,1-Jul-02,N/A,44,$4.53 ,$199.32 ,$199.32 ,$199.32 ,$257.50 ,$456.82 ,$456.82 ,
4350005,TIMOTHY WAY,TOASewer,RES,PUBLIC,PUBLIC,6-Jul-11,N/A,60,$4.53 ,$271.80 ,$271.80 ,$271.80 ,$257.50 ,$529.30 ,$529.30 ,
4350006,TIMOTHY WAY,TOASewer,RES,PUBLIC,PUBLIC,2-Jun-95,N/A,38,$4.53 ,$172.14 ,$180.00 ,$180.00 ,$257.50 ,$437.50 ,$437.50 ,
4350010,TIMOTHY WAY,TOASewer,RES,PUBLIC,PUBLIC,27-May-94,N/A,120,$4.53 ,$543.60 ,$543.60 ,$543.60 ,$257.50 ,$801.10 ,$801.10 ,
4350011,TIMOTHY WAY,TOASewer,RES,PUBLIC,PUBLIC,12-May-93,N/A,40,$4.53 ,$181.20 ,$181.20 ,$181.20 ,$257.50 ,$438.70 ,$438.70 ,
4350019,TIMOTHY WAY,TOASewer,RES,PUBLIC,PUBLIC,26-Aug-10,N/A,24,$4.53 ,$108.72 ,$180.00 ,$180.00 ,$257.50 ,$437.50 ,$437.50 ,
4350020,TIMOTHY WAY,TOASewer,RES,PUBLIC,PUBLIC,2-Aug-99,N/A,82,$4.53 ,$371.46 ,$371.46 ,$371.46 ,$257.50 ,$628.96 ,$628.96 ,
4350023,TIMOTHY WAY,TOASewer,RES,PUBLIC,PUBLIC,8-Oct-15,N/A,86,$4.53 ,$389.58 ,$389.58 ,$389.58 ,$257.50 ,$647.08 ,$647.08 ,
4360005,TOLL GATE LANE,TOASewer,RES,PUBLIC,PUBLIC,29-Jul-11,N/A,56,$4.53 ,$253.68 ,$253.68 ,$253.68 ,$257.50 ,$511.18 ,$511.18 ,
4360009,TOLL GATE LANE,TOASewer,RES,PUBLIC,PUBLIC,27-Jul-78,N/A,8,$4.53 ,$36.24 ,$180.00 ,$180.00 ,$257.50 ,$437.50 ,$437.50 ,
4360015,TOLL GATE LANE,TOASewer,RES,PUBLIC,PUBLIC,1-Jun-01,N/A,46,$4.53 ,$208.38 ,$208.38 ,$208.38 ,$257.50 ,$465.88 ,$465.88 ,
4360022,TOLL GATE LANE,TOASewer,RES,PUBLIC,PUBLIC,4-Oct-05,N/A,28,$4.53 ,$126.84 ,$180.00 ,$180.00 ,$257.50 ,$437.50 ,$437.50 ,
4360025,TOLL GATE LANE,TOASewer,RES,PUBLIC,PUBLIC,29-Jan-02,N/A,22,$4.53 ,$99.66 ,$180.00 ,$180.00 ,$257.50 ,$437.50 ,$437.50 ,
4360028,TOLL GATE LANE,TOASewer,RES,PUBLIC,PUBLIC,18-Jul-96,N/A,48,$4.53 ,$217.44 ,$217.44 ,$217.44 ,$257.50 ,$474.94 ,$474.94 ,
4360029,TOLL GATE LANE,TOASewer,RES,PUBLIC,PUBLIC,20-Aug-18,N/A,42,$4.53 ,$190.26 ,$190.26 ,$190.26 ,$257.50 ,$447.76 ,$447.76 ,
4360034,TOLL GATE LANE,TOASewer,RES,PUBLIC,PUBLIC,8-Feb-91,N/A,96,$4.53 ,$434.88 ,$434.88 ,$434.88 ,$257.50 ,$692.38 ,$692.38 ,
4360035,TOLL GATE LANE,TOASewer,RES,PUBLIC,PUBLIC,4-Dec-89,N/A,52,$4.53 ,$235.56 ,$235.56 ,$235.56 ,$257.50 ,$493.06 ,$493.06 ,
4360040,TOLL GATE LANE,TOASewer,RES,PUBLIC,PUBLIC,8-Jul-83,N/A,22,$4.53 ,$99.66 ,$180.00 ,$180.00 ,$257.50 ,$437.50 ,$437.50 ,
4360041,TOLL GATE LANE,TOASewer,RES,PUBLIC,PUBLIC,27-Oct-15,N/A,68,$4.53 ,$308.04 ,$308.04 ,$308.04 ,$257.50 ,$565.54 ,$565.54 ,
4360046,TOLL GATE LANE,TOASewer,RES,PUBLIC,PUBLIC,3-Nov-83,N/A,28,$4.53 ,$126.84 ,$180.00 ,$180.00 ,$257.50 ,$437.50 ,$437.50 ,
4360047,TOLL GATE LANE,TOASewer,RES,PUBLIC,PUBLIC,19-Jun-87,N/A,46,$4.53 ,$208.38 ,$208.38 ,$208.38 ,$257.50 ,$465.88 ,$465.88 ,
4360053,TOLL GATE LANE,TOASewer,RES,PUBLIC,PUBLIC,31-Jul-17,N/A,84,$4.53 ,$380.52 ,$380.52 ,$380.52 ,$257.50 ,$638.02 ,$638.02 ,
4360054,TOLL GATE LANE,TOASewer,RES,PUBLIC,PUBLIC,28-Jun-18,N/A,72,$4.53 ,$326.16 ,$326.16 ,$326.16 ,$257.50 ,$583.66 ,$583.66 ,
4360059,TOLL GATE LANE,TOASewer,RES,PUBLIC,PUBLIC,25-Nov-02,N/A,30,$4.53 ,$135.90 ,$180.00 ,$180.00 ,$257.50 ,$437.50 ,$437.50 ,
4360060,TOLL GATE LANE,TOASewer,RES,PUBLIC,PUBLIC,9-Mar-20,N/A,66,$4.53 ,$298.98 ,$298.98 ,$298.98 ,$257.50 ,$556.48 ,$556.48 ,
4360065,TOLL GATE LANE,TOASewer,RES,PUBLIC,PUBLIC,31-May-88,N/A,20,$4.53 ,$90.60 ,$180.00 ,$180.00 ,$257.50 ,$437.50 ,$437.50 ,
4360066,TOLL GATE LANE,TOASewer,RES,PUBLIC,PUBLIC,6-Dec-83,N/A,90,$4.53 ,$407.70 ,$407.70 ,$407.70 ,$257.50 ,$665.20 ,$665.20 ,
4360070,TOLL GATE LANE,TOASewer,RES,PUBLIC,PUBLIC,26-Aug-91,N/A,68,$4.53 ,$308.04 ,$308.04 ,$308.04 ,$257.50 ,$565.54 ,$565.54 ,
4360071,TOLL GATE LANE,TOASewer,RES,PUBLIC,PUBLIC,25-Oct-99,N/A,38,$4.53 ,$172.14 ,$180.00 ,$180.00 ,$257.50 ,$437.50 ,$437.50 ,
4360075,TOLL GATE LANE,TOASewer,RES,PUBLIC,PUBLIC,2-Nov-84,N/A,38,$4.53 ,$172.14 ,$180.00 ,$180.00 ,$257.50 ,$437.50 ,$437.50 ,
4380010,TOWPATH LANE,TOASewer,RES,PUBLIC,PUBLIC,7-Aug-63,N/A,42,$4.53 ,$190.26 ,$190.26 ,$190.26 ,$257.50 ,$447.76 ,$447.76 ,
4380012,TOWPATH LANE,TOASewer,RES,PUBLIC,PUBLIC,26-Dec-90,N/A,16,$4.53 ,$72.48 ,$180.00 ,$180.00 ,$257.50 ,$437.50 ,$437.50 ,
5300009,TURNBERRY LANE,TOASewer,RES,PUBLIC,PUBLIC,16-Jun-20,N/A,46,$4.53 ,$208.38 ,$208.38 ,$208.38 ,$257.50 ,$465.88 ,$465.88 ,
5300012,TURNBERRY LANE,TOASewer,RES,PUBLIC,PUBLIC,4-Jun-21,Y,N/A,N/A,N/A,,$257.50 ,$257.50 ,$515.00 ,$515.00 ,
5300015,TURNBERRY LANE,TOASewer,RES,PUBLIC,PUBLIC,1-Aug-13,N/A,46,$4.53 ,$208.38 ,$208.38 ,$208.38 ,$257.50 ,$465.88 ,$465.88 ,
4390001,TWIN OAK COURT,TOASewer,RES,PUBLIC,PUBLIC,13-Jul-18,N/A,26,$4.53 ,$117.78 ,$180.00 ,$180.00 ,$257.50 ,$437.50 ,$437.50 ,
4390002,TWIN OAK COURT,TOASewer,RES,PUBLIC,PUBLIC,12-Jun-07,N/A,20,$4.53 ,$90.60 ,$180.00 ,$180.00 ,$257.50 ,$437.50 ,$437.50 ,
4390003,TWIN OAK COURT,TOASewer,RES,PUBLIC,PUBLIC,1-May-02,N/A,22,$4.53 ,$99.66 ,$180.00 ,$180.00 ,$257.50 ,$437.50 ,$437.50 ,
4390004,TWIN OAK COURT,TOASewer,RES,PUBLIC,PUBLIC,11-Jan-11,N/A,74,$4.53 ,$335.22 ,$335.22 ,$335.22 ,$257.50 ,$592.72 ,$592.72 ,
4390005,TWIN OAK COURT,TOASewer,RES,PUBLIC,PUBLIC,26-Oct-04,N/A,20,$4.53 ,$90.60 ,$180.00 ,$180.00 ,$257.50 ,$437.50 ,$437.50 ,
4390006,TWIN OAK COURT,TOASewer,RES,PUBLIC,PUBLIC,23-Dec-19,N/A,0,$4.53 , $-   ,$180.00 ,$180.00 ,$257.50 ,$437.50 ,$437.50 ,
4390007,TWIN OAK COURT,TOASewer,RES,PUBLIC,PUBLIC,26-Feb-10,N/A,4,$4.53 ,$18.12 ,$180.00 ,$180.00 ,$257.50 ,$437.50 ,$437.50 ,
4390008,TWIN OAK COURT,TOASewer,RES,PUBLIC,PUBLIC,1-Jul-98,N/A,14,$4.53 ,$63.42 ,$180.00 ,$180.00 ,$257.50 ,$437.50 ,$437.50 ,
4830005,TYLER COURT,TOASewer,RES,PUBLIC,PUBLIC,7-Sep-11,N/A,46,$4.53 ,$208.38 ,$208.38 ,$208.38 ,$257.50 ,$465.88 ,$465.88 ,
4830011,TYLER COURT,TOASewer,RES,PUBLIC,PUBLIC,16-Apr-03,N/A,114,$4.53 ,$516.42 ,$516.42 ,$516.42 ,$257.50 ,$773.92 ,$773.92 ,
4830014,TYLER COURT,TOASewer,RES,PUBLIC,PUBLIC,21-Jul-17,N/A,56,$4.53 ,$253.68 ,$253.68 ,$253.68 ,$257.50 ,$511.18 ,$511.18 ,
4830017,TYLER COURT,TOASewer,RES,PUBLIC,PUBLIC,25-Jun-15,N/A,48,$4.53 ,$217.44 ,$217.44 ,$217.44 ,$257.50 ,$474.94 ,$474.94 ,
4830023,TYLER COURT,TOASewer,RES,PUBLIC,PUBLIC,21-Mar-11,N/A,12,$4.53 ,$54.36 ,$180.00 ,$180.00 ,$257.50 ,$437.50 ,$437.50 ,
4830029,TYLER COURT,TOASewer,RES,PUBLIC,PUBLIC,21-Nov-05,N/A,60,$4.53 ,$271.80 ,$271.80 ,$271.80 ,$257.50 ,$529.30 ,$529.30 ,
4830030,TYLER COURT,TOASewer,RES,PUBLIC,PUBLIC,22-Sep-20,N/A,62,$4.53 ,$280.86 ,$280.86 ,$280.86 ,$257.50 ,$538.36 ,$538.36 ,
4830034,TYLER COURT,TOASewer,RES,PUBLIC,PUBLIC,3-May-12,N/A,84,$4.53 ,$380.52 ,$380.52 ,$380.52 ,$257.50 ,$638.02 ,$638.02 ,
4830035,TYLER COURT,TOASewer,RES,PUBLIC,PUBLIC,20-Aug-18,N/A,104,$4.53 ,$471.12 ,$471.12 ,$471.12 ,$257.50 ,$728.62 ,$728.62 ,
4830040,TYLER COURT,TOASewer,RES,PUBLIC,PUBLIC,31-Jan-18,N/A,66,$4.53 ,$298.98 ,$298.98 ,$298.98 ,$257.50 ,$556.48 ,$556.48 ,
4830041,TYLER COURT,TOASewer,RES,PUBLIC,PUBLIC,24-Aug-04,N/A,68,$4.53 ,$308.04 ,$308.04 ,$308.04 ,$257.50 ,$565.54 ,$565.54 ,
4830046,TYLER COURT,TOASewer,RES,PUBLIC,PUBLIC,30-May-13,N/A,70,$4.53 ,$317.10 ,$317.10 ,$317.10 ,$257.50 ,$574.60 ,$574.60 ,
4830049,TYLER COURT,TOASewer,RES,PUBLIC,PUBLIC,1-Oct-13,N/A,64,$4.53 ,$289.92 ,$289.92 ,$289.92 ,$257.50 ,$547.42 ,$547.42 ,
4830052,TYLER COURT,TOASewer,RES,PUBLIC,PUBLIC,6-Sep-19,N/A,38,$4.53 ,$172.14 ,$180.00 ,$180.00 ,$257.50 ,$437.50 ,$437.50 ,
4830053,TYLER COURT,TOASewer,RES,PUBLIC,PUBLIC,13-Jun-02,N/A,40,$4.53 ,$181.20 ,$181.20 ,$181.20 ,$257.50 ,$438.70 ,$438.70 ,
4830058,TYLER COURT,TOASewer,RES,PUBLIC,PUBLIC,17-Nov-21,Y,N/A,N/A,N/A,,$257.50 ,$257.50 ,$515.00 ,$515.00 ,
4830061,TYLER COURT,TOASewer,RES,PUBLIC,PUBLIC,30-Jul-21,Y,N/A,N/A,N/A,,$257.50 ,$257.50 ,$515.00 ,$515.00 ,
4830064,TYLER COURT,TOASewer,RES,PUBLIC,PUBLIC,9-Aug-04,N/A,58,$4.53 ,$262.74 ,$262.74 ,$262.74 ,$257.50 ,$520.24 ,$520.24 ,
4830069,TYLER COURT,TOASewer,RES,PUBLIC,PUBLIC,24-Aug-04,N/A,34,$4.53 ,$154.02 ,$180.00 ,$180.00 ,$257.50 ,$437.50 ,$437.50 ,
4830073,TYLER COURT,TOASewer,RES,PUBLIC,PUBLIC,2-Dec-16,N/A,96,$4.53 ,$434.88 ,$434.88 ,$434.88 ,$257.50 ,$692.38 ,$692.38 ,
4830076,TYLER COURT,TOASewer,RES,PUBLIC,PUBLIC,14-Jun-10,N/A,94,$4.53 ,$425.82 ,$425.82 ,$425.82 ,$257.50 ,$683.32 ,$683.32 ,
4830077,TYLER COURT,TOASewer,RES,PUBLIC,PUBLIC,27-Jun-01,N/A,40,$4.53 ,$181.20 ,$181.20 ,$181.20 ,$257.50 ,$438.70 ,$438.70 ,
4830085,TYLER COURT,TOASewer,RES,PUBLIC,PUBLIC,28-May-13,N/A,134,$4.53 ,$607.02 ,$607.02 ,$607.02 ,$257.50 ,$864.52 ,$864.52 ,
4830095,TYLER COURT,TOASewer,RES,PUBLIC,PUBLIC,21-Jul-14,N/A,94,$4.53 ,$425.82 ,$425.82 ,$425.82 ,$257.50 ,$683.32 ,$683.32 ,
4420074,VERMILLION DRIVE,TOASewer,RES,WELL,PRIVATE,N/A,N/A,N/A,N/A,N/A,,$257.50 ,$257.50 ,$515.00 ,$515.00 ,
4420082,VERMILLION DRIVE,TOASewer,RES,WELL,PRIVATE,N/A,N/A,N/A,N/A,N/A,,$257.50 ,$257.50 ,$515.00 ,$515.00 ,
4420094,VERMILLION DRIVE,TOASewer,RES,WELL,PRIVATE,N/A,N/A,N/A,N/A,N/A,,$257.50 ,$257.50 ,$515.00 ,$515.00 ,
4420101,VERMILLION DRIVE,TOASewer,RES,WELL,PRIVATE,N/A,N/A,N/A,N/A,N/A,,$257.50 ,$257.50 ,$515.00 ,$515.00 ,
4420108,VERMILLION DRIVE,TOASewer,RES,WELL,PRIVATE,N/A,N/A,N/A,N/A,N/A,,$257.50 ,$257.50 ,$515.00 ,$515.00 ,
4420125,VERMILLION DRIVE,TOASewer,RES,WELL,PRIVATE,N/A,N/A,N/A,N/A,N/A,,$257.50 ,$257.50 ,$515.00 ,$515.00 ,
4430020,VERVILLE ROAD,TOASewer,RES,PUBLIC,PUBLIC,7-Dec-20,N/A,72,$4.53 ,$326.16 ,$326.16 ,$326.16 ,$257.50 ,$583.66 ,$583.66 ,
4430027,VERVILLE ROAD,TOASewer,RES,WELL,PRIVATE,N/A,N/A,N/A,N/A,N/A,,$257.50 ,$257.50 ,$515.00 ,$515.00 ,
4430030,VERVILLE ROAD,TOASewer,RES,PUBLIC,PUBLIC,12-Aug-19,N/A,18,$4.53 ,$81.54 ,$180.00 ,$180.00 ,$257.50 ,$437.50 ,$437.50 ,
4430034,VERVILLE ROAD,TOASewer,RES,WELL,PRIVATE,N/A,N/A,N/A,N/A,N/A,,$257.50 ,$257.50 ,$515.00 ,$515.00 ,
4430035,VERVILLE ROAD,TOASewer,RES,WELL,PRIVATE,N/A,N/A,N/A,N/A,N/A,,$257.50 ,$257.50 ,$515.00 ,$515.00 ,
4430038,VERVILLE ROAD,TOASewer,RES,WELL,PRIVATE,N/A,N/A,N/A,N/A,N/A,,$257.50 ,$257.50 ,$515.00 ,$515.00 ,
4430056,VERVILLE ROAD,TOASewer,RES,WELL,PRIVATE,N/A,N/A,N/A,N/A,N/A,,$257.50 ,$257.50 ,$515.00 ,$515.00 ,
4430065,VERVILLE ROAD,TOASewer,RES,WELL,PRIVATE,N/A,N/A,N/A,N/A,N/A,,$257.50 ,$257.50 ,$515.00 ,$515.00 ,
4440001,VISTA TERRACE,TOASewer,RES,PUBLIC,PUBLIC,20-Dec-13,N/A,80,$4.53 ,$362.40 ,$362.40 ,$362.40 ,$257.50 ,$619.90 ,$619.90 ,
4440002,VISTA TERRACE,TOASewer,RES,PUBLIC,PUBLIC,16-Sep-97,N/A,10,$4.53 ,$45.30 ,$180.00 ,$180.00 ,$257.50 ,$437.50 ,$437.50 ,
4440003,VISTA TERRACE,TOASewer,RES,PUBLIC,PUBLIC,5-Apr-02,N/A,48,$4.53 ,$217.44 ,$217.44 ,$217.44 ,$257.50 ,$474.94 ,$474.94 ,
4440004,VISTA TERRACE,TOASewer,RES,PUBLIC,PUBLIC,16-Mar-18,N/A,30,$4.53 ,$135.90 ,$180.00 ,$180.00 ,$257.50 ,$437.50 ,$437.50 ,
4440005,VISTA TERRACE,TOASewer,RES,PUBLIC,PUBLIC,30-Apr-19,N/A,34,$4.53 ,$154.02 ,$180.00 ,$180.00 ,$257.50 ,$437.50 ,$437.50 ,
4440006,VISTA TERRACE,TOASewer,RES,PUBLIC,PUBLIC,18-Dec-17,N/A,26,$4.53 ,$117.78 ,$180.00 ,$180.00 ,$257.50 ,$437.50 ,$437.50 ,
4450002,VOLOVSKI ROAD,TOASewer,RES,PUBLIC,PUBLIC,7-Oct-75,N/A,46,$4.53 ,$208.38 ,$208.38 ,$208.38 ,$257.50 ,$465.88 ,$465.88 ,
4450010,VOLOVSKI ROAD,TOASewer,RES,WELL,PRIVATE,N/A,N/A,N/A,N/A,N/A,,$257.50 ,$257.50 ,$515.00 ,$515.00 ,
4450011,VOLOVSKI ROAD,TOASewer,RES,WELL,PRIVATE,N/A,N/A,N/A,N/A,N/A,,$257.50 ,$257.50 ,$515.00 ,$515.00 ,
4450018,VOLOVSKI ROAD,TOASewer,RES,WELL,PRIVATE,N/A,N/A,N/A,N/A,N/A,,$257.50 ,$257.50 ,$515.00 ,$515.00 ,
4450025,VOLOVSKI ROAD,TOASewer,RES,PUBLIC,PUBLIC,1-Jul-13,N/A,64,$4.53 ,$289.92 ,$289.92 ,$289.92 ,$257.50 ,$547.42 ,$547.42 ,
4450033,VOLOVSKI ROAD,TOASewer,RES,PUBLIC,PUBLIC,4-Dec-15,N/A,66,$4.53 ,$298.98 ,$298.98 ,$298.98 ,$257.50 ,$556.48 ,$556.48 ,
4460005,WAGON HILL LANE,TOASewer,RES,PUBLIC,PUBLIC,31-Jan-20,N/A,36,$4.53 ,$163.08 ,$180.00 ,$180.00 ,$257.50 ,$437.50 ,$437.50 ,
4460006,WAGON HILL LANE,TOASewer,RES,PUBLIC,PUBLIC,27-Jan-94,N/A,4,$4.53 ,$18.12 ,$180.00 ,$180.00 ,$257.50 ,$437.50 ,$437.50 ,
4460011,WAGON HILL LANE,TOASewer,RES,PUBLIC,PUBLIC,27-Dec-10,N/A,20,$4.53 ,$90.60 ,$180.00 ,$180.00 ,$257.50 ,$437.50 ,$437.50 ,
4460018,WAGON HILL LANE,TOASewer,RES,PUBLIC,PUBLIC,7-Jul-00,N/A,58,$4.53 ,$262.74 ,$262.74 ,$262.74 ,$257.50 ,$520.24 ,$520.24 ,
4460019,WAGON HILL LANE,TOASewer,RES,PUBLIC,PUBLIC,2-Jun-86,N/A,38,$4.53 ,$172.14 ,$180.00 ,$180.00 ,$257.50 ,$437.50 ,$437.50 ,
4460024,WAGON HILL LANE,TOASewer,RES,PUBLIC,PUBLIC,27-Aug-18,N/A,60,$4.53 ,$271.80 ,$271.80 ,$271.80 ,$257.50 ,$529.30 ,$529.30 ,
4460025,WAGON HILL LANE,TOASewer,RES,PUBLIC,PUBLIC,31-Aug-06,N/A,34,$4.53 ,$154.02 ,$180.00 ,$180.00 ,$257.50 ,$437.50 ,$437.50 ,
4470001,WALNUT LANE,TOASewer,RES,PUBLIC,PUBLIC,1-Jul-16,N/A,38,$4.53 ,$172.14 ,$180.00 ,$180.00 ,$257.50 ,$437.50 ,$437.50 ,
4470002,WALNUT LANE,TOASewer,RES,PUBLIC,PUBLIC,5-Aug-21,Y,N/A,N/A,N/A,,$257.50 ,$257.50 ,$515.00 ,$515.00 ,
4470003,WALNUT LANE,TOASewer,RES,PUBLIC,PUBLIC,1-Dec-15,N/A,22,$4.53 ,$99.66 ,$180.00 ,$180.00 ,$257.50 ,$437.50 ,$437.50 ,
4470004,WALNUT LANE,TOASewer,RES,PUBLIC,PUBLIC,8-Mar-13,N/A,0,$4.53 , $-   ,$180.00 ,$180.00 ,$257.50 ,$437.50 ,$437.50 ,
4470005,WALNUT LANE,TOASewer,RES,PUBLIC,PUBLIC,16-Jul-21,Y,N/A,N/A,N/A,,$257.50 ,$257.50 ,$515.00 ,$515.00 ,
4470006,WALNUT LANE,TOASewer,RES,PUBLIC,PUBLIC,1-Jan-01,N/A,0,$4.53 , $-   ,$180.00 ,$180.00 ,$257.50 ,$437.50 ,$437.50 ,
4470007,WALNUT LANE,TOASewer,RES,PUBLIC,PUBLIC,1-May-97,N/A,50,$4.53 ,$226.50 ,$226.50 ,$226.50 ,$257.50 ,$484.00 ,$484.00 ,
4470008,WALNUT LANE,TOASewer,RES,PUBLIC,PUBLIC,3-Jul-19,N/A,12,$4.53 ,$54.36 ,$180.00 ,$180.00 ,$257.50 ,$437.50 ,$437.50 ,
4470009,WALNUT LANE,TOASewer,RES,PUBLIC,PUBLIC,8-Dec-94,N/A,22,$4.53 ,$99.66 ,$180.00 ,$180.00 ,$257.50 ,$437.50 ,$437.50 ,
4470010,WALNUT LANE,TOASewer,RES,PUBLIC,PUBLIC,30-Jun-11,N/A,14,$4.53 ,$63.42 ,$180.00 ,$180.00 ,$257.50 ,$437.50 ,$437.50 ,
4470011,WALNUT LANE,TOASewer,RES,PUBLIC,PUBLIC,2-Aug-04,N/A,20,$4.53 ,$90.60 ,$180.00 ,$180.00 ,$257.50 ,$437.50 ,$437.50 ,
4470012,WALNUT LANE,TOASewer,RES,PUBLIC,PUBLIC,7-Aug-07,N/A,16,$4.53 ,$72.48 ,$180.00 ,$180.00 ,$257.50 ,$437.50 ,$437.50 ,
4470013,WALNUT LANE,TOASewer,RES,PUBLIC,PUBLIC,23-Jul-14,N/A,72,$4.53 ,$326.16 ,$326.16 ,$326.16 ,$257.50 ,$583.66 ,$583.66 ,
4470014,WALNUT LANE,TOASewer,RES,PUBLIC,PUBLIC,15-Jun-21,Y,N/A,N/A,N/A,,$257.50 ,$257.50 ,$515.00 ,$515.00 ,
4470015,WALNUT LANE,TOASewer,RES,PUBLIC,PUBLIC,26-Dec-18,N/A,16,$4.53 ,$72.48 ,$180.00 ,$180.00 ,$257.50 ,$437.50 ,$437.50 ,
4470016,WALNUT LANE,TOASewer,RES,PUBLIC,PUBLIC,21-Aug-20,N/A,0,$4.53 , $-   ,$180.00 ,$180.00 ,$257.50 ,$437.50 ,$437.50 ,
4470017,WALNUT LANE,TOASewer,RES,PUBLIC,PUBLIC,14-Oct-21,Y,N/A,N/A,N/A,,$257.50 ,$257.50 ,$515.00 ,$515.00 ,
4470018,WALNUT LANE,TOASewer,RES,PUBLIC,PUBLIC,1-Mar-11,N/A,28,$4.53 ,$126.84 ,$180.00 ,$180.00 ,$257.50 ,$437.50 ,$437.50 ,
4470019,WALNUT LANE,TOASewer,RES,PUBLIC,PUBLIC,22-Apr-10,N/A,36,$4.53 ,$163.08 ,$180.00 ,$180.00 ,$257.50 ,$437.50 ,$437.50 ,
4470020,WALNUT LANE,TOASewer,RES,PUBLIC,PUBLIC,1-Oct-93,N/A,2,$4.53 ,$9.06 ,$180.00 ,$180.00 ,$257.50 ,$437.50 ,$437.50 ,
4480001,WATERFORD PLACE,TOASewer,RES,PUBLIC,PUBLIC,29-Dec-14,N/A,32,$4.53 ,$144.96 ,$180.00 ,$180.00 ,$257.50 ,$437.50 ,$437.50 ,
4480002,WATERFORD PLACE,TOASewer,RES,PUBLIC,PUBLIC,23-Jan-14,N/A,20,$4.53 ,$90.60 ,$180.00 ,$180.00 ,$257.50 ,$437.50 ,$437.50 ,
4480003,WATERFORD PLACE,TOASewer,RES,PUBLIC,PUBLIC,18-Jun-99,N/A,0,$4.53 , $-   ,$180.00 ,$180.00 ,$257.50 ,$437.50 ,$437.50 ,
4480004,WATERFORD PLACE,TOASewer,RES,PUBLIC,PUBLIC,14-Oct-14,N/A,32,$4.53 ,$144.96 ,$180.00 ,$180.00 ,$257.50 ,$437.50 ,$437.50 ,
4480005,WATERFORD PLACE,TOASewer,RES,PUBLIC,PUBLIC,18-Apr-13,N/A,16,$4.53 ,$72.48 ,$180.00 ,$180.00 ,$257.50 ,$437.50 ,$437.50 ,
4480006,WATERFORD PLACE,TOASewer,RES,PUBLIC,PUBLIC,8-Sep-11,N/A,8,$4.53 ,$36.24 ,$180.00 ,$180.00 ,$257.50 ,$437.50 ,$437.50 ,
4480007,WATERFORD PLACE,TOASewer,RES,PUBLIC,PUBLIC,18-Feb-09,N/A,32,$4.53 ,$144.96 ,$180.00 ,$180.00 ,$257.50 ,$437.50 ,$437.50 ,
4480008,WATERFORD PLACE,TOASewer,RES,PUBLIC,PUBLIC,5-Jan-06,N/A,64,$4.53 ,$289.92 ,$289.92 ,$289.92 ,$257.50 ,$547.42 ,$547.42 ,
4500045,WATERVILLE ROAD,TOASewer,RES,WELL,PRIVATE,N/A,N/A,N/A,N/A,N/A,,$257.50 ,$257.50 ,$515.00 ,$515.00 ,
4500172,WATERVILLE ROAD,TOASewer,RES,WELL,PRIVATE,N/A,N/A,N/A,N/A,N/A,,$257.50 ,$257.50 ,$515.00 ,$515.00 ,
4500184,WATERVILLE ROAD,TOASewer,RES,WELL,PRIVATE,N/A,N/A,N/A,N/A,N/A,,$257.50 ,$257.50 ,$515.00 ,$515.00 ,
4500200,WATERVILLE ROAD,TOASewer,RES,WELL,PRIVATE,N/A,N/A,N/A,N/A,N/A,,$257.50 ,$257.50 ,$515.00 ,$515.00 ,
6380005,WEATHERSTONE,TOASewer,RES,PUBLIC,PUBLIC,1-Aug-13,N/A,38,$4.53 ,$172.14 ,$180.00 ,$180.00 ,$257.50 ,$437.50 ,$437.50 ,
6380009,WEATHERSTONE,TOASewer,RES,PUBLIC,PUBLIC,29-Nov-12,N/A,30,$4.53 ,$135.90 ,$180.00 ,$180.00 ,$257.50 ,$437.50 ,$437.50 ,
6380014,WEATHERSTONE,TOASewer,RES,PUBLIC,PUBLIC,6-Aug-21,Y,N/A,N/A,N/A,,$257.50 ,$257.50 ,$515.00 ,$515.00 ,
6380015,WEATHERSTONE,TOASewer,RES,PUBLIC,PUBLIC,17-Sep-12,N/A,22,$4.53 ,$99.66 ,$180.00 ,$180.00 ,$257.50 ,$437.50 ,$437.50 ,
6380021,WEATHERSTONE,TOASewer,RES,PUBLIC,PUBLIC,4-Sep-15,N/A,92,$4.53 ,$416.76 ,$416.76 ,$416.76 ,$257.50 ,$674.26 ,$674.26 ,
6380022,WEATHERSTONE,TOASewer,RES,PUBLIC,PUBLIC,27-Jun-12,N/A,0,$4.53 , $-   ,$180.00 ,$180.00 ,$257.50 ,$437.50 ,$437.50 ,
6380066,WEATHERSTONE,TOASewer,RES,PUBLIC,PUBLIC,12-Dec-16,N/A,166,$4.53 ,$751.98 ,$751.98 ,$751.98 ,$257.50 ,"$1,009.48 ","$1,009.48 ",
6330002,WELLESLEY COURT,TOASewer,RES,PUBLIC,PUBLIC,2-Apr-18,N/A,74,$4.53 ,$335.22 ,$335.22 ,$335.22 ,$257.50 ,$592.72 ,$592.72 ,
6330006,WELLESLEY COURT,TOASewer,RES,PUBLIC,PUBLIC,21-Apr-14,N/A,92,$4.53 ,$416.76 ,$416.76 ,$416.76 ,$257.50 ,$674.26 ,$674.26 ,
6330007,WELLESLEY COURT,TOASewer,RES,PUBLIC,PUBLIC,11-Jul-19,N/A,102,$4.53 ,$462.06 ,$462.06 ,$462.06 ,$257.50 ,$719.56 ,$719.56 ,
6330010,WELLESLEY COURT,TOASewer,RES,PUBLIC,PUBLIC,9-Dec-16,N/A,44,$4.53 ,$199.32 ,$199.32 ,$199.32 ,$257.50 ,$456.82 ,$456.82 ,
6330014,WELLESLEY COURT,TOASewer,RES,PUBLIC,PUBLIC,26-Nov-14,N/A,28,$4.53 ,$126.84 ,$180.00 ,$180.00 ,$257.50 ,$437.50 ,$437.50 ,
6330015,WELLESLEY COURT,TOASewer,RES,PUBLIC,PUBLIC,1-Jul-16,N/A,152,$4.53 ,$688.56 ,$688.56 ,$688.56 ,$257.50 ,$946.06 ,$946.06 ,
4510006,WELLINGTON HGTS ROAD,TOASewer,RES,WELL,PRIVATE,N/A,N/A,N/A,N/A,N/A,,$257.50 ,$257.50 ,$515.00 ,$515.00 ,
4510011,WELLINGTON HGTS ROAD,TOASewer,RES,WELL,PRIVATE,N/A,N/A,N/A,N/A,N/A,,$257.50 ,$257.50 ,$515.00 ,$515.00 ,
4510014,WELLINGTON HGTS ROAD,TOASewer,RES,WELL,PRIVATE,N/A,N/A,N/A,N/A,N/A,,$257.50 ,$257.50 ,$515.00 ,$515.00 ,
4510021,WELLINGTON HGTS ROAD,TOASewer,RES,WELL,PRIVATE,N/A,N/A,N/A,N/A,N/A,,$257.50 ,$257.50 ,$515.00 ,$515.00 ,
4510024,WELLINGTON HGTS ROAD,TOASewer,RES,WELL,PRIVATE,N/A,N/A,N/A,N/A,N/A,,$257.50 ,$257.50 ,$515.00 ,$515.00 ,
4510029,WELLINGTON HGTS ROAD,TOASewer,RES,WELL,PRIVATE,N/A,N/A,N/A,N/A,N/A,,$257.50 ,$257.50 ,$515.00 ,$515.00 ,
4510032,WELLINGTON HGTS ROAD,TOASewer,RES,WELL,PRIVATE,N/A,N/A,N/A,N/A,N/A,,$257.50 ,$257.50 ,$515.00 ,$515.00 ,
4510037,WELLINGTON HGTS ROAD,TOASewer,RES,WELL,PRIVATE,N/A,N/A,N/A,N/A,N/A,,$257.50 ,$257.50 ,$515.00 ,$515.00 ,
4510040,WELLINGTON HGTS ROAD,TOASewer,RES,WELL,PRIVATE,N/A,N/A,N/A,N/A,N/A,,$257.50 ,$257.50 ,$515.00 ,$515.00 ,
4510045,WELLINGTON HGTS ROAD,TOASewer,RES,WELL,PRIVATE,N/A,N/A,N/A,N/A,N/A,,$257.50 ,$257.50 ,$515.00 ,$515.00 ,
4510053,WELLINGTON HGTS ROAD,TOASewer,RES,WELL,PRIVATE,N/A,N/A,N/A,N/A,N/A,,$257.50 ,$257.50 ,$515.00 ,$515.00 ,
4510060,WELLINGTON HGTS ROAD,TOASewer,RES,WELL,PRIVATE,N/A,N/A,N/A,N/A,N/A,,$257.50 ,$257.50 ,$515.00 ,$515.00 ,
4510068,WELLINGTON HGTS ROAD,TOASewer,RES,WELL,PRIVATE,N/A,N/A,N/A,N/A,N/A,,$257.50 ,$257.50 ,$515.00 ,$515.00 ,
4510071,WELLINGTON HGTS ROAD,TOASewer,RES,WELL,PRIVATE,N/A,N/A,N/A,N/A,N/A,,$257.50 ,$257.50 ,$515.00 ,$515.00 ,
4510076,WELLINGTON HGTS ROAD,TOASewer,RES,WELL,PRIVATE,N/A,N/A,N/A,N/A,N/A,,$257.50 ,$257.50 ,$515.00 ,$515.00 ,
4510077,WELLINGTON HGTS ROAD,TOASewer,RES,WELL,PRIVATE,N/A,N/A,N/A,N/A,N/A,,$257.50 ,$257.50 ,$515.00 ,$515.00 ,
4510084,WELLINGTON HGTS ROAD,TOASewer,RES,WELL,PRIVATE,N/A,N/A,N/A,N/A,N/A,,$257.50 ,$257.50 ,$515.00 ,$515.00 ,
4510085,WELLINGTON HGTS ROAD,TOASewer,RES,WELL,PRIVATE,N/A,N/A,N/A,N/A,N/A,,$257.50 ,$257.50 ,$515.00 ,$515.00 ,
4510093,WELLINGTON HGTS ROAD,TOASewer,RES,WELL,PRIVATE,N/A,N/A,N/A,N/A,N/A,,$257.50 ,$257.50 ,$515.00 ,$515.00 ,
4510100,WELLINGTON HGTS ROAD,TOASewer,RES,WELL,PRIVATE,N/A,N/A,N/A,N/A,N/A,,$257.50 ,$257.50 ,$515.00 ,$515.00 ,
4510101,WELLINGTON HGTS ROAD,TOASewer,RES,WELL,PRIVATE,N/A,N/A,N/A,N/A,N/A,,$257.50 ,$257.50 ,$515.00 ,$515.00 ,
4510108,WELLINGTON HGTS ROAD,TOASewer,RES,WELL,PRIVATE,N/A,N/A,N/A,N/A,N/A,,$257.50 ,$257.50 ,$515.00 ,$515.00 ,
4510116,WELLINGTON HGTS ROAD,TOASewer,RES,WELL,PRIVATE,N/A,N/A,N/A,N/A,N/A,,$257.50 ,$257.50 ,$515.00 ,$515.00 ,
4510124,WELLINGTON HGTS ROAD,TOASewer,RES,WELL,PRIVATE,N/A,N/A,N/A,N/A,N/A,,$257.50 ,$257.50 ,$515.00 ,$515.00 ,
4510125,WELLINGTON HGTS ROAD,TOASewer,RES,WELL,PRIVATE,N/A,N/A,N/A,N/A,N/A,,$257.50 ,$257.50 ,$515.00 ,$515.00 ,
4510139,WELLINGTON HGTS ROAD,TOASewer,RES,WELL,PRIVATE,N/A,N/A,N/A,N/A,N/A,,$257.50 ,$257.50 ,$515.00 ,$515.00 ,
6090001,WENTWORTH PLACE,TOASewer,RES,PUBLIC,PUBLIC,22-Oct-21,Y,N/A,N/A,N/A,,$257.50 ,$257.50 ,$515.00 ,$515.00 ,
6090002,WENTWORTH PLACE,TOASewer,RES,PUBLIC,PUBLIC,14-Jan-10,N/A,76,$4.53 ,$344.28 ,$344.28 ,$344.28 ,$257.50 ,$601.78 ,$601.78 ,
6090003,WENTWORTH PLACE,TOASewer,RES,PUBLIC,PUBLIC,16-Nov-06,N/A,44,$4.53 ,$199.32 ,$199.32 ,$199.32 ,$257.50 ,$456.82 ,$456.82 ,
6090004,WENTWORTH PLACE,TOASewer,RES,PUBLIC,PUBLIC,3-Jun-13,N/A,92,$4.53 ,$416.76 ,$416.76 ,$416.76 ,$257.50 ,$674.26 ,$674.26 ,
6090005,WENTWORTH PLACE,TOASewer,RES,PUBLIC,PUBLIC,31-May-19,N/A,72,$4.53 ,$326.16 ,$326.16 ,$326.16 ,$257.50 ,$583.66 ,$583.66 ,
6090006,WENTWORTH PLACE,TOASewer,RES,PUBLIC,PUBLIC,11-Jun-18,N/A,86,$4.53 ,$389.58 ,$389.58 ,$389.58 ,$257.50 ,$647.08 ,$647.08 ,
4520110,WEST AVON ROAD,TOASewer,RES,PUBLIC,PUBLIC,2-Jul-08,N/A,30,$4.53 ,$135.90 ,$180.00 ,$180.00 ,$257.50 ,$437.50 ,$437.50 ,
4520120,WEST AVON ROAD,TOASewer,RES,PUBLIC,PUBLIC,3-Dec-02,N/A,60,$4.53 ,$271.80 ,$271.80 ,$271.80 ,$257.50 ,$529.30 ,$529.30 ,
4520121,WEST AVON ROAD,TOASewer,RES,PUBLIC,PUBLIC,28-Apr-16,N/A,60,$4.53 ,$271.80 ,$271.80 ,$271.80 ,$257.50 ,$529.30 ,$529.30 ,
4520127,WEST AVON ROAD,TOASewer,RES,PUBLIC,PUBLIC,22-Sep-21,Y,N/A,N/A,N/A,,$257.50 ,$257.50 ,$515.00 ,$515.00 ,
4520130,WEST AVON ROAD,TOASewer,RES,PUBLIC,PUBLIC,19-Sep-06,N/A,46,$4.53 ,$208.38 ,$208.38 ,$208.38 ,$257.50 ,$465.88 ,$465.88 ,
4520140,WEST AVON ROAD,TOASewer,RES,PUBLIC,PUBLIC,5-Jun-02,N/A,58,$4.53 ,$262.74 ,$262.74 ,$262.74 ,$257.50 ,$520.24 ,$520.24 ,
4520449,WEST AVON ROAD,TOASewer,RES,PUBLIC,PUBLIC,14-Nov-03,N/A,46,$4.53 ,$208.38 ,$208.38 ,$208.38 ,$257.50 ,$465.88 ,$465.88 ,
4520455,WEST AVON ROAD,TOASewer,RES,WELL,PRIVATE,N/A,N/A,N/A,N/A,N/A,,$257.50 ,$257.50 ,$515.00 ,$515.00 ,
4530015,WEST HILLS DRIVE,TOASewer,RES,PUBLIC,PUBLIC,27-Aug-18,N/A,40,$4.53 ,$181.20 ,$181.20 ,$181.20 ,$257.50 ,$438.70 ,$438.70 ,
4530025,WEST HILLS DRIVE,TOASewer,RES,PUBLIC,PUBLIC,4-Apr-14,N/A,88,$4.53 ,$398.64 ,$398.64 ,$398.64 ,$257.50 ,$656.14 ,$656.14 ,
4530029,WEST HILLS DRIVE,TOASewer,RES,PUBLIC,PUBLIC,10-Oct-18,N/A,86,$4.53 ,$389.58 ,$389.58 ,$389.58 ,$257.50 ,$647.08 ,$647.08 ,
4530030,WEST HILLS DRIVE,TOASewer,RES,PUBLIC,PUBLIC,18-Nov-11,N/A,100,$4.53 ,$453.00 ,$453.00 ,$453.00 ,$257.50 ,$710.50 ,$710.50 ,
4530035,WEST HILLS DRIVE,TOASewer,RES,PUBLIC,PUBLIC,29-Apr-15,N/A,48,$4.53 ,$217.44 ,$217.44 ,$217.44 ,$257.50 ,$474.94 ,$474.94 ,
4530036,WEST HILLS DRIVE,TOASewer,RES,PUBLIC,PUBLIC,18-Nov-10,N/A,74,$4.53 ,$335.22 ,$335.22 ,$335.22 ,$257.50 ,$592.72 ,$592.72 ,
4530039,WEST HILLS DRIVE,TOASewer,RES,PUBLIC,PUBLIC,3-Dec-12,N/A,54,$4.53 ,$244.62 ,$244.62 ,$244.62 ,$257.50 ,$502.12 ,$502.12 ,
4530040,WEST HILLS DRIVE,TOASewer,RES,PUBLIC,PUBLIC,9-Oct-18,N/A,92,$4.53 ,$416.76 ,$416.76 ,$416.76 ,$257.50 ,$674.26 ,$674.26 ,
4530043,WEST HILLS DRIVE,TOASewer,RES,PUBLIC,PUBLIC,17-Aug-11,N/A,56,$4.53 ,$253.68 ,$253.68 ,$253.68 ,$257.50 ,$511.18 ,$511.18 ,
4530044,WEST HILLS DRIVE,TOASewer,RES,PUBLIC,PUBLIC,2-Mar-17,N/A,64,$4.53 ,$289.92 ,$289.92 ,$289.92 ,$257.50 ,$547.42 ,$547.42 ,
4530047,WEST HILLS DRIVE,TOASewer,RES,PUBLIC,PUBLIC,18-Dec-08,N/A,102,$4.53 ,$462.06 ,$462.06 ,$462.06 ,$257.50 ,$719.56 ,$719.56 ,
4540160,WEST MAIN STREET,TOASewer,RES,WELL,PRIVATE,N/A,N/A,N/A,N/A,N/A,,$257.50 ,$257.50 ,$515.00 ,$515.00 ,
4860004,WESTBURY,TOASewer,RES,PUBLIC,PUBLIC,3-Feb-15,N/A,76,$4.53 ,$344.28 ,$344.28 ,$344.28 ,$257.50 ,$601.78 ,$601.78 ,
4860009,WESTBURY,TOASewer,RES,PUBLIC,PUBLIC,30-Jul-13,N/A,52,$4.53 ,$235.56 ,$235.56 ,$235.56 ,$257.50 ,$493.06 ,$493.06 ,
4860017,WESTBURY,TOASewer,RES,PUBLIC,PUBLIC,1-Oct-15,N/A,80,$4.53 ,$362.40 ,$362.40 ,$362.40 ,$257.50 ,$619.90 ,$619.90 ,
4860018,WESTBURY,TOASewer,RES,PUBLIC,PUBLIC,23-Feb-15,N/A,94,$4.53 ,$425.82 ,$425.82 ,$425.82 ,$257.50 ,$683.32 ,$683.32 ,
4860023,WESTBURY,TOASewer,RES,PUBLIC,PUBLIC,16-Jun-20,N/A,20,$4.53 ,$90.60 ,$180.00 ,$180.00 ,$257.50 ,$437.50 ,$437.50 ,
4860026,WESTBURY,TOASewer,RES,PUBLIC,PUBLIC,29-May-20,N/A,136,$4.53 ,$616.08 ,$616.08 ,$616.08 ,$257.50 ,$873.58 ,$873.58 ,
4860031,WESTBURY,TOASewer,RES,PUBLIC,PUBLIC,25-Mar-98,N/A,78,$4.53 ,$353.34 ,$353.34 ,$353.34 ,$257.50 ,$610.84 ,$610.84 ,
4860046,WESTBURY,TOASewer,RES,PUBLIC,PUBLIC,15-May-08,N/A,64,$4.53 ,$289.92 ,$289.92 ,$289.92 ,$257.50 ,$547.42 ,$547.42 ,
4860061,WESTBURY,TOASewer,RES,PUBLIC,PUBLIC,28-Aug-15,N/A,60,$4.53 ,$271.80 ,$271.80 ,$271.80 ,$257.50 ,$529.30 ,$529.30 ,
4860067,WESTBURY,TOASewer,RES,PUBLIC,PUBLIC,17-Apr-14,N/A,84,$4.53 ,$380.52 ,$380.52 ,$380.52 ,$257.50 ,$638.02 ,$638.02 ,
4860070,WESTBURY,TOASewer,RES,PUBLIC,PUBLIC,5-Jul-06,N/A,52,$4.53 ,$235.56 ,$235.56 ,$235.56 ,$257.50 ,$493.06 ,$493.06 ,
4860073,WESTBURY,TOASewer,RES,PUBLIC,PUBLIC,2-Jul-15,N/A,172,$4.53 ,$779.16 ,$779.16 ,$779.16 ,$257.50 ,"$1,036.66 ","$1,036.66 ",
4860079,WESTBURY,TOASewer,RES,PUBLIC,PUBLIC,22-Nov-11,N/A,66,$4.53 ,$298.98 ,$298.98 ,$298.98 ,$257.50 ,$556.48 ,$556.48 ,
4860083,WESTBURY,TOASewer,RES,PUBLIC,PUBLIC,6-Jul-17,N/A,92,$4.53 ,$416.76 ,$416.76 ,$416.76 ,$257.50 ,$674.26 ,$674.26 ,
4860084,WESTBURY,TOASewer,RES,PUBLIC,PUBLIC,5-Oct-11,N/A,138,$4.53 ,$625.14 ,$625.14 ,$625.14 ,$257.50 ,$882.64 ,$882.64 ,
4860087,WESTBURY,TOASewer,RES,PUBLIC,PUBLIC,14-Aug-17,N/A,88,$4.53 ,$398.64 ,$398.64 ,$398.64 ,$257.50 ,$656.14 ,$656.14 ,
4860090,WESTBURY,TOASewer,RES,PUBLIC,PUBLIC,6-Sep-19,N/A,44,$4.53 ,$199.32 ,$199.32 ,$199.32 ,$257.50 ,$456.82 ,$456.82 ,
4860091,WESTBURY,TOASewer,RES,PUBLIC,PUBLIC,23-Feb-10,N/A,144,$4.53 ,$652.32 ,$652.32 ,$652.32 ,$257.50 ,$909.82 ,$909.82 ,
4920005,WESTLAND ROAD,TOASewer,RES,PUBLIC,PUBLIC,18-Apr-18,N/A,112,$4.53 ,$507.36 ,$507.36 ,$507.36 ,$257.50 ,$764.86 ,$764.86 ,
4920012,WESTLAND ROAD,TOASewer,RES,PUBLIC,PUBLIC,26-Aug-14,N/A,56,$4.53 ,$253.68 ,$253.68 ,$253.68 ,$257.50 ,$511.18 ,$511.18 ,
4920017,WESTLAND ROAD,TOASewer,RES,PUBLIC,PUBLIC,11-Jun-07,N/A,58,$4.53 ,$262.74 ,$262.74 ,$262.74 ,$257.50 ,$520.24 ,$520.24 ,
4920018,WESTLAND ROAD,TOASewer,RES,PUBLIC,PUBLIC,20-Dec-05,N/A,54,$4.53 ,$244.62 ,$244.62 ,$244.62 ,$257.50 ,$502.12 ,$502.12 ,
4920024,WESTLAND ROAD,TOASewer,RES,PUBLIC,PUBLIC,29-Aug-03,N/A,144,$4.53 ,$652.32 ,$652.32 ,$652.32 ,$257.50 ,$909.82 ,$909.82 ,
4920025,WESTLAND ROAD,TOASewer,RES,PUBLIC,PUBLIC,19-Oct-11,N/A,98,$4.53 ,$443.94 ,$443.94 ,$443.94 ,$257.50 ,$701.44 ,$701.44 ,
4920031,WESTLAND ROAD,TOASewer,RES,PUBLIC,PUBLIC,21-Jan-11,N/A,86,$4.53 ,$389.58 ,$389.58 ,$389.58 ,$257.50 ,$647.08 ,$647.08 ,
4920035,WESTLAND ROAD,TOASewer,RES,PUBLIC,PUBLIC,26-Sep-07,N/A,78,$4.53 ,$353.34 ,$353.34 ,$353.34 ,$257.50 ,$610.84 ,$610.84 ,
4920038,WESTLAND ROAD,TOASewer,RES,PUBLIC,PUBLIC,18-Nov-13,N/A,74,$4.53 ,$335.22 ,$335.22 ,$335.22 ,$257.50 ,$592.72 ,$592.72 ,
4920045,WESTLAND ROAD,TOASewer,RES,PUBLIC,PUBLIC,13-Nov-13,N/A,44,$4.53 ,$199.32 ,$199.32 ,$199.32 ,$257.50 ,$456.82 ,$456.82 ,
4920051,WESTLAND ROAD,TOASewer,RES,PUBLIC,PUBLIC,16-Jul-19,N/A,130,$4.53 ,$588.90 ,$588.90 ,$588.90 ,$257.50 ,$846.40 ,$846.40 ,
4920056,WESTLAND ROAD,TOASewer,RES,PUBLIC,PUBLIC,1-Jul-19,N/A,56,$4.53 ,$253.68 ,$253.68 ,$253.68 ,$257.50 ,$511.18 ,$511.18 ,
4920063,WESTLAND ROAD,TOASewer,RES,PUBLIC,PUBLIC,3-Aug-16,N/A,104,$4.53 ,$471.12 ,$471.12 ,$471.12 ,$257.50 ,$728.62 ,$728.62 ,
4920066,WESTLAND ROAD,TOASewer,RES,PUBLIC,PUBLIC,21-Feb-02,N/A,80,$4.53 ,$362.40 ,$362.40 ,$362.40 ,$257.50 ,$619.90 ,$619.90 ,
4920072,WESTLAND ROAD,TOASewer,RES,PUBLIC,PUBLIC,14-Oct-21,Y,N/A,N/A,N/A,,$257.50 ,$257.50 ,$515.00 ,$515.00 ,
4920074,WESTLAND ROAD,TOASewer,RES,PUBLIC,PUBLIC,1-Aug-18,N/A,88,$4.53 ,$398.64 ,$398.64 ,$398.64 ,$257.50 ,$656.14 ,$656.14 ,
4920075,WESTLAND ROAD,TOASewer,RES,PUBLIC,PUBLIC,21-Aug-19,N/A,82,$4.53 ,$371.46 ,$371.46 ,$371.46 ,$257.50 ,$628.96 ,$628.96 ,
4920076,WESTLAND ROAD,TOASewer,RES,PUBLIC,PUBLIC,27-Mar-17,N/A,106,$4.53 ,$480.18 ,$480.18 ,$480.18 ,$257.50 ,$737.68 ,$737.68 ,
4920091,WESTLAND ROAD,TOASewer,RES,PUBLIC,PUBLIC,5-Nov-20,N/A,76,$4.53 ,$344.28 ,$344.28 ,$344.28 ,$257.50 ,$601.78 ,$601.78 ,
4920092,WESTLAND ROAD,TOASewer,RES,PUBLIC,PUBLIC,2-Apr-04,N/A,130,$4.53 ,$588.90 ,$588.90 ,$588.90 ,$257.50 ,$846.40 ,$846.40 ,
4920100,WESTLAND ROAD,TOASewer,RES,PUBLIC,PUBLIC,26-Aug-15,N/A,96,$4.53 ,$434.88 ,$434.88 ,$434.88 ,$257.50 ,$692.38 ,$692.38 ,
4920101,WESTLAND ROAD,TOASewer,RES,PUBLIC,PUBLIC,15-Jul-21,Y,N/A,N/A,N/A,,$257.50 ,$257.50 ,$515.00 ,$515.00 ,
4920104,WESTLAND ROAD,TOASewer,RES,PUBLIC,PUBLIC,3-Sep-19,N/A,102,$4.53 ,$462.06 ,$462.06 ,$462.06 ,$257.50 ,$719.56 ,$719.56 ,
4920108,WESTLAND ROAD,TOASewer,RES,PUBLIC,PUBLIC,10-May-21,Y,N/A,N/A,N/A,,$257.50 ,$257.50 ,$515.00 ,$515.00 ,
4920112,WESTLAND ROAD,TOASewer,RES,PUBLIC,PUBLIC,30-Oct-13,N/A,144,$4.53 ,$652.32 ,$652.32 ,$652.32 ,$257.50 ,$909.82 ,$909.82 ,
4550008,WESTMONT,TOASewer,RES,PUBLIC,PUBLIC,21-Sep-16,N/A,82,$4.53 ,$371.46 ,$371.46 ,$371.46 ,$257.50 ,$628.96 ,$628.96 ,
4550016,WESTMONT,TOASewer,RES,PUBLIC,PUBLIC,5-Nov-21,Y,N/A,N/A,N/A,,$257.50 ,$257.50 ,$515.00 ,$515.00 ,
4550021,WESTMONT,TOASewer,RES,PUBLIC,PUBLIC,17-Aug-12,N/A,92,$4.53 ,$416.76 ,$416.76 ,$416.76 ,$257.50 ,$674.26 ,$674.26 ,
4550022,WESTMONT,TOASewer,RES,PUBLIC,PUBLIC,5-Aug-19,N/A,52,$4.53 ,$235.56 ,$235.56 ,$235.56 ,$257.50 ,$493.06 ,$493.06 ,
4550027,WESTMONT,TOASewer,RES,PUBLIC,PUBLIC,20-Aug-18,N/A,96,$4.53 ,$434.88 ,$434.88 ,$434.88 ,$257.50 ,$692.38 ,$692.38 ,
4550028,WESTMONT,TOASewer,RES,PUBLIC,PUBLIC,15-Dec-86,N/A,32,$4.53 ,$144.96 ,$180.00 ,$180.00 ,$257.50 ,$437.50 ,$437.50 ,
4550034,WESTMONT,TOASewer,RES,PUBLIC,PUBLIC,21-May-09,N/A,60,$4.53 ,$271.80 ,$271.80 ,$271.80 ,$257.50 ,$529.30 ,$529.30 ,
4550035,WESTMONT,TOASewer,RES,PUBLIC,PUBLIC,14-Feb-97,N/A,46,$4.53 ,$208.38 ,$208.38 ,$208.38 ,$257.50 ,$465.88 ,$465.88 ,
4550040,WESTMONT,TOASewer,RES,PUBLIC,PUBLIC,19-Aug-19,N/A,68,$4.53 ,$308.04 ,$308.04 ,$308.04 ,$257.50 ,$565.54 ,$565.54 ,
4550043,WESTMONT,TOASewer,RES,PUBLIC,PUBLIC,27-Sep-18,N/A,46,$4.53 ,$208.38 ,$208.38 ,$208.38 ,$257.50 ,$465.88 ,$465.88 ,
4550046,WESTMONT,TOASewer,RES,PUBLIC,PUBLIC,4-May-07,N/A,48,$4.53 ,$217.44 ,$217.44 ,$217.44 ,$257.50 ,$474.94 ,$474.94 ,
4550054,WESTMONT,TOASewer,RES,PUBLIC,PUBLIC,19-Jan-94,N/A,44,$4.53 ,$199.32 ,$199.32 ,$199.32 ,$257.50 ,$456.82 ,$456.82 ,
4550055,WESTMONT,TOASewer,RES,PUBLIC,PUBLIC,13-Apr-98,N/A,0,$4.53 , $-   ,$180.00 ,$180.00 ,$257.50 ,$437.50 ,$437.50 ,
4550060,WESTMONT,TOASewer,RES,PUBLIC,PUBLIC,16-Mar-05,N/A,86,$4.53 ,$389.58 ,$389.58 ,$389.58 ,$257.50 ,$647.08 ,$647.08 ,
4550061,WESTMONT,TOASewer,RES,PUBLIC,PUBLIC,2-May-19,N/A,52,$4.53 ,$235.56 ,$235.56 ,$235.56 ,$257.50 ,$493.06 ,$493.06 ,
4570001,WESTVIEW COURT,TOASewer,RES,PUBLIC,PUBLIC,20-Feb-87,N/A,22,$4.53 ,$99.66 ,$180.00 ,$180.00 ,$257.50 ,$437.50 ,$437.50 ,
4570002,WESTVIEW COURT,TOASewer,RES,PUBLIC,PUBLIC,12-Jun-18,N/A,38,$4.53 ,$172.14 ,$180.00 ,$180.00 ,$257.50 ,$437.50 ,$437.50 ,
4570003,WESTVIEW COURT,TOASewer,RES,PUBLIC,PUBLIC,30-Dec-15,N/A,16,$4.53 ,$72.48 ,$180.00 ,$180.00 ,$257.50 ,$437.50 ,$437.50 ,
4570004,WESTVIEW COURT,TOASewer,RES,PUBLIC,PUBLIC,18-Feb-88,N/A,20,$4.53 ,$90.60 ,$180.00 ,$180.00 ,$257.50 ,$437.50 ,$437.50 ,
4570005,WESTVIEW COURT,TOASewer,RES,PUBLIC,PUBLIC,17-Mar-89,N/A,46,$4.53 ,$208.38 ,$208.38 ,$208.38 ,$257.50 ,$465.88 ,$465.88 ,
4570006,WESTVIEW COURT,TOASewer,RES,PUBLIC,PUBLIC,22-Feb-18,N/A,68,$4.53 ,$308.04 ,$308.04 ,$308.04 ,$257.50 ,$565.54 ,$565.54 ,
5950001,WHALER'S WALK,TOASewer,RES,PUBLIC,PUBLIC,3-Jul-13,N/A,10,$4.53 ,$45.30 ,$180.00 ,$180.00 ,$257.50 ,$437.50 ,$437.50 ,
5950002,WHALER'S WALK,TOASewer,RES,PUBLIC,PUBLIC,10-Dec-07,N/A,62,$4.53 ,$280.86 ,$280.86 ,$280.86 ,$257.50 ,$538.36 ,$538.36 ,
5950003,WHALER'S WALK,TOASewer,RES,PUBLIC,PUBLIC,31-Aug-06,N/A,78,$4.53 ,$353.34 ,$353.34 ,$353.34 ,$257.50 ,$610.84 ,$610.84 ,
5950004,WHALER'S WALK,TOASewer,RES,PUBLIC,PUBLIC,1-Dec-16,N/A,18,$4.53 ,$81.54 ,$180.00 ,$180.00 ,$257.50 ,$437.50 ,$437.50 ,
4580011,WHEELER ROAD,TOASewer,RES,WELL,PRIVATE,N/A,N/A,N/A,N/A,N/A,,$257.50 ,$257.50 ,$515.00 ,$515.00 ,
4580021,WHEELER ROAD,TOASewer,RES,WELL,PRIVATE,N/A,N/A,N/A,N/A,N/A,,$257.50 ,$257.50 ,$515.00 ,$515.00 ,
4580027,WHEELER ROAD,TOASewer,RES,WELL,PRIVATE,N/A,N/A,N/A,N/A,N/A,,$257.50 ,$257.50 ,$515.00 ,$515.00 ,
4580055,WHEELER ROAD,TOASewer,RES,WELL,PRIVATE,N/A,N/A,N/A,N/A,N/A,,$257.50 ,$257.50 ,$515.00 ,$515.00 ,
4580063,WHEELER ROAD,TOASewer,RES,WELL,PRIVATE,N/A,N/A,N/A,N/A,N/A,,$257.50 ,$257.50 ,$515.00 ,$515.00 ,
4580071,WHEELER ROAD,TOASewer,RES,WELL,PRIVATE,N/A,N/A,N/A,N/A,N/A,,$257.50 ,$257.50 ,$515.00 ,$515.00 ,
4580081,WHEELER ROAD,TOASewer,RES,WELL,PRIVATE,N/A,N/A,N/A,N/A,N/A,,$257.50 ,$257.50 ,$515.00 ,$515.00 ,
4580087,WHEELER ROAD,TOASewer,RES,WELL,PRIVATE,N/A,N/A,N/A,N/A,N/A,,$257.50 ,$257.50 ,$515.00 ,$515.00 ,
4580095,WHEELER ROAD,TOASewer,RES,WELL,PRIVATE,N/A,N/A,N/A,N/A,N/A,,$257.50 ,$257.50 ,$515.00 ,$515.00 ,
4580103,WHEELER ROAD,TOASewer,RES,WELL,PRIVATE,N/A,N/A,N/A,N/A,N/A,,$257.50 ,$257.50 ,$515.00 ,$515.00 ,
4600016,WHITE BIRCH LANE,TOASewer,RES,WELL,PRIVATE,N/A,N/A,N/A,N/A,N/A,,$257.50 ,$257.50 ,$515.00 ,$515.00 ,
6180003,WHITE OAK LANE,TOASewer,RES,PUBLIC,PUBLIC,31-May-19,N/A,96,$4.53 ,$434.88 ,$434.88 ,$434.88 ,$257.50 ,$692.38 ,$692.38 ,
6180004,WHITE OAK LANE,TOASewer,RES,PUBLIC,PUBLIC,5-Jul-05,N/A,50,$4.53 ,$226.50 ,$226.50 ,$226.50 ,$257.50 ,$484.00 ,$484.00 ,
6180005,WHITE OAK LANE,TOASewer,RES,PUBLIC,PUBLIC,3-Jul-07,N/A,84,$4.53 ,$380.52 ,$380.52 ,$380.52 ,$257.50 ,$638.02 ,$638.02 ,
6180008,WHITE OAK LANE,TOASewer,RES,PUBLIC,PUBLIC,22-Jul-15,N/A,46,$4.53 ,$208.38 ,$208.38 ,$208.38 ,$257.50 ,$465.88 ,$465.88 ,
6180009,WHITE OAK LANE,TOASewer,RES,PUBLIC,PUBLIC,4-May-04,N/A,24,$4.53 ,$108.72 ,$180.00 ,$180.00 ,$257.50 ,$437.50 ,$437.50 ,
5710001,WHITFIELD HEIGHTS,TOASewer,RES,PUBLIC,PUBLIC,3-Aug-04,N/A,42,$4.53 ,$190.26 ,$190.26 ,$190.26 ,$257.50 ,$447.76 ,$447.76 ,
5710002,WHITFIELD HEIGHTS,TOASewer,RES,PUBLIC,PUBLIC,21-Jul-04,N/A,32,$4.53 ,$144.96 ,$180.00 ,$180.00 ,$257.50 ,$437.50 ,$437.50 ,
5710003,WHITFIELD HEIGHTS,TOASewer,RES,PUBLIC,PUBLIC,29-Jul-04,N/A,12,$4.53 ,$54.36 ,$180.00 ,$180.00 ,$257.50 ,$437.50 ,$437.50 ,
5710004,WHITFIELD HEIGHTS,TOASewer,RES,PUBLIC,PUBLIC,24-May-16,N/A,22,$4.53 ,$99.66 ,$180.00 ,$180.00 ,$257.50 ,$437.50 ,$437.50 ,
6040001,WILD FLOWER TERRACE,TOASewer,RES,PUBLIC,PUBLIC,19-Jun-03,N/A,34,$4.53 ,$154.02 ,$180.00 ,$180.00 ,$257.50 ,$437.50 ,$437.50 ,
6040002,WILD FLOWER TERRACE,TOASewer,RES,PUBLIC,PUBLIC,1-Sep-16,N/A,34,$4.53 ,$154.02 ,$180.00 ,$180.00 ,$257.50 ,$437.50 ,$437.50 ,
6040003,WILD FLOWER TERRACE,TOASewer,RES,PUBLIC,PUBLIC,3-Mar-15,N/A,14,$4.53 ,$63.42 ,$180.00 ,$180.00 ,$257.50 ,$437.50 ,$437.50 ,
6040004,WILD FLOWER TERRACE,TOASewer,RES,PUBLIC,PUBLIC,4-Sep-18,N/A,44,$4.53 ,$199.32 ,$199.32 ,$199.32 ,$257.50 ,$456.82 ,$456.82 ,
6040005,WILD FLOWER TERRACE,TOASewer,RES,PUBLIC,PUBLIC,30-Jun-03,N/A,0,$4.53 , $-   ,$180.00 ,$180.00 ,$257.50 ,$437.50 ,$437.50 ,
6040007,WILD FLOWER TERRACE,TOASewer,RES,PUBLIC,PUBLIC,22-Mar-10,N/A,60,$4.53 ,$271.80 ,$271.80 ,$271.80 ,$257.50 ,$529.30 ,$529.30 ,
5320005,WILD WOOD DRIVE,TOASewer,RES,PUBLIC,PUBLIC,23-Oct-00,N/A,48,$4.53 ,$217.44 ,$217.44 ,$217.44 ,$257.50 ,$474.94 ,$474.94 ,
5320015,WILD WOOD DRIVE,TOASewer,RES,PUBLIC,PUBLIC,19-Jun-07,N/A,48,$4.53 ,$217.44 ,$217.44 ,$217.44 ,$257.50 ,$474.94 ,$474.94 ,
5320020,WILD WOOD DRIVE,TOASewer,RES,PUBLIC,PUBLIC,22-May-17,N/A,52,$4.53 ,$235.56 ,$235.56 ,$235.56 ,$257.50 ,$493.06 ,$493.06 ,
5320023,WILD WOOD DRIVE,TOASewer,RES,PUBLIC,PUBLIC,20-Jun-11,N/A,40,$4.53 ,$181.20 ,$181.20 ,$181.20 ,$257.50 ,$438.70 ,$438.70 ,
5320024,WILD WOOD DRIVE,TOASewer,RES,PUBLIC,PUBLIC,10-Jun-21,Y,N/A,N/A,N/A,,$257.50 ,$257.50 ,$515.00 ,$515.00 ,
5320030,WILD WOOD DRIVE,TOASewer,RES,PUBLIC,PUBLIC,13-Oct-05,N/A,112,$4.53 ,$507.36 ,$507.36 ,$507.36 ,$257.50 ,$764.86 ,$764.86 ,
5320035,WILD WOOD DRIVE,TOASewer,RES,PUBLIC,PUBLIC,23-Jun-21,Y,N/A,N/A,N/A,,$257.50 ,$257.50 ,$515.00 ,$515.00 ,
5320043,WILD WOOD DRIVE,TOASewer,RES,PUBLIC,PUBLIC,20-Aug-15,N/A,88,$4.53 ,$398.64 ,$398.64 ,$398.64 ,$257.50 ,$656.14 ,$656.14 ,
5320049,WILD WOOD DRIVE,TOASewer,RES,PUBLIC,PUBLIC,16-Aug-21,Y,N/A,N/A,N/A,,$257.50 ,$257.50 ,$515.00 ,$515.00 ,
5320057,WILD WOOD DRIVE,TOASewer,RES,PUBLIC,PUBLIC,18-Jun-08,N/A,74,$4.53 ,$335.22 ,$335.22 ,$335.22 ,$257.50 ,$592.72 ,$592.72 ,
5320061,WILD WOOD DRIVE,TOASewer,RES,PUBLIC,PUBLIC,6-Oct-05,N/A,102,$4.53 ,$462.06 ,$462.06 ,$462.06 ,$257.50 ,$719.56 ,$719.56 ,
5320065,WILD WOOD DRIVE,TOASewer,RES,PUBLIC,PUBLIC,8-Jun-17,N/A,40,$4.53 ,$181.20 ,$181.20 ,$181.20 ,$257.50 ,$438.70 ,$438.70 ,
5320077,WILD WOOD DRIVE,TOASewer,RES,PUBLIC,PUBLIC,12-Jul-16,N/A,106,$4.53 ,$480.18 ,$480.18 ,$480.18 ,$257.50 ,$737.68 ,$737.68 ,
5320080,WILD WOOD DRIVE,TOASewer,RES,PUBLIC,PUBLIC,9-Aug-04,N/A,70,$4.53 ,$317.10 ,$317.10 ,$317.10 ,$257.50 ,$574.60 ,$574.60 ,
5320081,WILD WOOD DRIVE,TOASewer,RES,PUBLIC,PUBLIC,16-Apr-13,N/A,50,$4.53 ,$226.50 ,$226.50 ,$226.50 ,$257.50 ,$484.00 ,$484.00 ,
5320087,WILD WOOD DRIVE,TOASewer,RES,PUBLIC,PUBLIC,15-May-20,N/A,56,$4.53 ,$253.68 ,$253.68 ,$253.68 ,$257.50 ,$511.18 ,$511.18 ,
5320088,WILD WOOD DRIVE,TOASewer,RES,PUBLIC,PUBLIC,2-Jul-18,N/A,86,$4.53 ,$389.58 ,$389.58 ,$389.58 ,$257.50 ,$647.08 ,$647.08 ,
5320092,WILD WOOD DRIVE,TOASewer,RES,PUBLIC,PUBLIC,8-Jun-11,N/A,108,$4.53 ,$489.24 ,$489.24 ,$489.24 ,$257.50 ,$746.74 ,$746.74 ,
5320095,WILD WOOD DRIVE,TOASewer,RES,PUBLIC,PUBLIC,1-Dec-06,N/A,66,$4.53 ,$298.98 ,$298.98 ,$298.98 ,$257.50 ,$556.48 ,$556.48 ,
5320101,WILD WOOD DRIVE,TOASewer,RES,PUBLIC,PUBLIC,26-Jul-02,N/A,48,$4.53 ,$217.44 ,$217.44 ,$217.44 ,$257.50 ,$474.94 ,$474.94 ,
5320104,WILD WOOD DRIVE,TOASewer,RES,PUBLIC,PUBLIC,16-Jan-19,N/A,94,$4.53 ,$425.82 ,$425.82 ,$425.82 ,$257.50 ,$683.32 ,$683.32 ,
5320107,WILD WOOD DRIVE,TOASewer,RES,PUBLIC,PUBLIC,29-Apr-03,N/A,68,$4.53 ,$308.04 ,$308.04 ,$308.04 ,$257.50 ,$565.54 ,$565.54 ,
5320111,WILD WOOD DRIVE,TOASewer,RES,PUBLIC,PUBLIC,25-Jul-11,N/A,152,$4.53 ,$688.56 ,$688.56 ,$688.56 ,$257.50 ,$946.06 ,$946.06 ,
5320116,WILD WOOD DRIVE,TOASewer,RES,PUBLIC,PUBLIC,14-Jul-15,N/A,120,$4.53 ,$543.60 ,$543.60 ,$543.60 ,$257.50 ,$801.10 ,$801.10 ,
4820005,WILLIAMSBURG LANE,TOASewer,RES,PUBLIC,PUBLIC,23-Feb-21,Y,N/A,N/A,N/A,,$257.50 ,$257.50 ,$515.00 ,$515.00 ,
4820016,WILLIAMSBURG LANE,TOASewer,RES,PUBLIC,PUBLIC,12-Sep-13,N/A,74,$4.53 ,$335.22 ,$335.22 ,$335.22 ,$257.50 ,$592.72 ,$592.72 ,
4820021,WILLIAMSBURG LANE,TOASewer,RES,PUBLIC,PUBLIC,13-Aug-02,N/A,108,$4.53 ,$489.24 ,$489.24 ,$489.24 ,$257.50 ,$746.74 ,$746.74 ,
4620001,WILLOW LANE,TOASewer,RES,PUBLIC,PUBLIC,10-Aug-04,N/A,0,$4.53 , $-   ,$180.00 ,$180.00 ,$257.50 ,$437.50 ,$437.50 ,
4620002,WILLOW LANE,TOASewer,RES,PUBLIC,PUBLIC,20-May-20,N/A,20,$4.53 ,$90.60 ,$180.00 ,$180.00 ,$257.50 ,$437.50 ,$437.50 ,
4620003,WILLOW LANE,TOASewer,RES,PUBLIC,PUBLIC,5-Sep-19,N/A,6,$4.53 ,$27.18 ,$180.00 ,$180.00 ,$257.50 ,$437.50 ,$437.50 ,
4620004,WILLOW LANE,TOASewer,RES,PUBLIC,PUBLIC,8-Jun-15,N/A,70,$4.53 ,$317.10 ,$317.10 ,$317.10 ,$257.50 ,$574.60 ,$574.60 ,
4620005,WILLOW LANE,TOASewer,RES,PUBLIC,PUBLIC,2-Aug-05,N/A,18,$4.53 ,$81.54 ,$180.00 ,$180.00 ,$257.50 ,$437.50 ,$437.50 ,
4620006,WILLOW LANE,TOASewer,RES,PUBLIC,PUBLIC,7-Jun-21,Y,N/A,N/A,N/A,,$257.50 ,$257.50 ,$515.00 ,$515.00 ,
4620007,WILLOW LANE,TOASewer,RES,PUBLIC,PUBLIC,27-Jun-77,N/A,12,$4.53 ,$54.36 ,$180.00 ,$180.00 ,$257.50 ,$437.50 ,$437.50 ,
4620008,WILLOW LANE,TOASewer,RES,PUBLIC,PUBLIC,20-Mar-00,N/A,16,$4.53 ,$72.48 ,$180.00 ,$180.00 ,$257.50 ,$437.50 ,$437.50 ,
4620009,WILLOW LANE,TOASewer,RES,PUBLIC,PUBLIC,19-May-08,N/A,18,$4.53 ,$81.54 ,$180.00 ,$180.00 ,$257.50 ,$437.50 ,$437.50 ,
4620010,WILLOW LANE,TOASewer,RES,PUBLIC,PUBLIC,20-Sep-21,Y,N/A,N/A,N/A,,$257.50 ,$257.50 ,$515.00 ,$515.00 ,
4620011,WILLOW LANE,TOASewer,RES,PUBLIC,PUBLIC,2-Jul-19,N/A,28,$4.53 ,$126.84 ,$180.00 ,$180.00 ,$257.50 ,$437.50 ,$437.50 ,
4620012,WILLOW LANE,TOASewer,RES,PUBLIC,PUBLIC,12-Jan-15,N/A,24,$4.53 ,$108.72 ,$180.00 ,$180.00 ,$257.50 ,$437.50 ,$437.50 ,
4620013,WILLOW LANE,TOASewer,RES,PUBLIC,PUBLIC,20-Jul-17,N/A,38,$4.53 ,$172.14 ,$180.00 ,$180.00 ,$257.50 ,$437.50 ,$437.50 ,
4620014,WILLOW LANE,TOASewer,RES,PUBLIC,PUBLIC,8-Jul-21,Y,N/A,N/A,N/A,,$257.50 ,$257.50 ,$515.00 ,$515.00 ,
4620015,WILLOW LANE,TOASewer,RES,PUBLIC,PUBLIC,31-Mar-99,N/A,50,$4.53 ,$226.50 ,$226.50 ,$226.50 ,$257.50 ,$484.00 ,$484.00 ,
4620016,WILLOW LANE,TOASewer,RES,PUBLIC,PUBLIC,18-Jun-18,N/A,36,$4.53 ,$163.08 ,$180.00 ,$180.00 ,$257.50 ,$437.50 ,$437.50 ,
5960001,WILL'S WALK,TOASewer,RES,PUBLIC,PUBLIC,16-Jun-03,N/A,78,$4.53 ,$353.34 ,$353.34 ,$353.34 ,$257.50 ,$610.84 ,$610.84 ,
5960002,WILL'S WALK,TOASewer,RES,PUBLIC,PUBLIC,30-Aug-06,N/A,32,$4.53 ,$144.96 ,$180.00 ,$180.00 ,$257.50 ,$437.50 ,$437.50 ,
5960003,WILL'S WALK,TOASewer,RES,PUBLIC,PUBLIC,3-Aug-20,N/A,40,$4.53 ,$181.20 ,$181.20 ,$181.20 ,$257.50 ,$438.70 ,$438.70 ,
5960004,WILL'S WALK,TOASewer,RES,PUBLIC,PUBLIC,21-Dec-18,N/A,94,$4.53 ,$425.82 ,$425.82 ,$425.82 ,$257.50 ,$683.32 ,$683.32 ,
5960005,WILL'S WALK,TOASewer,RES,PUBLIC,PUBLIC,31-Jul-01,N/A,70,$4.53 ,$317.10 ,$317.10 ,$317.10 ,$257.50 ,$574.60 ,$574.60 ,
4630001,WILTON COURT,TOASewer,RES,PUBLIC,PUBLIC,17-Aug-92,N/A,0,$4.53 , $-   ,$180.00 ,$180.00 ,$257.50 ,$437.50 ,$437.50 ,
4630002,WILTON COURT,TOASewer,RES,PUBLIC,PUBLIC,1-Apr-15,N/A,34,$4.53 ,$154.02 ,$180.00 ,$180.00 ,$257.50 ,$437.50 ,$437.50 ,
4630003,WILTON COURT,TOASewer,RES,PUBLIC,PUBLIC,19-Mar-13,N/A,64,$4.53 ,$289.92 ,$289.92 ,$289.92 ,$257.50 ,$547.42 ,$547.42 ,
4630004,WILTON COURT,TOASewer,RES,PUBLIC,PUBLIC,4-Oct-19,N/A,16,$4.53 ,$72.48 ,$180.00 ,$180.00 ,$257.50 ,$437.50 ,$437.50 ,
4880006,WILTSHIRE LANE,TOASewer,RES,PUBLIC,PUBLIC,8-Jul-20,N/A,68,$4.53 ,$308.04 ,$308.04 ,$308.04 ,$257.50 ,$565.54 ,$565.54 ,
4880009,WILTSHIRE LANE,TOASewer,RES,PUBLIC,PUBLIC,18-Jun-19,N/A,90,$4.53 ,$407.70 ,$407.70 ,$407.70 ,$257.50 ,$665.20 ,$665.20 ,
4880014,WILTSHIRE LANE,TOASewer,RES,PUBLIC,PUBLIC,21-Nov-96,N/A,134,$4.53 ,$607.02 ,$607.02 ,$607.02 ,$257.50 ,$864.52 ,$864.52 ,
4880015,WILTSHIRE LANE,TOASewer,RES,PUBLIC,PUBLIC,28-Jun-05,N/A,116,$4.53 ,$525.48 ,$525.48 ,$525.48 ,$257.50 ,$782.98 ,$782.98 ,
4640025,WINDING LANE,TOASewer,RES,WELL,PRIVATE,N/A,N/A,N/A,N/A,N/A,,$257.50 ,$257.50 ,$515.00 ,$515.00 ,
4640036,WINDING LANE,TOASewer,RES,WELL,PRIVATE,N/A,N/A,N/A,N/A,N/A,,$257.50 ,$257.50 ,$515.00 ,$515.00 ,
4640071,WINDING LANE,TOASewer,RES,WELL,PRIVATE,N/A,N/A,N/A,N/A,N/A,,$257.50 ,$257.50 ,$515.00 ,$515.00 ,
4640078,WINDING LANE,TOASewer,RES,WELL,PRIVATE,N/A,N/A,N/A,N/A,N/A,,$257.50 ,$257.50 ,$515.00 ,$515.00 ,
4640091,WINDING LANE,TOASewer,RES,WELL,PRIVATE,N/A,N/A,N/A,N/A,N/A,,$257.50 ,$257.50 ,$515.00 ,$515.00 ,
4640097,WINDING LANE,TOASewer,RES,WELL,PRIVATE,N/A,N/A,N/A,N/A,N/A,,$257.50 ,$257.50 ,$515.00 ,$515.00 ,
4640098,WINDING LANE,TOASewer,RES,WELL,PRIVATE,N/A,N/A,N/A,N/A,N/A,,$257.50 ,$257.50 ,$515.00 ,$515.00 ,
4640105,WINDING LANE,TOASewer,RES,WELL,PRIVATE,N/A,N/A,N/A,N/A,N/A,,$257.50 ,$257.50 ,$515.00 ,$515.00 ,
4640111,WINDING LANE,TOASewer,RES,WELL,PRIVATE,N/A,N/A,N/A,N/A,N/A,,$257.50 ,$257.50 ,$515.00 ,$515.00 ,
4640120,WINDING LANE,TOASewer,RES,WELL,PRIVATE,N/A,N/A,N/A,N/A,N/A,,$257.50 ,$257.50 ,$515.00 ,$515.00 ,
4640128,WINDING LANE,TOASewer,RES,WELL,PRIVATE,N/A,N/A,N/A,N/A,N/A,,$257.50 ,$257.50 ,$515.00 ,$515.00 ,
4640135,WINDING LANE,TOASewer,RES,WELL,PRIVATE,N/A,N/A,N/A,N/A,N/A,,$257.50 ,$257.50 ,$515.00 ,$515.00 ,
4640140,WINDING LANE,TOASewer,RES,WELL,PRIVATE,N/A,N/A,N/A,N/A,N/A,,$257.50 ,$257.50 ,$515.00 ,$515.00 ,
4650012,WINDRUSH LANE,TOASewer,RES,PUBLIC,PUBLIC,28-Dec-06,N/A,32,$4.53 ,$144.96 ,$180.00 ,$180.00 ,$257.50 ,$437.50 ,$437.50 ,
5310020,WINDSOR COURT,TOASewer,RES,PUBLIC,PUBLIC,24-Apr-15,N/A,58,$4.53 ,$262.74 ,$262.74 ,$262.74 ,$257.50 ,$520.24 ,$520.24 ,
5310078,WINDSOR COURT,TOASewer,RES,PUBLIC,PUBLIC,3-Apr-17,N/A,94,$4.53 ,$425.82 ,$425.82 ,$425.82 ,$257.50 ,$683.32 ,$683.32 ,
5310086,WINDSOR COURT,TOASewer,RES,PUBLIC,PUBLIC,10-Nov-16,N/A,112,$4.53 ,$507.36 ,$507.36 ,$507.36 ,$257.50 ,$764.86 ,$764.86 ,
4670007,WOODFORD AVENUE,TOASewer,RES,PUBLIC,PUBLIC,2-Jul-82,N/A,52,$4.53 ,$235.56 ,$235.56 ,$235.56 ,$257.50 ,$493.06 ,$493.06 ,
4720001,WOODSHOLLOW COURT,TOASewer,RES,PUBLIC,PUBLIC,17-Feb-94,N/A,28,$4.53 ,$126.84 ,$180.00 ,$180.00 ,$257.50 ,$437.50 ,$437.50 ,
4720002,WOODSHOLLOW COURT,TOASewer,RES,PUBLIC,PUBLIC,16-May-03,N/A,16,$4.53 ,$72.48 ,$180.00 ,$180.00 ,$257.50 ,$437.50 ,$437.50 ,
4720003,WOODSHOLLOW COURT,TOASewer,RES,PUBLIC,PUBLIC,24-Jul-06,N/A,28,$4.53 ,$126.84 ,$180.00 ,$180.00 ,$257.50 ,$437.50 ,$437.50 ,
4720004,WOODSHOLLOW COURT,TOASewer,RES,PUBLIC,PUBLIC,3-Jun-02,N/A,54,$4.53 ,$244.62 ,$244.62 ,$244.62 ,$257.50 ,$502.12 ,$502.12 ,
4720005,WOODSHOLLOW COURT,TOASewer,RES,PUBLIC,PUBLIC,29-Jun-17,N/A,28,$4.53 ,$126.84 ,$180.00 ,$180.00 ,$257.50 ,$437.50 ,$437.50 ,
4720006,WOODSHOLLOW COURT,TOASewer,RES,PUBLIC,PUBLIC,4-Oct-07,N/A,4,$4.53 ,$18.12 ,$180.00 ,$180.00 ,$257.50 ,$437.50 ,$437.50 ,
4720007,WOODSHOLLOW COURT,TOASewer,RES,PUBLIC,PUBLIC,28-Feb-03,N/A,6,$4.53 ,$27.18 ,$180.00 ,$180.00 ,$257.50 ,$437.50 ,$437.50 ,
4720008,WOODSHOLLOW COURT,TOASewer,RES,PUBLIC,PUBLIC,11-Aug-14,N/A,18,$4.53 ,$81.54 ,$180.00 ,$180.00 ,$257.50 ,$437.50 ,$437.50 ,
4730123,WRIGHT DRIVE,TOASewer,RES,WELL,PRIVATE,N/A,N/A,N/A,N/A,N/A,,$257.50 ,$257.50 ,$515.00 ,$515.00 ,
4730124,WRIGHT DRIVE,TOASewer,RES,WELL,PRIVATE,N/A,N/A,N/A,N/A,N/A,,$257.50 ,$257.50 ,$515.00 ,$515.00 ,
4730140,WRIGHT DRIVE,TOASewer,RES,WELL,PRIVATE,N/A,N/A,N/A,N/A,N/A,,$257.50 ,$257.50 ,$515.00 ,$515.00 ,
5200001,WYNDEMERE,TOASewer,RES,PUBLIC,PUBLIC,8-May-12,N/A,42,$4.53 ,$190.26 ,$190.26 ,$190.26 ,$257.50 ,$447.76 ,$447.76 ,
5200002,WYNDEMERE,TOASewer,RES,PUBLIC,PUBLIC,21-Jan-21,Y,N/A,N/A,N/A,,$257.50 ,$257.50 ,$515.00 ,$515.00 ,
5200003,WYNDEMERE,TOASewer,RES,PUBLIC,PUBLIC,3-Oct-11,N/A,24,$4.53 ,$108.72 ,$180.00 ,$180.00 ,$257.50 ,$437.50 ,$437.50 ,
5200004,WYNDEMERE,TOASewer,RES,PUBLIC,PUBLIC,1-Aug-16,N/A,20,$4.53 ,$90.60 ,$180.00 ,$180.00 ,$257.50 ,$437.50 ,$437.50 ,
5200005,WYNDEMERE,TOASewer,RES,PUBLIC,PUBLIC,23-Apr-03,N/A,28,$4.53 ,$126.84 ,$180.00 ,$180.00 ,$257.50 ,$437.50 ,$437.50 ,
5200006,WYNDEMERE,TOASewer,RES,PUBLIC,PUBLIC,2-Oct-06,N/A,40,$4.53 ,$181.20 ,$181.20 ,$181.20 ,$257.50 ,$438.70 ,$438.70 ,
5200007,WYNDEMERE,TOASewer,RES,PUBLIC,PUBLIC,16-Oct-14,N/A,6,$4.53 ,$27.18 ,$180.00 ,$180.00 ,$257.50 ,$437.50 ,$437.50 ,
5200008,WYNDEMERE,TOASewer,RES,PUBLIC,PUBLIC,20-May-20,N/A,16,$4.53 ,$72.48 ,$180.00 ,$180.00 ,$257.50 ,$437.50 ,$437.50 ,
5200009,WYNDEMERE,TOASewer,RES,PUBLIC,PUBLIC,21-Jun-19,N/A,52,$4.53 ,$235.56 ,$235.56 ,$235.56 ,$257.50 ,$493.06 ,$493.06 ,
5200010,WYNDEMERE,TOASewer,RES,PUBLIC,PUBLIC,5-Feb-21,Y,N/A,N/A,N/A,,$257.50 ,$257.50 ,$515.00 ,$515.00 ,
5200011,WYNDEMERE,TOASewer,RES,PUBLIC,PUBLIC,17-Oct-14,N/A,8,$4.53 ,$36.24 ,$180.00 ,$180.00 ,$257.50 ,$437.50 ,$437.50 ,
5200012,WYNDEMERE,TOASewer,RES,PUBLIC,PUBLIC,24-May-18,N/A,28,$4.53 ,$126.84 ,$180.00 ,$180.00 ,$257.50 ,$437.50 ,$437.50 ,
5200014,WYNDEMERE,TOASewer,RES,PUBLIC,PUBLIC,8-Sep-09,N/A,72,$4.53 ,$326.16 ,$326.16 ,$326.16 ,$257.50 ,$583.66 ,$583.66 ,
5200015,WYNDEMERE,TOASewer,RES,PUBLIC,PUBLIC,10-Jul-19,N/A,114,$4.53 ,$516.42 ,$516.42 ,$516.42 ,$257.50 ,$773.92 ,$773.92 ,
5200016,WYNDEMERE,TOASewer,RES,PUBLIC,PUBLIC,26-Jul-21,Y,N/A,N/A,N/A,,$257.50 ,$257.50 ,$515.00 ,$515.00 ,
5200017,WYNDEMERE,TOASewer,RES,PUBLIC,PUBLIC,30-Jul-13,N/A,56,$4.53 ,$253.68 ,$253.68 ,$253.68 ,$257.50 ,$511.18 ,$511.18 ,
4750005,YORKSHIRE LANE,TOASewer,RES,PUBLIC,PUBLIC,6-Jun-11,N/A,18,$4.53 ,$81.54 ,$180.00 ,$180.00 ,$257.50 ,$437.50 ,$437.50 ,
4750006,YORKSHIRE LANE,TOASewer,RES,PUBLIC,PUBLIC,18-May-99,N/A,52,$4.53 ,$235.56 ,$235.56 ,$235.56 ,$257.50 ,$493.06 ,$493.06 ,
4750009,YORKSHIRE LANE,TOASewer,RES,PUBLIC,PUBLIC,22-Sep-86,N/A,32,$4.53 ,$144.96 ,$180.00 ,$180.00 ,$257.50 ,$437.50 ,$437.50 ,
4750010,YORKSHIRE LANE,TOASewer,RES,PUBLIC,PUBLIC,10-Jul-07,N/A,60,$4.53 ,$271.80 ,$271.80 ,$271.80 ,$257.50 ,$529.30 ,$529.30 ,
4750014,YORKSHIRE LANE,TOASewer,RES,PUBLIC,PUBLIC,11-May-84,N/A,26,$4.53 ,$117.78 ,$180.00 ,$180.00 ,$257.50 ,$437.50 ,$437.50 ,
4750015,YORKSHIRE LANE,TOASewer,RES,PUBLIC,PUBLIC,17-Feb-84,N/A,28,$4.53 ,$126.84 ,$180.00 ,$180.00 ,$257.50 ,$437.50 ,$437.50 ,
4750018,YORKSHIRE LANE,TOASewer,RES,PUBLIC,PUBLIC,19-Mar-84,N/A,20,$4.53 ,$90.60 ,$180.00 ,$180.00 ,$257.50 ,$437.50 ,$437.50 ,
4750019,YORKSHIRE LANE,TOASewer,RES,PUBLIC,PUBLIC,2-Jul-84,N/A,38,$4.53 ,$172.14 ,$180.00 ,$180.00 ,$257.50 ,$437.50 ,$437.50 ,
4750020,YORKSHIRE LANE,TOASewer,RES,PUBLIC,PUBLIC,14-Jan-05,N/A,66,$4.53 ,$298.98 ,$298.98 ,$298.98 ,$257.50 ,$556.48 ,$556.48 ,
4750021,YORKSHIRE LANE,TOASewer,RES,PUBLIC,PUBLIC,12-Aug-19,N/A,34,$4.53 ,$154.02 ,$180.00 ,$180.00 ,$257.50 ,$437.50 ,$437.50 ,
