"PROP   ","CARD#","_ACODE","_BCODE","_CCODE","_DCODE","_ECODE","_FCODE","_GCODE","_HCODE","_ICODE","_JCODE","_KCODE","_LCODE","_MCODE","_NCODE","_OCODE","_PCODE","_QCODE","_RCODE","PRISH                          ","BLDYR","RMDYR","EFYRBLD","CONSTR","B1PER                           ","B1USE","B2PER                           ","B2USE","F1PER                           ","F1USE","F2PER                           ","F2USE","S1PER                           ","S1USE","S2PER                           ","S2USE","T1PER                           ","T1USE","T2PER                           ","T2USE","U1PER                           ","U1USE","U2PER                           ","U2USE","B1PRADJ                         ","B2PRADJ                         ","F1PRADJ                         ","F2PRADJ                         ","S1PRADJ                         ","S2PRADJ                         ","T1PRADJ                         ","T2PRADJ                         ","U1PRADJ                         ","U2PRADJ                         ","B1VALUE                       ","B2VALUE                       ","F1VALUE                       ","F2VALUE                       ","S1VALUE                       ","S2VALUE                       ","T1VALUE                       ","T2VALUE                       ","U1VALUE                       ","U2VALUE                       ","1OCODE","1OSIZE                        ","1OQTY                         ","1OVAL                         ","2OCODE","2OSIZE                        ","2OQTY                         ","2OVAL                         ","3OCODE","3OSIZE                        ","3OQTY                         ","3OVAL                         ","4OCODE","4OSIZE                        ","4OQTY                         ","4OVAL                         ","5OCODE","5OSIZE                        ","5OQTY                         ","5OVAL                         ","MAIN_AREA                     ","AT_AREA                       ","MAIN_VALUE                    ","BSMT_VALUE                    ","HEAT_VALUE                    ","PLUMB_VALUE                   ","AT_VALUE                      ","T_OTHER_VALUE                 ","C_D_FACTOR                      ","CDU","DEPREC                        ","LIV_VALUE                     ","CAR_VALUE                     ","BEDRM_VALUE                   ","BATH_VALUE                    ","GRADE_VALUE                   ","LAND_VALUE                    ","POOL_VALUE                    ","TENNIS_VALUE                  ","SHED_VALUE                    ","MADJ_VALUE                    ","MREASON                               ","CONDO_STYLE","TSEQ                          ","DLC        " 
"       ","  ","  ","  ","  ","  ","  ","  ","  ","  ","  ","  ","  ","  ","  ","  ","  ","  ","  ","  ",                               ,"    ","    ","    "," ",                                ,"  ",                                ,"  ",                                ,"  ",                                ,"  ",                                ,"  ",                                ,"  ",                                ,"  ",                                ,"  ",                                ,"  ",                                ,"  ",                                ,                                ,                                ,                                ,                                ,                                ,                                ,                                ,                                ,                                ,                              ,                              ,                              ,                              ,                              ,                              ,                              ,                              ,                              ,                              ,"    ",                              ,                              ,                              ,"    ",                              ,                              ,                              ,"    ",                              ,                              ,                              ,"    ",                              ,                              ,                              ,"    ",                              ,                              ,                              ,                              ,                              ,                              ,                              ,                              ,                              ,                              ,                              ,                            1.00,"  ",                              ,                              ,                              ,                              ,                              ,                              ,                              ,                              ,                              ,                              ,                              ,"                                      ","  ",                          5945,"11-Sep-2020" 
"1090011","01","47","02","05","05","01","05","01","  ","  ","02","37","  ","02","  ","  ","04","04","  ",                               ,"1976","    ","    "," ",                            9.00,"86",                                ,"  ",                           20.00,"82",                           80.00,"47",                                ,"  ",                                ,"  ",                                ,"  ",                                ,"  ",                                ,"  ",                                ,"  ",                           33.23,                                ,                          131.69,                           78.88,                                ,                                ,                                ,                                ,                                ,                                ,                         51170,                              ,                        450640,                       1079870,                              ,                              ,                              ,                              ,                              ,                              ,"    ",                              ,                              ,                              ,"    ",                              ,                              ,                              ,"    ",                              ,                              ,                              ,"    ",                              ,                              ,                              ,"    ",                              ,                              ,                              ,                         17112,                              ,                       1295400,                        906780,                              ,                              ,                              ,                              ,                            1.00,"  ",                            30,                              ,                              ,                              ,                              ,                              ,                              ,                              ,                              ,                              ,                              ,"                                      ","  ",                          5947,"11-Sep-2020" 
"1090021","01","55","01","01","01","01","02","02","02","02","01","30","  ","04","  ","01","06","06","  ",                               ,"2002","    ","    "," ",                                ,"  ",                                ,"  ",                          100.00,"55",                                ,"  ",                                ,"  ",                                ,"  ",                                ,"  ",                                ,"  ",                                ,"  ",                                ,"  ",                                ,                                ,                          115.00,                                ,                                ,                                ,                                ,                                ,                                ,                                ,                              ,                              ,                        286240,                              ,                              ,                              ,                              ,                              ,                              ,                              ,"    ",                              ,                              ,                              ,"    ",                              ,                              ,                              ,"    ",                              ,                              ,                              ,"    ",                              ,                              ,                              ,"    ",                              ,                              ,                              ,                          2489,                              ,                        286240,                        200370,                              ,                              ,                              ,                              ,                            1.00,"  ",                              ,                              ,                              ,                              ,                              ,                              ,                              ,                              ,                              ,                              ,                              ,"                                      ","  ",                          6077,"16-Apr-2021" 
"1090280","01","70","10","06","01","01","98","01","  ","  ","01","43","  ","  ","  ","  ","05","05","  ",                               ,"1995","    ","    "," ",                                ,"  ",                                ,"  ",                          100.00,"70",                                ,"  ",                                ,"  ",                                ,"  ",                                ,"  ",                                ,"  ",                                ,"  ",                                ,"  ",                                ,                                ,                           84.49,                                ,                                ,                                ,                                ,                                ,                                ,                                ,                              ,                              ,                        846930,                              ,                              ,                              ,                              ,                              ,                              ,                              ,"    ",                              ,                              ,                              ,"    ",                              ,                              ,                              ,"    ",                              ,                              ,                              ,"    ",                              ,                              ,                              ,"    ",                              ,                              ,                              ,                         10024,                              ,                              ,                              ,                              ,                              ,                              ,                              ,                            1.00,"  ",                            15,                              ,                              ,                              ,                              ,                              ,                              ,                              ,                              ,                              ,                              ,"                                      ","  ",                          2802,"30-Sep-2008" 
"1090280","02","53","01","01","01","01","02","05","01","01","01","43","  ","02","01","01","06","06","  ",                               ,"2002","    ","    "," ",                           50.00,"91",                                ,"  ",                          100.00,"53",                                ,"  ",                                ,"  ",                                ,"  ",                                ,"  ",                                ,"  ",                                ,"  ",                                ,"  ",                           29.91,                                ,                          130.45,                                ,                                ,                                ,                                ,                                ,                                ,                                ,                         71720,                              ,                        625640,                              ,                              ,                              ,                              ,                              ,                              ,                              ,"CP7 ",                           110,                              ,                              ,"OP1 ",                           132,                              ,                              ,"OP1 ",                           450,                              ,                              ,"OP1 ",                           108,                              ,                              ,"    ",                              ,                              ,                              ,                          4796,                              ,                              ,                              ,                              ,                              ,                              ,                              ,                            1.00,"  ",                             5,                              ,                              ,                              ,                              ,                              ,                              ,                              ,                              ,                              ,                              ,"                                      ","  ",                          2368,"21-Nov-2002" 
"1090289","01","92","02","01","01","01","04","04","02","02","01","50","  ","02","03","01","05","05","  ",                               ,"1957","    ","    "," ",                           71.00,"92",                                ,"  ",                          100.00,"92",                                ,"  ",                            8.00,"92",                                ,"  ",                                ,"  ",                                ,"  ",                                ,"  ",                                ,"  ",                          109.69,                                ,                          146.25,                                ,                          117.00,                                ,                                ,                                ,                                ,                                ,                       1218000,                              ,                       2287350,                              ,                        146370,                              ,                              ,                              ,                              ,                              ,"    ",                              ,                              ,                              ,"    ",                              ,                              ,                              ,"    ",                              ,                              ,                              ,"    ",                              ,                              ,                              ,"    ",                              ,                              ,                              ,                         15640,                              ,                       3962116,                       2773481,                              ,                              ,                              ,                              ,                            1.00,"  ",                            30,                              ,                              ,                              ,                              ,                              ,                              ,                              ,                              ,                              ,                              ,"                                      ","  ",                          4667,"30-Jun-2014" 
"1090308","01","44","01","05","05","01","  ","01","01","01","01","27","  ","04","  ","01","03","03","03",                               ,"1974","    ","    "," ",                                ,"  ",                                ,"  ",                          100.00,"44",                                ,"  ",                           33.00,"53",                                ,"  ",                                ,"  ",                                ,"  ",                                ,"  ",                                ,"  ",                                ,                                ,                           52.93,                                ,                          104.36,                                ,                                ,                                ,                                ,                                ,                              ,                              ,                        538620,                              ,                        350440,                              ,                              ,                              ,                              ,                              ,"    ",                              ,                              ,                              ,"    ",                              ,                              ,                              ,"    ",                              ,                              ,                              ,"    ",                              ,                              ,                              ,"    ",                              ,                              ,                              ,                         10176,                              ,                        408968,                        286278,                              ,                              ,                              ,                              ,                            1.00,"  ",                            50,                              ,                              ,                              ,                              ,                              ,                              ,                              ,                              ,                              ,                              ,"                                      ","  ",                          2812,"30-Sep-2008" 
"1091021","01","55","01","01","01","01","02","02","02","02","01","30","  ","04","  ","01","06","06","  ",                               ,"    ","    ","2002"," ",                                ,"  ",                                ,"  ",                                ,"  ",                                ,"  ",                          100.00,"55",                                ,"  ",                                ,"  ",                                ,"  ",                                ,"  ",                                ,"  ",                                ,                                ,                                ,                                ,                          115.00,                                ,                                ,                                ,                                ,                                ,                              ,                              ,                              ,                              ,                        292330,                              ,                              ,                              ,                              ,                              ,"    ",                              ,                              ,                              ,"    ",                              ,                              ,                              ,"    ",                              ,                              ,                              ,"    ",                              ,                              ,                              ,"    ",                              ,                              ,                              ,                          2542,                              ,                        292330,                        204631,                              ,                              ,                              ,                              ,                            1.00,"  ",                              ,                              ,                              ,                              ,                              ,                              ,                              ,                              ,                              ,                              ,                              ,"                                      ","  ",                          5538,"18-Oct-2018" 
"1140025","01","53","  ","  ","  ","  ","  ","  ","  ","  ","01","37","  ","  ","  ","  ","  ","  ","  ",                               ,"1916","    ","    "," ",                                ,"  ",                                ,"  ",                          100.00,"53",                                ,"  ",                                ,"  ",                                ,"  ",                                ,"  ",                                ,"  ",                                ,"  ",                                ,"  ",                                ,                                ,                          130.45,                                ,                                ,                                ,                                ,                                ,                                ,                                ,                              ,                              ,                        322860,                              ,                              ,                              ,                              ,                              ,                              ,                              ,"    ",                              ,                              ,                              ,"    ",                              ,                              ,                              ,"    ",                              ,                              ,                              ,"    ",                              ,                              ,                              ,"    ",                              ,                              ,                              ,                          2475,                              ,                              ,                              ,                              ,                              ,                              ,                              ,                            1.00,"  ",                            50,                              ,                              ,                              ,                              ,                              ,                              ,                              ,                              ,                              ,                              ,"                                      ","  ",                          1253,"16-Mar-2001" 
"1140027","01","53","  ","  ","  ","  ","  ","  ","  ","  ","01","37","  ","  ","  ","  ","  ","  ","  ",                               ,"1906","    ","    "," ",                                ,"  ",                                ,"  ",                          100.00,"53",                                ,"  ",                          100.00,"53",                                ,"  ",                                ,"  ",                                ,"  ",                                ,"  ",                                ,"  ",                                ,                                ,                          130.45,                                ,                          104.36,                                ,                                ,                                ,                                ,                                ,                              ,                              ,                        942890,                              ,                        754310,                              ,                              ,                              ,                              ,                              ,"    ",                              ,                              ,                              ,"    ",                              ,                              ,                              ,"    ",                              ,                              ,                              ,"    ",                              ,                              ,                              ,"    ",                              ,                              ,                              ,                          7228,                              ,                              ,                              ,                              ,                              ,                              ,                              ,                            1.00,"  ",                            50,                              ,                              ,                              ,                              ,                              ,                              ,                              ,                              ,                              ,                              ,"                                      ","  ",                           118,"21-Mar-2000" 
"1160030","01","55","03","01","02","05","02","02","02","02","01","  ","  ","  ","  ","01","05","05","05",                               ,"1987","    ","    "," ",                                ,"  ",                                ,"  ",                          100.00,"55",                                ,"  ",                          100.00,"55",                                ,"  ",                                ,"  ",                                ,"  ",                                ,"  ",                                ,"  ",                                ,                                ,                          115.00,                                ,                          115.00,                                ,                                ,                                ,                                ,                                ,                              ,                              ,                        575000,                              ,                        575000,                              ,                              ,                              ,                              ,                              ,"EL1 ",                              ,                              ,                              ,"    ",                              ,                              ,                              ,"    ",                              ,                              ,                              ,"    ",                              ,                              ,                              ,"    ",                              ,                              ,                              ,                          5000,                              ,                              ,                              ,                              ,                              ,                              ,                              ,                            1.00,"  ",                              ,                              ,                              ,                              ,                              ,                              ,                              ,                              ,                              ,                              ,                              ,"                                      ","  ",                          1336,"15-Jan-2004" 
"1160060","01","55","03","01","02","01","02","02","02","02","01","  ","  ","01","01","01","05","05","05",                               ,"1988","    ","    "," ",                          100.00,"91",                                ,"  ",                          100.00,"55",                                ,"  ",                          100.00,"55",                                ,"  ",                                ,"  ",                                ,"  ",                                ,"  ",                                ,"  ",                           20.00,                                ,                          115.00,                                ,                          115.00,                                ,                                ,                                ,                                ,                                ,                        100000,                              ,                        575000,                              ,                        575000,                              ,                              ,                              ,                              ,                              ,"EL1 ",                              ,                              ,                              ,"    ",                              ,                              ,                              ,"    ",                              ,                              ,                              ,"    ",                              ,                              ,                              ,"    ",                              ,                              ,                              ,                          5000,                              ,                       1250000,                        875000,                              ,                              ,                              ,                              ,                            1.00,"  ",                              ,                              ,                              ,                              ,                              ,                              ,                              ,                              ,                              ,                              ,                              ,"                                      ","  ",                          5015,"28-Jul-2016" 
"1160080","01","55","03","01","02","01","02","02","02","02","02","  ","  ","01","02","01","06","06","  ",                               ,"2006","    ","    "," ",                           50.00,"84",                           50.00,"86",                          100.00,"55",                                ,"  ",                          100.00,"55",                                ,"  ",                                ,"  ",                                ,"  ",                                ,"  ",                                ,"  ",                           20.00,                           20.00,                          115.00,                                ,                          115.00,                                ,                                ,                                ,                                ,                                ,                         50000,                         50000,                        575000,                              ,                        575000,                              ,                              ,                              ,                              ,                              ,"    ",                              ,                              ,                              ,"    ",                              ,                              ,                              ,"    ",                              ,                              ,                              ,"    ",                              ,                              ,                              ,"    ",                              ,                              ,                              ,                          5000,                              ,                              ,                              ,                              ,                              ,                              ,                              ,                            1.00,"  ",                              ,                              ,                              ,                              ,                              ,                              ,                              ,                              ,                              ,                              ,                              ,"                                      ","  ",                          2017,"27-Apr-2007" 
"1160100","01","55","03","01","02","01","02","02","02","02","01","  ","  ","01","02","01","05","05","05",                               ,"1989","    ","    "," ",                           20.00,"91",                           80.00,"55",                          100.00,"55",                                ,"  ",                          100.00,"55",                                ,"  ",                                ,"  ",                                ,"  ",                                ,"  ",                                ,"  ",                           20.00,                           20.00,                          115.00,                                ,                          115.00,                                ,                                ,                                ,                                ,                                ,                         20000,                         80000,                        575000,                              ,                        575000,                              ,                              ,                              ,                              ,                              ,"EL1 ",                              ,                              ,                              ,"    ",                              ,                              ,                              ,"    ",                              ,                              ,                              ,"    ",                              ,                              ,                              ,"    ",                              ,                              ,                              ,                          5000,                              ,                       1250000,                        875000,                              ,                              ,                              ,                              ,                            1.00,"A ",                              ,                              ,                              ,                              ,                              ,                              ,                              ,                              ,                              ,                              ,                              ,"                                      ","  ",                          4873,"07-Jul-2015" 
"1161010","01","55","03","01","02","05","02","02","02","02","01","  ","  ","  ","  ","01","05","05","05",                               ,"1986","    ","    "," ",                                ,"  ",                                ,"  ",                          100.00,"55",                                ,"  ",                                ,"  ",                                ,"  ",                                ,"  ",                                ,"  ",                                ,"  ",                                ,"  ",                                ,                                ,                          115.00,                                ,                                ,                                ,                                ,                                ,                                ,                                ,                              ,                              ,                        575000,                              ,                              ,                              ,                              ,                              ,                              ,                              ,"EL1 ",                              ,                              ,                              ,"    ",                              ,                              ,                              ,"    ",                              ,                              ,                              ,"    ",                              ,                              ,                              ,"    ",                              ,                              ,                              ,                          5000,                              ,                        575000,                        402500,                              ,                              ,                              ,                              ,                            1.00,"  ",                              ,                              ,                              ,                              ,                              ,                              ,                              ,                              ,                              ,                              ,                              ,"                                      ","  ",                          5520,"18-Oct-2018" 
"1161020","01","55","03","01","02","05","02","02","02","02","01","  ","  ","  ","  ","01","05","05","05",                               ,"1987","    ","    "," ",                                ,"  ",                                ,"  ",                          100.00,"55",                                ,"  ",                                ,"  ",                                ,"  ",                                ,"  ",                                ,"  ",                                ,"  ",                                ,"  ",                                ,                                ,                          115.00,                                ,                                ,                                ,                                ,                                ,                                ,                                ,                              ,                              ,                        575000,                              ,                              ,                              ,                              ,                              ,                              ,                              ,"EL1 ",                              ,                              ,                              ,"    ",                              ,                              ,                              ,"    ",                              ,                              ,                              ,"    ",                              ,                              ,                              ,"    ",                              ,                              ,                              ,                          5000,                              ,                              ,                              ,                              ,                              ,                              ,                              ,                            1.00,"  ",                              ,                              ,                              ,                              ,                              ,                              ,                              ,                              ,                              ,                              ,                              ,"                                      ","  ",                          1334,"15-Jan-2004" 
"1161040","01","55","03","01","02","05","02","02","02","02","01","  ","  ","  ","  ","01","05","05","05",                               ,"1987","    ","    "," ",                                ,"  ",                                ,"  ",                          100.00,"55",                                ,"  ",                                ,"  ",                                ,"  ",                                ,"  ",                                ,"  ",                                ,"  ",                                ,"  ",                                ,                                ,                          115.00,                                ,                                ,                                ,                                ,                                ,                                ,                                ,                              ,                              ,                        575000,                              ,                              ,                              ,                              ,                              ,                              ,                              ,"EL1 ",                              ,                              ,                              ,"    ",                              ,                              ,                              ,"    ",                              ,                              ,                              ,"    ",                              ,                              ,                              ,"    ",                              ,                              ,                              ,                          5000,                              ,                              ,                              ,                              ,                              ,                              ,                              ,                            1.00,"  ",                              ,                              ,                              ,                              ,                              ,                              ,                              ,                              ,                              ,                              ,                              ,"                                      ","  ",                          1337,"15-Jan-2004" 
"1161050","01","55","03","01","02","01","02","02","02","02","01","  ","  ","01","01","01","05","05","05",                               ,"1988","    ","    "," ",                           50.00,"91",                                ,"  ",                          100.00,"55",                                ,"  ",                                ,"  ",                                ,"  ",                                ,"  ",                                ,"  ",                                ,"  ",                                ,"  ",                           20.00,                                ,                          115.00,                                ,                                ,                                ,                                ,                                ,                                ,                                ,                         50000,                              ,                        575000,                              ,                              ,                              ,                              ,                              ,                              ,                              ,"EL1 ",                              ,                              ,                              ,"    ",                              ,                              ,                              ,"    ",                              ,                              ,                              ,"    ",                              ,                              ,                              ,"    ",                              ,                              ,                              ,                          5000,                              ,                        625000,                        437500,                              ,                              ,                              ,                              ,                            1.00,"  ",                              ,                              ,                              ,                              ,                              ,                              ,                              ,                              ,                              ,                              ,                              ,"                                      ","  ",                          5795,"18-Oct-2019" 
"1161070","01","55","  ","  ","  ","  ","  ","  ","  ","  ","  ","  ","  ","  ","  ","  ","  ","  ","  ",                               ,"2006","    ","    "," ",                                ,"  ",                                ,"  ",                          100.00,"55",                                ,"  ",                                ,"  ",                                ,"  ",                                ,"  ",                                ,"  ",                                ,"  ",                                ,"  ",                                ,                                ,                          115.00,                                ,                                ,                                ,                                ,                                ,                                ,                                ,                              ,                              ,                        575000,                              ,                              ,                              ,                              ,                              ,                              ,                              ,"    ",                              ,                              ,                              ,"    ",                              ,                              ,                              ,"    ",                              ,                              ,                              ,"    ",                              ,                              ,                              ,"    ",                              ,                              ,                              ,                          5000,                              ,                        201250,                        140875,                              ,                              ,                              ,                              ,                            1.00,"  ",                            65,                              ,                              ,                              ,                              ,                              ,                              ,                              ,                              ,                              ,                              ,"                                      ","  ",                          5534,"18-Oct-2018" 
"1161090","01","55","03","01","02","01","02","02","02","02","01","  ","  ","01","01","01","05","05","05",                               ,"1989","    ","    "," ",                           15.00,"91",                           10.00,"55",                          100.00,"55",                                ,"  ",                                ,"  ",                                ,"  ",                                ,"  ",                                ,"  ",                                ,"  ",                                ,"  ",                           20.00,                           20.00,                          115.00,                                ,                                ,                                ,                                ,                                ,                                ,                                ,                         15000,                         10000,                        575000,                              ,                              ,                              ,                              ,                              ,                              ,                              ,"EL1 ",                              ,                              ,                              ,"    ",                              ,                              ,                              ,"    ",                              ,                              ,                              ,"    ",                              ,                              ,                              ,"    ",                              ,                              ,                              ,                          5000,                              ,                        600000,                        420000,                              ,                              ,                              ,                              ,                            1.00,"  ",                              ,                              ,                              ,                              ,                              ,                              ,                              ,                              ,                              ,                              ,                              ,"                                      ","  ",                          4872,"07-Jul-2015" 
"1162010","01","55","03","01","02","05","02","02","02","02","01","  ","  ","  ","  ","01","05","05","05",                               ,"1986","    ","    "," ",                                ,"  ",                                ,"  ",                                ,"  ",                                ,"  ",                          100.00,"55",                                ,"  ",                                ,"  ",                                ,"  ",                                ,"  ",                                ,"  ",                                ,                                ,                                ,                                ,                          115.00,                                ,                                ,                                ,                                ,                                ,                              ,                              ,                              ,                              ,                        575000,                              ,                              ,                              ,                              ,                              ,"EL1 ",                              ,                              ,                              ,"    ",                              ,                              ,                              ,"    ",                              ,                              ,                              ,"    ",                              ,                              ,                              ,"    ",                              ,                              ,                              ,                          5000,                              ,                        575000,                        402500,                              ,                              ,                              ,                              ,                            1.00,"  ",                              ,                              ,                              ,                              ,                              ,                              ,                              ,                              ,                              ,                              ,                              ,"                                      ","  ",                          5522,"18-Oct-2018" 
"1162020","01","55","03","01","02","05","02","02","02","02","01","  ","  ","  ","  ","01","05","05","05",                               ,"    ","    ","    "," ",                                ,"  ",                                ,"  ",                                ,"  ",                                ,"  ",                          100.00,"55",                                ,"  ",                                ,"  ",                                ,"  ",                                ,"  ",                                ,"  ",                                ,                                ,                                ,                                ,                          115.00,                                ,                                ,                                ,                                ,                                ,                              ,                              ,                              ,                              ,                        575000,                              ,                              ,                              ,                              ,                              ,"EL1 ",                              ,                              ,                              ,"    ",                              ,                              ,                              ,"    ",                              ,                              ,                              ,"    ",                              ,                              ,                              ,"    ",                              ,                              ,                              ,                          5000,                              ,                        517500,                        362250,                              ,                              ,                              ,                              ,                            1.00,"  ",                            10,                              ,                              ,                              ,                              ,                              ,                              ,                              ,                              ,                              ,                              ,"                                      ","  ",                          5788,"25-Sep-2019" 
"1162040","01","55","03","01","02","05","02","02","02","02","01","  ","  ","  ","  ","01","05","05","05",                               ,"1987","    ","    "," ",                                ,"  ",                                ,"  ",                                ,"  ",                                ,"  ",                          100.00,"55",                                ,"  ",                                ,"  ",                                ,"  ",                                ,"  ",                                ,"  ",                                ,                                ,                                ,                                ,                          115.00,                                ,                                ,                                ,                                ,                                ,                              ,                              ,                              ,                              ,                        575000,                              ,                              ,                              ,                              ,                              ,"EL1 ",                              ,                              ,                              ,"    ",                              ,                              ,                              ,"    ",                              ,                              ,                              ,"    ",                              ,                              ,                              ,"    ",                              ,                              ,                              ,                          5000,                              ,                              ,                              ,                              ,                              ,                              ,                              ,                            1.00,"  ",                              ,                              ,                              ,                              ,                              ,                              ,                              ,                              ,                              ,                              ,                              ,"                                      ","  ",                          1338,"15-Jan-2004" 
"1162050","01","55","03","01","02","01","02","02","02","02","01","  ","  ","01","01","01","05","05","05",                               ,"1988","    ","    "," ",                           50.00,"91",                                ,"  ",                                ,"  ",                                ,"  ",                          100.00,"55",                                ,"  ",                                ,"  ",                                ,"  ",                                ,"  ",                                ,"  ",                           20.00,                                ,                                ,                                ,                          115.00,                                ,                                ,                                ,                                ,                                ,                         50000,                              ,                              ,                              ,                        575000,                              ,                              ,                              ,                              ,                              ,"EL1 ",                              ,                              ,                              ,"    ",                              ,                              ,                              ,"    ",                              ,                              ,                              ,"    ",                              ,                              ,                              ,"    ",                              ,                              ,                              ,                          5000,                              ,                        625000,                        437500,                              ,                              ,                              ,                              ,                            1.00,"  ",                              ,                              ,                              ,                              ,                              ,                              ,                              ,                              ,                              ,                              ,                              ,"                                      ","  ",                          5796,"18-Oct-2019" 
"1162070","01","55","03","01","02","01","02","02","02","02","02","  ","  ","  ","  ","01","06","06","  ",                               ,"    ","    ","    "," ",                           50.00,"84",                                ,"  ",                                ,"  ",                                ,"  ",                          100.00,"55",                                ,"  ",                                ,"  ",                                ,"  ",                                ,"  ",                                ,"  ",                           20.00,                                ,                                ,                                ,                          115.00,                                ,                                ,                                ,                                ,                                ,                         50000,                              ,                              ,                              ,                        575000,                              ,                              ,                              ,                              ,                              ,"    ",                              ,                              ,                              ,"    ",                              ,                              ,                              ,"    ",                              ,                              ,                              ,"    ",                              ,                              ,                              ,"    ",                              ,                              ,                              ,                          5000,                              ,                              ,                              ,                              ,                              ,                              ,                              ,                            1.00,"  ",                              ,                              ,                              ,                              ,                              ,                              ,                              ,                              ,                              ,                              ,                              ,"                                      ","  ",                          4314,"04-Oct-2013" 
"1162090","01","55","03","01","02","01","02","02","02","02","01","  ","  ","01","01","01","05","05","05",                               ,"1989","    ","    "," ",                           25.00,"91",                           25.00,"55",                                ,"  ",                                ,"  ",                          100.00,"55",                                ,"  ",                                ,"  ",                                ,"  ",                                ,"  ",                                ,"  ",                           20.00,                           20.00,                                ,                                ,                          115.00,                                ,                                ,                                ,                                ,                                ,                         25000,                         25000,                              ,                              ,                        575000,                              ,                              ,                              ,                              ,                              ,"    ",                              ,                              ,                              ,"    ",                              ,                              ,                              ,"    ",                              ,                              ,                              ,"    ",                              ,                              ,                              ,"    ",                              ,                              ,                              ,                          5000,                              ,                              ,                              ,                              ,                              ,                              ,                              ,                            1.00,"  ",                              ,                              ,                              ,                              ,                              ,                              ,                              ,                              ,                              ,                              ,                              ,"                                      ","  ",                          3480,"24-May-2012" 
"1170279","01","21","04","01","01","01","02","02","01","02","02","47","  ","  ","  ","01","05","05","05",                               ,"1957","    ","    "," ",                           16.00,"86",                                ,"  ",                          100.00,"21",                                ,"  ",                           58.00,"21",                                ,"  ",                           45.00,"21",                                ,"  ",                                ,"  ",                                ,"  ",                           33.23,                                ,                          116.44,                                ,                           93.15,                                ,                           93.15,                                ,                                ,                                ,                        212040,                              ,                       4644090,                              ,                       2154840,                              ,                       1671860,                              ,                              ,                              ,"EL1 ",                              ,                             1,                         50000,"    ",                              ,                              ,                              ,"CP7 ",                          4238,                              ,                         94300,"    ",                              ,                              ,                              ,"    ",                              ,                              ,                              ,                         39884,                              ,                       2559870,                       1791910,                              ,                              ,                              ,                              ,                            1.00,"  ",                            80,                              ,                              ,                              ,                              ,                              ,                              ,                              ,                              ,                              ,                              ,"                                      ","  ",                          6230,"09-Sep-2022" 
"1170279","02","21","04","01","01","01","02","02","08","03","02","33","  ","  ","  ","03","04","04","04",                               ,"1957","    ","    "," ",                                ,"  ",                                ,"  ",                          100.00,"21",                                ,"  ",                          100.00,"21",                                ,"  ",                                ,"  ",                                ,"  ",                                ,"  ",                                ,"  ",                                ,                                ,                          116.44,                                ,                           93.15,                                ,                                ,                                ,                                ,                                ,                              ,                              ,                        978100,                              ,                        782460,                              ,                              ,                              ,                              ,                              ,"    ",                              ,                              ,                              ,"    ",                              ,                              ,                              ,"    ",                              ,                              ,                              ,"    ",                              ,                              ,                              ,"    ",                              ,                              ,                              ,                          8400,                              ,                        570420,                        399290,                              ,                              ,                              ,                              ,                            1.00,"  ",                            70,                              ,                              ,                              ,                              ,                              ,                              ,                              ,                              ,                              ,                              ,"                                      ","  ",                          6233,"09-Sep-2022" 
"1170280","01","31","01","01","01","01","02","02","02","02","01","50","  ","02","02","01","05","05","05",                               ,"1747","    ","    "," ",                           40.00,"86",                                ,"  ",                          100.00,"31",                                ,"  ",                           12.00,"31",                            8.00,"86",                                ,"  ",                                ,"  ",                                ,"  ",                                ,"  ",                           29.91,                                ,                          107.89,                                ,                           86.31,                           31.91,                                ,                                ,                                ,                                ,                        210720,                              ,                       1900270,                              ,                        182460,                         44960,                              ,                              ,                              ,                              ,"CP7 ",                           886,                              ,                         19710,"    ",                              ,                              ,                              ,"    ",                              ,                              ,                              ,"    ",                              ,                              ,                              ,"    ",                              ,                              ,                              ,                         17613,                              ,                       1644789,                       1151352,                              ,                              ,                              ,                              ,                            1.00,"  ",                            55,                              ,                              ,                              ,                              ,                              ,                              ,                              ,                              ,                              ,                              ,"                                      ","  ",                          5486,"18-Oct-2018" 
"1220009","01","34","01","01","01","05","02","02","02","02","01","33","99","99","  ","01","05","05","05",                               ,"1984","    ","    "," ",                                ,"  ",                                ,"  ",                          100.00,"34",                                ,"  ",                                ,"  ",                                ,"  ",                                ,"  ",                                ,"  ",                                ,"  ",                                ,"  ",                                ,                                ,                           84.38,                                ,                                ,                                ,                                ,                                ,                                ,                                ,                              ,                              ,                        253140,                              ,                              ,                              ,                              ,                              ,                              ,                              ,"    ",                              ,                              ,                              ,"    ",                              ,                              ,                              ,"    ",                              ,                              ,                              ,"    ",                              ,                              ,                              ,"    ",                              ,                              ,                              ,                          3000,                              ,                              ,                              ,                              ,                              ,                              ,                              ,                            1.00,"  ",                            20,                              ,                              ,                              ,                              ,                              ,                              ,                              ,                              ,                              ,                              ,"                                      ","  ",                          1176,"17-Dec-2003" 
"1220009","02","34","01","01","01","05","02","02","02","02","01","33","99","99","  ","01","05","05","05",                               ,"1984","    ","    "," ",                                ,"  ",                                ,"  ",                          100.00,"34",                                ,"  ",                                ,"  ",                                ,"  ",                                ,"  ",                                ,"  ",                                ,"  ",                                ,"  ",                                ,                                ,                           84.38,                                ,                                ,                                ,                                ,                                ,                                ,                                ,                              ,                              ,                        259640,                              ,                              ,                              ,                              ,                              ,                              ,                              ,"    ",                              ,                              ,                              ,"    ",                              ,                              ,                              ,"    ",                              ,                              ,                              ,"    ",                              ,                              ,                              ,"    ",                              ,                              ,                              ,                          3077,                              ,                              ,                              ,                              ,                              ,                              ,                              ,                            1.00,"  ",                            20,                              ,                              ,                              ,                              ,                              ,                              ,                              ,                              ,                              ,                              ,"                                      ","  ",                          2018,"02-May-2007" 
"1220009","03","34","01","01","01","05","02","02","02","02","01","33","99","99","  ","01","05","05","05",                               ,"1984","    ","    "," ",                                ,"  ",                                ,"  ",                          100.00,"34",                                ,"  ",                                ,"  ",                                ,"  ",                                ,"  ",                                ,"  ",                                ,"  ",                                ,"  ",                                ,                                ,                           84.38,                                ,                                ,                                ,                                ,                                ,                                ,                                ,                              ,                              ,                        230860,                              ,                              ,                              ,                              ,                              ,                              ,                              ,"    ",                              ,                              ,                              ,"    ",                              ,                              ,                              ,"    ",                              ,                              ,                              ,"    ",                              ,                              ,                              ,"    ",                              ,                              ,                              ,                          2736,                              ,                              ,                              ,                              ,                              ,                              ,                              ,                            1.00,"  ",                            20,                              ,                              ,                              ,                              ,                              ,                              ,                              ,                              ,                              ,                              ,"                                      ","  ",                          1178,"17-Dec-2003" 
"1220064","01","11","03","01","01","01","02","02","01","02","01","33","99","02","01","01","05","05","05",                               ,"1977","    ","    "," ",                           66.00,"84",                                ,"  ",                          100.00,"11",                                ,"  ",                          100.00,"11",                                ,"  ",                          100.00,"11",                                ,"  ",                                ,"  ",                                ,"  ",                           29.91,                                ,                           85.50,                                ,                           68.40,                                ,                           68.40,                                ,                                ,                                ,                        537810,                              ,                       2329360,                              ,                       1863490,                              ,                       1863490,                              ,                              ,                              ,"AC1 ",                         81732,                              ,                        326930,"    ",                              ,                              ,                              ,"    ",                              ,                              ,                              ,"    ",                              ,                              ,                              ,"    ",                              ,                              ,                              ,                         27244,                              ,                       5606075,                       3924253,                              ,                              ,                              ,                              ,                            1.00,"  ",                            25,                              ,                              ,                              ,                              ,                              ,                              ,                              ,                              ,                              ,                              ,"                                      ","  ",                          5614,"06-Nov-2018" 
"1220064","02","11","03","01","01","01","02","02","01","02","01","33","99","02","01","01","05","05","05",                               ,"1977","    ","    "," ",                           66.00,"84",                                ,"  ",                          100.00,"11",                                ,"  ",                          100.00,"11",                                ,"  ",                          100.00,"11",                                ,"  ",                                ,"  ",                                ,"  ",                           29.91,                                ,                           85.50,                                ,                           68.40,                                ,                           68.40,                                ,                                ,                                ,                        537810,                              ,                       2329360,                              ,                       1863490,                              ,                       1863490,                              ,                              ,                              ,"AC1 ",                         81732,                              ,                        326930,"    ",                              ,                              ,                              ,"    ",                              ,                              ,                              ,"    ",                              ,                              ,                              ,"    ",                              ,                              ,                              ,                         27244,                              ,                       5606075,                       3924253,                              ,                              ,                              ,                              ,                            1.00,"  ",                            25,                              ,                              ,                              ,                              ,                              ,                              ,                              ,                              ,                              ,                              ,"                                      ","  ",                          5615,"06-Nov-2018" 
"1220064","03","11","03","01","01","01","02","02","01","02","01","33","  ","99","01","01","05","05","05",                               ,"1977","    ","    "," ",                           66.00,"84",                                ,"  ",                          100.00,"11",                                ,"  ",                          100.00,"11",                                ,"  ",                          100.00,"11",                                ,"  ",                                ,"  ",                                ,"  ",                           29.91,                                ,                           85.50,                                ,                           68.40,                                ,                           68.40,                                ,                                ,                                ,                        537810,                              ,                       2329360,                              ,                       1863490,                              ,                       1863490,                              ,                              ,                              ,"AC1 ",                         81732,                              ,                        326930,"    ",                              ,                              ,                              ,"    ",                              ,                              ,                              ,"    ",                              ,                              ,                              ,"    ",                              ,                              ,                              ,                         27244,                              ,                       5606075,                       3924253,                              ,                              ,                              ,                              ,                            1.00,"  ",                            25,                              ,                              ,                              ,                              ,                              ,                              ,                              ,                              ,                              ,                              ,"                                      ","  ",                          5616,"06-Nov-2018" 
"1240004","01","31","03","01","01","01","02","02","01","01","01","33","  ","04","  ","01","05","05","05",                               ,"1955","    ","    "," ",                                ,"  ",                                ,"  ",                          100.00,"31",                                ,"  ",                                ,"  ",                                ,"  ",                                ,"  ",                                ,"  ",                                ,"  ",                                ,"  ",                                ,                                ,                          107.89,                                ,                                ,                                ,                                ,                                ,                                ,                                ,                              ,                              ,                        322270,                              ,                              ,                              ,                              ,                              ,                              ,                              ,"    ",                              ,                              ,                              ,"    ",                              ,                              ,                              ,"    ",                              ,                              ,                              ,"    ",                              ,                              ,                              ,"    ",                              ,                              ,                              ,                          2987,                              ,                              ,                              ,                              ,                              ,                              ,                              ,                            1.00,"  ",                            15,                              ,                              ,                              ,                              ,                              ,                              ,                              ,                              ,                              ,                              ,"                                      ","  ",                          2868,"09-Oct-2008" 
"1240025","01","53","01","01","01","01","02","02","02","02","01","30","  ","04","  ","01","05","05","05",                               ,"1972","    ","    "," ",                                ,"  ",                                ,"  ",                          100.00,"53",                                ,"  ",                          103.00,"53",                                ,"  ",                                ,"  ",                                ,"  ",                                ,"  ",                                ,"  ",                                ,                                ,                          130.45,                                ,                          104.36,                                ,                                ,                                ,                                ,                                ,                              ,                              ,                        254380,                              ,                        209660,                              ,                              ,                              ,                              ,                              ,"    ",                              ,                              ,                              ,"    ",                              ,                              ,                              ,"    ",                              ,                              ,                              ,"    ",                              ,                              ,                              ,"    ",                              ,                              ,                              ,                          1950,                              ,                              ,                              ,                              ,                              ,                              ,                              ,                            1.00,"  ",                            35,                              ,                              ,                              ,                              ,                              ,                              ,                              ,                              ,                              ,                              ,"                                      ","  ",                           898,"30-Sep-2003" 
"1300075","01","  ","  ","  ","  ","  ","  ","  ","  ","  ","  ","  ","  ","  ","  ","  ","  ","  ","  ",                               ,"    ","    ","    "," ",                                ,"  ",                                ,"  ",                                ,"  ",                                ,"  ",                                ,"  ",                                ,"  ",                                ,"  ",                                ,"  ",                                ,"  ",                                ,"  ",                                ,                                ,                                ,                                ,                                ,                                ,                                ,                                ,                                ,                                ,                              ,                              ,                              ,                              ,                              ,                              ,                              ,                              ,                              ,                              ,"    ",                              ,                              ,                              ,"    ",                              ,                              ,                              ,"    ",                              ,                              ,                              ,"    ",                              ,                              ,                              ,"    ",                              ,                              ,                              ,                              ,                              ,                              ,                              ,                              ,                              ,                              ,                              ,                                ,"  ",                              ,                              ,                              ,                              ,                              ,                              ,                              ,                              ,                              ,                              ,                              ,"                                      ","  ",                              ,"           " 
"1300075","02","34","02","09","05","01","02","01","08","02","02","53","  ","  ","  ","01","  ","  ","  ",                               ,"2021","    ","    "," ",                                ,"  ",                                ,"  ",                          100.00,"34",                                ,"  ",                                ,"  ",                                ,"  ",                                ,"  ",                                ,"  ",                                ,"  ",                                ,"  ",                                ,                                ,                           93.75,                                ,                                ,                                ,                                ,                                ,                                ,                                ,                              ,                              ,                       1148060,                              ,                              ,                              ,                              ,                              ,                              ,                              ,"    ",                              ,                              ,                              ,"    ",                              ,                              ,                              ,"    ",                              ,                              ,                              ,"    ",                              ,                              ,                              ,"    ",                              ,                              ,                              ,                         12246,                              ,                       1437950,                       1006570,                              ,                              ,                              ,                              ,                            1.00,"  ",                            25,                              ,                              ,                              ,                              ,                              ,                              ,                              ,                              ,                              ,                              ,"                                      ","  ",                          6163,"23-Sep-2021" 
"1300075","03","34","02","09","05","01","02","01","08","02","02","53","  ","  ","  ","01","05","05","  ",                               ,"    ","    ","    "," ",                                ,"  ",                                ,"  ",                          100.00,"34",                                ,"  ",                                ,"  ",                                ,"  ",                                ,"  ",                                ,"  ",                                ,"  ",                                ,"  ",                                ,                                ,                           93.75,                                ,                                ,                                ,                                ,                                ,                                ,                                ,                              ,                              ,                       1535060,                              ,                              ,                              ,                              ,                              ,                              ,                              ,"    ",                              ,                              ,                              ,"    ",                              ,                              ,                              ,"    ",                              ,                              ,                              ,"    ",                              ,                              ,                              ,"    ",                              ,                              ,                              ,                         16374,                              ,                       1922660,                       1345860,                              ,                              ,                              ,                              ,                            1.00,"  ",                            25,                              ,                              ,                              ,                              ,                              ,                              ,                              ,                              ,                              ,                              ,"                                      ","  ",                          6164,"23-Sep-2021" 
"1300101","01","21","01","01","01","01","02","02","07","02","01","40","  ","04","  ","01","05","05","05",                               ,"1998","    ","    "," ",                                ,"  ",                                ,"  ",                          100.00,"21",                                ,"  ",                           90.00,"21",                                ,"  ",                           90.00,"21",                                ,"  ",                                ,"  ",                                ,"  ",                                ,                                ,                          104.80,                                ,                           83.84,                                ,                           83.84,                                ,                                ,                                ,                              ,                              ,                       3689380,                              ,                       2656390,                              ,                       2656390,                              ,                              ,                              ,"EL1 ",                              ,                             2,                        100000,"CP7 ",                          3252,                              ,                         72360,"    ",                              ,                              ,                              ,"    ",                              ,                              ,                              ,"    ",                              ,                              ,                              ,                         35204,                              ,                      10403906,                       7282734,                              ,                              ,                              ,                              ,                            1.00,"  ",                            10,                              ,                              ,                              ,                              ,                              ,                              ,                              ,                              ,                              ,                              ,"                                      ","  ",                          5587,"18-Oct-2018" 
"1610200","01","53","01","01","01","01","02","02","01","02","01","37","  ","01","03","01","05","05","  ",                               ,"1985","    ","    "," ",                           50.00,"82",                           18.00,"86",                          100.00,"53",                                ,"  ",                                ,"  ",                                ,"  ",                                ,"  ",                                ,"  ",                                ,"  ",                                ,"  ",                           88.89,                           29.91,                          130.45,                                ,                                ,                                ,                                ,                                ,                                ,                                ,                        172540,                         20910,                        506280,                              ,                              ,                              ,                              ,                              ,                              ,                              ,"    ",                              ,                              ,                              ,"    ",                              ,                              ,                              ,"    ",                              ,                              ,                              ,"    ",                              ,                              ,                              ,"    ",                              ,                              ,                              ,                          3881,                              ,                              ,                              ,                              ,                              ,                              ,                              ,                            1.00,"  ",                            10,                              ,                              ,                              ,                              ,                              ,                              ,                              ,                              ,                              ,                              ,"                                      ","  ",                          3070,"03-Apr-2009" 
"1610200","02","44","01","01","01","01","98","01","  ","  ","01","37","  ","99","  ","  ","05","05","05",                               ,"1985","    ","    "," ",                                ,"  ",                                ,"  ",                          100.00,"44",                                ,"  ",                                ,"  ",                                ,"  ",                                ,"  ",                                ,"  ",                                ,"  ",                                ,"  ",                                ,                                ,                           52.93,                                ,                                ,                                ,                                ,                                ,                                ,                                ,                              ,                              ,                        246440,                              ,                              ,                              ,                              ,                              ,                              ,                              ,"    ",                              ,                              ,                              ,"    ",                              ,                              ,                              ,"    ",                              ,                              ,                              ,"    ",                              ,                              ,                              ,"    ",                              ,                              ,                              ,                          4656,                              ,                              ,                              ,                              ,                              ,                              ,                              ,                            1.00,"  ",                            10,                              ,                              ,                              ,                              ,                              ,                              ,                              ,                              ,                              ,                              ,"                                      ","  ",                          1084,"12-Mar-2001" 
"1610200","03","47","01","01","01","01","98","01","  ","  ","01","37","  ","  ","  ","  ","05","05","  ",                               ,"1985","    ","    "," ",                                ,"  ",                                ,"  ",                          100.00,"47",                                ,"  ",                                ,"  ",                                ,"  ",                                ,"  ",                                ,"  ",                                ,"  ",                                ,"  ",                                ,                                ,                           70.99,                                ,                                ,                                ,                                ,                                ,                                ,                                ,                              ,                              ,                        488410,                              ,                              ,                              ,                              ,                              ,                              ,                              ,"    ",                              ,                              ,                              ,"    ",                              ,                              ,                              ,"    ",                              ,                              ,                              ,"    ",                              ,                              ,                              ,"    ",                              ,                              ,                              ,                          6880,                              ,                              ,                              ,                              ,                              ,                              ,                              ,                            1.00,"  ",                            10,                              ,                              ,                              ,                              ,                              ,                              ,                              ,                              ,                              ,                              ,"                                      ","  ",                          1104,"12-Mar-2001" 
"1780003","01","47","  ","  ","  ","  ","  ","  ","  ","  ","02","40","  ","  ","  ","  ","  ","  ","  ",                               ,"    ","    ","    "," ",                                ,"  ",                                ,"  ",                          100.00,"47",                                ,"  ",                                ,"  ",                                ,"  ",                                ,"  ",                                ,"  ",                                ,"  ",                                ,"  ",                                ,                                ,                           78.88,                                ,                                ,                                ,                                ,                                ,                                ,                                ,                              ,                              ,                        509560,                              ,                              ,                              ,                              ,                              ,                              ,                              ,"    ",                              ,                              ,                              ,"    ",                              ,                              ,                              ,"    ",                              ,                              ,                              ,"    ",                              ,                              ,                              ,"    ",                              ,                              ,                              ,                          6460,                              ,                              ,                              ,                              ,                              ,                              ,                              ,                            1.00,"  ",                            25,                              ,                              ,                              ,                              ,                              ,                              ,                              ,                              ,                              ,                              ,"                                      ","  ",                           116,"21-Mar-2000" 
"1830005","01","53","05","01","01","01","02","02","02","02","01","33","  ","01","01","01","05","05","05",                               ,"1989","    ","    "," ",                           83.00,"91",                                ,"  ",                          100.00,"53",                                ,"  ",                           83.00,"53",                                ,"  ",                                ,"  ",                                ,"  ",                                ,"  ",                                ,"  ",                           29.91,                                ,                          130.45,                                ,                          104.36,                                ,                                ,                                ,                                ,                                ,                         65530,                              ,                        344390,                              ,                        228650,                              ,                              ,                              ,                              ,                              ,"CP7 ",                           512,                              ,                         11390,"    ",                              ,                              ,                              ,"CP7 ",                           368,                              ,                          8190,"    ",                              ,                              ,                              ,"    ",                              ,                              ,                              ,                          2640,                              ,                        426481,                        298537,                              ,                              ,                              ,                              ,                            1.00,"  ",                            40,                              ,                              ,                              ,                              ,                              ,                              ,                              ,                              ,                              ,                              ,"                                      ","  ",                          5539,"18-Oct-2018" 
"1830050","01","34","03","09","01","01","02","01","08","02","02","53","  ","  ","  ","01","05","05","06",                               ,"2019","    ","    "," ",                                ,"  ",                                ,"  ",                          100.00,"34",                                ,"  ",                                ,"  ",                                ,"  ",                                ,"  ",                                ,"  ",                                ,"  ",                                ,"  ",                                ,                                ,                           93.75,                                ,                                ,                                ,                                ,                                ,                                ,                                ,                              ,                              ,                       4229810,                              ,                              ,                              ,                              ,                              ,                              ,                              ,"EL2 ",                              ,                             1,                         40100,"SS1 ",                         45118,                              ,                         94750,"CP7 ",                          1500,                              ,                         33380,"MZ2 ",                          4108,                              ,                        124470,"LD5 ",                              ,                             2,                          9500,                         45118,                              ,                       9082150,                       6357510,                              ,                              ,                              ,                              ,                            1.20,"  ",                              ,                              ,                              ,                              ,                              ,                              ,                              ,                              ,                              ,                              ,                              ,"                                      ","  ",                          6108,"24-May-2021" 
"1830050","02","34","03","09","05","01","02","02","02","02","02","  ","  ","  ","  ","01","05","05","05",                               ,"2020","    ","    "," ",                                ,"  ",                                ,"  ",                          100.00,"34",                                ,"  ",                                ,"  ",                                ,"  ",                                ,"  ",                                ,"  ",                                ,"  ",                                ,"  ",                                ,                                ,                           93.75,                                ,                                ,                                ,                                ,                                ,                                ,                                ,                              ,                              ,                       2496840,                              ,                              ,                              ,                              ,                              ,                              ,                              ,"    ",                              ,                              ,                              ,"    ",                              ,                              ,                              ,"    ",                              ,                              ,                              ,"    ",                              ,                              ,                              ,"    ",                              ,                              ,                              ,                         26633,                              ,                       1872630,                       1310840,                              ,                              ,                              ,                              ,                            1.00,"  ",                            25,                              ,                              ,                              ,                              ,                              ,                              ,                              ,                              ,                              ,                              ,"                                      ","  ",                          6165,"23-Sep-2021" 
"1830050","03","34","01","09","05","01","02","01","02","02","02","  ","  ","  ","  ","01","05","05","05",                               ,"2020","    ","    "," ",                                ,"  ",                                ,"  ",                           92.00,"34",                                ,"  ",                                ,"  ",                                ,"  ",                                ,"  ",                                ,"  ",                                ,"  ",                                ,"  ",                                ,                                ,                           93.75,                                ,                                ,                                ,                                ,                                ,                                ,                                ,                              ,                              ,                        258750,                              ,                              ,                              ,                              ,                              ,                              ,                              ,"    ",                              ,                              ,                              ,"    ",                              ,                              ,                              ,"    ",                              ,                              ,                              ,"    ",                              ,                              ,                              ,"    ",                              ,                              ,                              ,                          3000,                              ,                        129380,                         90570,                              ,                              ,                              ,                              ,                            1.00,"  ",                            50,                              ,                              ,                              ,                              ,                              ,                              ,                              ,                              ,                              ,                              ,"                                      ","  ",                          6166,"23-Sep-2021" 
"1940160","01","31","02","01","01","01","02","02","02","02","02","33","  ","04","  ","01","05","05","05",                               ,"    ","    ","1990"," ",                                ,"  ",                                ,"  ",                          100.00,"31",                                ,"  ",                           62.00,"31",                                ,"  ",                           16.00,"31",                                ,"  ",                                ,"  ",                                ,"  ",                                ,                                ,                          119.88,                                ,                           95.90,                                ,                           95.90,                                ,                                ,                                ,                              ,                              ,                       2590010,                              ,                       1284580,                              ,                        331530,                              ,                              ,                              ,"EL1 ",                              ,                             1,                         50000,"    ",                              ,                              ,                              ,"    ",                              ,                              ,                              ,"    ",                              ,                              ,                              ,"    ",                              ,                              ,                              ,                         21605,                              ,                       2298310,                       1608820,                              ,                              ,                              ,                              ,                            1.00,"  ",                            50,                              ,                              ,                              ,                              ,                              ,                              ,                              ,                              ,                              ,                              ,"                                      ","  ",                          4828,"17-Apr-2015" 
"1940160","02","34","03","01","02","01","02","02","02","02","01","40","  ","01","01","01","05","05","05",                               ,"1980","    ","    "," ",                          100.00,"84",                                ,"  ",                           35.00,"34",                                ,"  ",                           65.00,"86",                                ,"  ",                                ,"  ",                                ,"  ",                                ,"  ",                                ,"  ",                           29.91,                                ,                           84.38,                                ,                           31.91,                                ,                                ,                                ,                                ,                                ,                        178800,                              ,                        176520,                              ,                        124000,                              ,                              ,                              ,                              ,                              ,"    ",                              ,                              ,                              ,"    ",                              ,                              ,                              ,"    ",                              ,                              ,                              ,"    ",                              ,                              ,                              ,"    ",                              ,                              ,                              ,                          5978,                              ,                        392560,                        274790,                              ,                              ,                              ,                              ,                            1.00,"  ",                            35,                              ,                              ,                              ,                              ,                              ,                              ,                              ,                              ,                              ,                              ,"                                      ","  ",                          2805,"30-Sep-2008" 
"1940199","01","47","10","06","01","01","05","01","02","02","04","30","  ","04","  ","02","05","05","05",                               ,"1988","    ","    "," ",                                ,"  ",                                ,"  ",                          100.00,"47",                                ,"  ",                                ,"  ",                                ,"  ",                                ,"  ",                                ,"  ",                                ,"  ",                                ,"  ",                                ,                                ,                           70.99,                                ,                                ,                                ,                                ,                                ,                                ,                                ,                              ,                              ,                        931740,                              ,                              ,                              ,                              ,                              ,                              ,                              ,"AC1 ",                          1000,                              ,                          4000,"    ",                              ,                              ,                              ,"    ",                              ,                              ,                              ,"    ",                              ,                              ,                              ,"    ",                              ,                              ,                              ,                         13125,                              ,                        327510,                        229260,                              ,                              ,                              ,                              ,                            1.00,"  ",                            65,                              ,                              ,                              ,                              ,                              ,                              ,                              ,                              ,                              ,                              ,"                                      ","  ",                          4827,"17-Apr-2015" 
"1940280","01","92","01","01","01","03","01","  ","  ","  ","01","40","  ","  ","  ","01","05","05","  ",                               ,"1848","    ","    "," ",                           78.00,"91",                           22.00,"86",                          100.00,"92",                                ,"  ",                           22.00,"92",                                ,"  ",                                ,"  ",                                ,"  ",                                ,"  ",                                ,"  ",                           29.91,                           29.91,                          146.25,                                ,                          117.00,                                ,                                ,                                ,                                ,                                ,                        312740,                         88200,                       1960480,                              ,                        345030,                              ,                              ,                              ,                              ,                              ,"    ",                              ,                              ,                              ,"    ",                              ,                              ,                              ,"    ",                              ,                              ,                              ,"    ",                              ,                              ,                              ,"    ",                              ,                              ,                              ,                         13405,                              ,                       1705064,                       1193545,                              ,                              ,                              ,                              ,                            1.00,"  ",                            50,                              ,                              ,                              ,                              ,                              ,                              ,                              ,                              ,                              ,                              ,"                                      ","  ",                          5246,"28-Jun-2018" 
"1940281","01","53","03","01","01","01","02","02","02","02","02","50","  ","  ","  ","01","05","05","  ",                               ,"1982","    ","2012"," ",                                ,"  ",                                ,"  ",                          100.00,"53",                                ,"  ",                           70.00,"53",                                ,"  ",                                ,"  ",                                ,"  ",                                ,"  ",                                ,"  ",                                ,                                ,                          144.94,                                ,                          149.07,                                ,                                ,                                ,                                ,                                ,                              ,                              ,                       3356520,                              ,                       2416570,                              ,                              ,                              ,                              ,                              ,"    ",                              ,                              ,                              ,"    ",                              ,                              ,                              ,"    ",                              ,                              ,                              ,"    ",                              ,                              ,                              ,"    ",                              ,                              ,                              ,                         23158,                              ,                              ,                              ,                              ,                              ,                              ,                              ,                            1.00,"  ",                             5,                              ,                              ,                              ,                              ,                              ,                              ,                              ,                              ,                              ,                              ,"                                      ","  ",                          4252,"17-Jul-2013" 
"1940296","01","53","01","01","01","01","02","02","02","02","01","40","99","01","01","01","05","05","05",                               ,"1989","    ","    "," ",                          100.00,"84",                                ,"  ",                          100.00,"53",                                ,"  ",                           56.00,"53",                                ,"  ",                                ,"  ",                                ,"  ",                                ,"  ",                                ,"  ",                           29.91,                                ,                          151.32,                                ,                          104.36,                                ,                                ,                                ,                                ,                                ,                         74800,                              ,                        378450,                              ,                        146210,                              ,                              ,                              ,                              ,                              ,"    ",                              ,                              ,                              ,"    ",                              ,                              ,                              ,"    ",                              ,                              ,                              ,"    ",                              ,                              ,                              ,"    ",                              ,                              ,                              ,                          2501,                              ,                        528720,                        370100,                              ,                              ,                              ,                              ,                            1.00,"  ",                            30,                              ,                              ,                              ,                              ,                              ,                              ,                              ,                              ,                              ,                              ,"                                      ","  ",                          5024,"04-Oct-2016" 
"1940296","02","53","01","01","01","01","02","02","02","02","01","40","99","01","01","01","05","05","05",                               ,"1989","    ","    "," ",                          100.00,"84",                                ,"  ",                          100.00,"53",                                ,"  ",                           66.00,"53",                                ,"  ",                                ,"  ",                                ,"  ",                                ,"  ",                                ,"  ",                           29.91,                                ,                          130.45,                                ,                          104.36,                                ,                                ,                                ,                                ,                                ,                         44980,                              ,                        196200,                              ,                        103630,                              ,                              ,                              ,                              ,                              ,"    ",                              ,                              ,                              ,"    ",                              ,                              ,                              ,"    ",                              ,                              ,                              ,"    ",                              ,                              ,                              ,"    ",                              ,                              ,                              ,                          1504,                              ,                        304120,                        212880,                              ,                              ,                              ,                              ,                            1.00,"  ",                            30,                              ,                              ,                              ,                              ,                              ,                              ,                              ,                              ,                              ,                              ,"                                      ","  ",                          2808,"30-Sep-2008" 
"1940296","03","53","01","01","01","01","02","02","02","02","01","40","99","01","02","01","05","05","05",                               ,"1989","    ","    "," ",                           97.00,"86",                                ,"  ",                          100.00,"53",                                ,"  ",                           82.00,"11",                                ,"  ",                                ,"  ",                                ,"  ",                                ,"  ",                                ,"  ",                           29.91,                                ,                          130.45,                                ,                           68.40,                                ,                                ,                                ,                                ,                                ,                         44980,                              ,                        202330,                              ,                         87000,                              ,                              ,                              ,                              ,                              ,"    ",                              ,                              ,                              ,"    ",                              ,                              ,                              ,"    ",                              ,                              ,                              ,"    ",                              ,                              ,                              ,"    ",                              ,                              ,                              ,                          1551,                              ,                        294860,                        206400,                              ,                              ,                              ,                              ,                            1.00,"  ",                            30,                              ,                              ,                              ,                              ,                              ,                              ,                              ,                              ,                              ,                              ,"                                      ","  ",                          2809,"30-Sep-2008" 
"1940300","01","34","01","01","01","01","02","02","02","02","01","40","  ","01","01","01","05","05","  ",                               ,"1987","    ","    "," ",                          100.00,"91",                                ,"  ",                          100.00,"34",                                ,"  ",                           54.00,"53",                                ,"  ",                                ,"  ",                                ,"  ",                                ,"  ",                                ,"  ",                           29.91,                                ,                           84.38,                                ,                          104.36,                                ,                                ,                                ,                                ,                                ,                         73700,                              ,                        207910,                              ,                        138900,                              ,                              ,                              ,                              ,                              ,"    ",                              ,                              ,                              ,"    ",                              ,                              ,                              ,"    ",                              ,                              ,                              ,"    ",                              ,                              ,                              ,"    ",                              ,                              ,                              ,                          2464,                              ,                        423874,                        296712,                              ,                              ,                              ,                              ,                            1.00,"  ",                            20,                              ,                              ,                              ,                              ,                              ,                              ,                              ,                              ,                              ,                              ,"                                      ","  ",                          5543,"18-Oct-2018" 
"1940301","01","58","01","01","01","01","02","02","07","02","01","43","  ","02","02","01","06","06","  ",                               ,"2005","    ","    "," ",                           35.00,"91",                           35.00,"86",                          100.00,"58",                                ,"  ",                           17.00,"81",                                ,"  ",                                ,"  ",                                ,"  ",                                ,"  ",                                ,"  ",                           29.91,                           29.91,                          116.55,                                ,                           68.40,                                ,                                ,                                ,                                ,                                ,                         90630,                         90630,                       1008970,                              ,                        100680,                              ,                              ,                              ,                              ,                              ,"CP7 ",                          1664,                              ,                              ,"    ",                              ,                              ,                              ,"    ",                              ,                              ,                              ,"    ",                              ,                              ,                              ,"    ",                              ,                              ,                              ,                          8657,                              ,                              ,                              ,                              ,                              ,                              ,                              ,                            1.00,"  ",                            10,                              ,                              ,                              ,                              ,                              ,                              ,                              ,                              ,                              ,                              ,"                                      ","  ",                          4714,"21-Jul-2014" 
"1940301","02","53","01","05","05","01","02","02","02","02","01","30","  ","01","01","01","03","03","03",                               ,"1972","    ","    "," ",                          100.00,"91",                                ,"  ",                          100.00,"53",                                ,"  ",                           83.00,"53",                                ,"  ",                                ,"  ",                                ,"  ",                                ,"  ",                                ,"  ",                           29.91,                                ,                          130.45,                                ,                          104.36,                                ,                                ,                                ,                                ,                                ,                         72140,                              ,                        314650,                              ,                        208930,                              ,                              ,                              ,                              ,                              ,"    ",                              ,                              ,                              ,"    ",                              ,                              ,                              ,"    ",                              ,                              ,                              ,"    ",                              ,                              ,                              ,"    ",                              ,                              ,                              ,                          2412,                              ,                              ,                              ,                              ,                              ,                              ,                              ,                            1.00,"  ",                            50,                              ,                              ,                              ,                              ,                              ,                              ,                              ,                              ,                              ,                              ,"                                      ","  ",                          4715,"21-Jul-2014" 
"2020022","01","52","01","05","05","01","02","02","02","02","02","40","  ","01","01","06","05","05","  ",                               ,"2019","    ","    "," ",                                ,"  ",                                ,"  ",                           50.00,"52",                           50.00,"53",                           50.00,"52",                           50.00,"53",                                ,"  ",                                ,"  ",                                ,"  ",                                ,"  ",                                ,                                ,                          168.63,                          144.94,                          134.90,                          115.95,                                ,                                ,                                ,                                ,                              ,                              ,                        539620,                        463810,                        431680,                        371040,                              ,                              ,                              ,                              ,"EL1 ",                              ,                             1,                         50000,"    ",                              ,                              ,                              ,"    ",                              ,                              ,                              ,"    ",                              ,                              ,                              ,"    ",                              ,                              ,                              ,                          6400,                              ,                       1169380,                        818570,                              ,                              ,                              ,                              ,                            1.00,"  ",                            50,                              ,                              ,                              ,                              ,                              ,                              ,                              ,                              ,                              ,                              ,"                                      ","  ",                          5957,"11-Sep-2020" 
"2020027","01","51","01","01","01","01","02","02","02","02","01","50","99","02","02","01","05","05","05",                               ,"1999","    ","    "," ",                           50.00,"86",                           50.00,"91",                          100.00,"51",                                ,"  ",                                ,"  ",                                ,"  ",                                ,"  ",                                ,"  ",                                ,"  ",                                ,"  ",                           29.91,                           29.91,                          151.32,                                ,                                ,                                ,                                ,                                ,                                ,                                ,                         42110,                         42110,                        426120,                              ,                              ,                              ,                              ,                              ,                              ,                              ,"BE0 ",                           160,                              ,                         43370,"BE1 ",                              ,                             1,                         11000,"BE2 ",                              ,                             1,                         25250,"BC1 ",                           500,                              ,                         13650,"    ",                              ,                              ,                              ,                          2816,                              ,                        795260,                        556680,                              ,                              ,                              ,                              ,                            1.00,"  ",                            15,                              ,                              ,                              ,                              ,                              ,                              ,                              ,                              ,                              ,                              ,"                                      ","  ",                          6118,"09-Jul-2021" 
"2020027","02","52","01","01","01","01","02","02","02","02","01","33","  ","01","01","01","05","05","  ",                               ,"2008","    ","    "," ",                          100.00,"86",                                ,"  ",                          100.00,"52",                                ,"  ",                                ,"  ",                                ,"  ",                                ,"  ",                                ,"  ",                                ,"  ",                                ,"  ",                           29.91,                                ,                          151.77,                                ,                                ,                                ,                                ,                                ,                                ,                                ,                        105280,                              ,                        534230,                              ,                              ,                              ,                              ,                              ,                              ,                              ,"    ",                              ,                              ,                              ,"    ",                              ,                              ,                              ,"    ",                              ,                              ,                              ,"    ",                              ,                              ,                              ,"    ",                              ,                              ,                              ,                          3520,                              ,                              ,                              ,                              ,                              ,                              ,                              ,                            1.00,"  ",                             5,                              ,                              ,                              ,                              ,                              ,                              ,                              ,                              ,                              ,                              ,"                                      ","  ",                          3074,"22-Apr-2009" 
"2020034","01","53","03","05","05","01","02","02","07","02","02","30","99","01","  ","01","05","05","05",                               ,"1984","    ","    "," ",                          100.00,"91",                                ,"  ",                          100.00,"53",                                ,"  ",                          100.00,"53",                                ,"  ",                                ,"  ",                                ,"  ",                                ,"  ",                                ,"  ",                           33.23,                                ,                          144.94,                                ,                          115.95,                                ,                                ,                                ,                                ,                                ,                        348920,                              ,                       1521870,                              ,                       1217480,                              ,                              ,                              ,                              ,                              ,"SS1 ",                         24624,                              ,                              ,"EL1 ",                              ,                             1,                              ,"    ",                              ,                              ,                              ,"    ",                              ,                              ,                              ,"    ",                              ,                              ,                              ,                         10500,                              ,                              ,                              ,                              ,                              ,                              ,                              ,                            1.00,"  ",                            50,                              ,                              ,                              ,                              ,                              ,                              ,                              ,                              ,                              ,                              ,"                                      ","  ",                          3364,"12-Jan-2012" 
"2020040","01","53","03","05","05","01","02","02","02","02","02","30","99","01","  ","01","05","05","05",                               ,"1988","    ","    "," ",                          100.00,"91",                                ,"  ",                          100.00,"53",                                ,"  ",                           50.00,"53",                           50.00,"53",                                ,"  ",                                ,"  ",                                ,"  ",                                ,"  ",                           33.23,                                ,                          144.94,                                ,                          115.95,                          115.95,                                ,                                ,                                ,                                ,                        342140,                              ,                       1492300,                              ,                        596910,                        596910,                              ,                              ,                              ,                              ,"SS1 ",                              ,                              ,                              ,"EL1 ",                              ,                             1,                         50000,"    ",                              ,                              ,                              ,"    ",                              ,                              ,                              ,"    ",                              ,                              ,                              ,                         10296,                              ,                       1539130,                       1077391,                              ,                              ,                              ,                              ,                            1.00,"  ",                            50,                              ,                              ,                              ,                              ,                              ,                              ,                              ,                              ,                              ,                              ,"                                      ","  ",                          5625,"19-Dec-2018" 
"2020044","01","53","03","05","05","01","02","02","07","02","02","30","  ","  ","  ","01","05","05","05",                               ,"1985","    ","    "," ",                          100.00,"91",                                ,"  ",                          100.00,"53",                                ,"  ",                          100.00,"53",                                ,"  ",                                ,"  ",                                ,"  ",                                ,"  ",                                ,"  ",                           33.23,                                ,                          144.94,                                ,                          115.95,                                ,                                ,                                ,                                ,                                ,                        468680,                              ,                       2044230,                              ,                       1635360,                              ,                              ,                              ,                              ,                              ,"    ",                              ,                              ,                              ,"EL1 ",                              ,                             1,                         50000,"    ",                              ,                              ,                              ,"    ",                              ,                              ,                              ,"    ",                              ,                              ,                              ,                         14104,                              ,                       2309049,                       1616334,                              ,                              ,                              ,                              ,                            1.00,"  ",                            45,                              ,                              ,                              ,                              ,                              ,                              ,                              ,                              ,                              ,                              ,"                                      ","  ",                          5633,"19-Dec-2018" 
"2030012","01","82","02","05","05","01","05","01","02","02","02","40","  ","04","  ","01","05","05","05",                               ,"1972","    ","    "," ",                                ,"  ",                                ,"  ",                          100.00,"82",                                ,"  ",                                ,"  ",                                ,"  ",                                ,"  ",                                ,"  ",                                ,"  ",                                ,"  ",                                ,                                ,                          131.69,                                ,                                ,                                ,                                ,                                ,                                ,                                ,                              ,                              ,                         63740,                              ,                              ,                              ,                              ,                              ,                              ,                              ,"AC1 ",                           484,                              ,                              ,"    ",                              ,                              ,                              ,"    ",                              ,                              ,                              ,"    ",                              ,                              ,                              ,"    ",                              ,                              ,                              ,                           484,                              ,                              ,                              ,                              ,                              ,                              ,                              ,                            1.00,"  ",                            30,                              ,                              ,                              ,                              ,                              ,                              ,                              ,                              ,                              ,                              ,"                                      ","  ",                          4306,"27-Sep-2013" 
"2030015","01","52","03","01","01","01","02","02","02","02","01","37","99","01","03","01","05","05","05",                               ,"1987","    ","    "," ",                           75.00,"52",                           25.00,"84",                          100.00,"52",                                ,"  ",                                ,"  ",                                ,"  ",                                ,"  ",                                ,"  ",                                ,"  ",                                ,"  ",                          113.82,                           29.91,                          151.77,                                ,                                ,                                ,                                ,                                ,                                ,                                ,                        771700,                         67600,                       1372000,                              ,                              ,                              ,                              ,                              ,                              ,                              ,"EL1 ",                              ,                             1,                         50000,"    ",                              ,                              ,                              ,"    ",                              ,                              ,                              ,"    ",                              ,                              ,                              ,"    ",                              ,                              ,                              ,                          9040,                              ,                       2248860,                       1574200,                              ,                              ,                              ,                              ,                            1.00,"  ",                            15,                              ,                              ,                              ,                              ,                              ,                              ,                              ,                              ,                              ,                              ,"                                      ","  ",                          6278,"05-Oct-2022" 
"2030025","01","82","  ","  ","  ","  ","  ","  ","  ","  ","03","40","  ","  ","  ","  ","  ","  ","  ",                               ,"1973","    ","    "," ",                           96.00,"86",                                ,"  ",                          100.00,"82",                                ,"  ",                                ,"  ",                                ,"  ",                                ,"  ",                                ,"  ",                                ,"  ",                                ,"  ",                           36.55,                                ,                          144.86,                                ,                                ,                                ,                                ,                                ,                                ,                                ,                        180410,                              ,                        744870,                              ,                              ,                              ,                              ,                              ,                              ,                              ,"    ",                              ,                              ,                              ,"    ",                              ,                              ,                              ,"    ",                              ,                              ,                              ,"    ",                              ,                              ,                              ,"    ",                              ,                              ,                              ,                          5142,                              ,                              ,                              ,                              ,                              ,                              ,                              ,                            1.00,"  ",                            35,                              ,                              ,                              ,                              ,                              ,                              ,                              ,                              ,                              ,                              ,"                                      ","  ",                          2720,"26-Sep-2008" 
"2030040","01","53","04","05","05","01","02","02","02","02","02","37","99","04","  ","01","05","05","05",                               ,"1977","    ","    "," ",                                ,"  ",                                ,"  ",                          100.00,"53",                                ,"  ",                                ,"  ",                                ,"  ",                                ,"  ",                                ,"  ",                                ,"  ",                                ,"  ",                                ,                                ,                          144.94,                                ,                                ,                                ,                                ,                                ,                                ,                                ,                              ,                              ,                       1654640,                              ,                              ,                              ,                              ,                              ,                              ,                              ,"    ",                              ,                              ,                              ,"    ",                              ,                              ,                              ,"    ",                              ,                              ,                              ,"    ",                              ,                              ,                              ,"    ",                              ,                              ,                              ,                         11416,                              ,                              ,                              ,                              ,                              ,                              ,                              ,                            1.00,"  ",                            35,                              ,                              ,                              ,                              ,                              ,                              ,                              ,                              ,                              ,                              ,"                                      ","  ",                          2721,"26-Sep-2008" 
"2030055","01","82","  ","05","05","01","02","01","02","02","02","37","  ","  ","  ","01","05","05","05",                               ,"1982","    ","    "," ",                                ,"  ",                                ,"  ",                           10.00,"82",                           90.00,"44",                           21.00,"82",                                ,"  ",                                ,"  ",                                ,"  ",                                ,"  ",                                ,"  ",                                ,                                ,                          131.69,                           58.81,                          105.35,                                ,                                ,                                ,                                ,                                ,                              ,                              ,                        589050,                       2367570,                        989660,                              ,                              ,                              ,                              ,                              ,"EL1 ",                              ,                             1,                         50000,"MZ1 ",                          1560,                              ,                         21060,"AC1 ",                         44731,                              ,                        178920,"LD5 ",                              ,                             3,                         14250,"OD1 ",                           480,                              ,                          5470,                         44731,                              ,                       2466349,                       1726444,                              ,                              ,                              ,                              ,                            1.00,"  ",                            50,                              ,                              ,                              ,                              ,                              ,                              ,                              ,                              ,                              ,                              ,"                                      ","  ",                          5619,"11-Dec-2018" 
"2030055","02","45","10","05","05","01","02","01","07","02","02","33","  ","  ","  ","01","05","05","  ",                               ,"2001","    ","    "," ",                                ,"  ",                                ,"  ",                           75.00,"45",                           25.00,"44",                                ,"  ",                                ,"  ",                                ,"  ",                                ,"  ",                                ,"  ",                                ,"  ",                                ,                                ,                           54.88,                           58.81,                                ,                                ,                                ,                                ,                                ,                                ,                              ,                              ,                       2578040,                        920910,                              ,                              ,                              ,                              ,                              ,                              ,"    ",                              ,                              ,                              ,"    ",                              ,                              ,                              ,"    ",                              ,                              ,                              ,"    ",                              ,                              ,                              ,"    ",                              ,                              ,                              ,                         62634,                              ,                       1889433,                       1322603,                              ,                              ,                              ,                              ,                            1.00,"  ",                            50,                              ,                              ,                              ,                              ,                              ,                              ,                              ,                              ,                              ,                              ,"                                      ","  ",                          5478,"18-Oct-2018" 
"2030060","01","11","01","01","01","01","02","02","08","02","01","33","  ","  ","  ","01","05","05","05",                               ,"2010","    ","    "," ",                                ,"  ",                                ,"  ",                          100.00,"11",                                ,"  ",                          109.50,"11",                                ,"  ",                                ,"  ",                                ,"  ",                                ,"  ",                                ,"  ",                                ,                                ,                           85.50,                                ,                           68.40,                                ,                                ,                                ,                                ,                                ,                              ,                              ,                       3763540,                              ,                       3296880,                              ,                              ,                              ,                              ,                              ,"    ",                              ,                              ,                              ,"    ",                              ,                              ,                              ,"    ",                              ,                              ,                              ,"    ",                              ,                              ,                              ,"    ",                              ,                              ,                              ,                         44018,                              ,                              ,                              ,                              ,                              ,                              ,                              ,                            1.00,"  ",                            30,                              ,                              ,                              ,                              ,                              ,                              ,                              ,                              ,                              ,                              ,"                                      ","  ",                          4374,"03-Dec-2013" 
"2030060","02","  ","  ","  ","  ","  ","  ","  ","  ","  ","  ","  ","  ","  ","  ","  ","  ","  ","  ",                               ,"    ","    ","    "," ",                                ,"  ",                                ,"  ",                                ,"  ",                                ,"  ",                                ,"  ",                                ,"  ",                                ,"  ",                                ,"  ",                                ,"  ",                                ,"  ",                                ,                                ,                                ,                                ,                                ,                                ,                                ,                                ,                                ,                                ,                              ,                              ,                              ,                              ,                              ,                              ,                              ,                              ,                              ,                              ,"    ",                              ,                              ,                              ,"    ",                              ,                              ,                              ,"    ",                              ,                              ,                              ,"    ",                              ,                              ,                              ,"    ",                              ,                              ,                              ,                              ,                              ,                              ,                              ,                              ,                              ,                              ,                              ,                                ,"  ",                              ,                              ,                              ,                              ,                              ,                              ,                              ,                              ,                              ,                              ,                              ,"                                      ","  ",                              ,"28-Sep-2010" 
"2030080","01","44","03","05","05","01","02","01","02","02","02","33","  ","04","  ","01","05","05","05",                               ,"1975","    ","    "," ",                                ,"  ",                                ,"  ",                           91.50,"44",                            8.50,"82",                                ,"  ",                                ,"  ",                                ,"  ",                                ,"  ",                                ,"  ",                                ,"  ",                                ,                                ,                           54.88,                          131.69,                                ,                                ,                                ,                                ,                                ,                                ,                              ,                              ,                       8120320,                       1810080,                              ,                              ,                              ,                              ,                              ,                              ,"    ",                              ,                              ,                              ,"    ",                              ,                              ,                              ,"    ",                              ,                              ,                              ,"    ",                              ,                              ,                              ,"    ",                              ,                              ,                              ,                        161710,                              ,                       5362420,                       3753690,                              ,                              ,                              ,                              ,                            1.00,"  ",                            50,                              ,                              ,                              ,                              ,                              ,                              ,                              ,                              ,                              ,                              ,"                                      ","  ",                          5012,"28-Jul-2016" 
"2030105","01","82","03","05","05","01","02","02","02","02","02","37","  ","04","  ","01","05","05","05",                               ,"1981","    ","    "," ",                                ,"  ",                                ,"  ",                          100.00,"82",                                ,"  ",                                ,"  ",                                ,"  ",                                ,"  ",                                ,"  ",                                ,"  ",                                ,"  ",                                ,                                ,                          131.69,                                ,                                ,                                ,                                ,                                ,                                ,                                ,                              ,                              ,                       3647290,                              ,                              ,                              ,                              ,                              ,                              ,                              ,"AC1 ",                         27696,                              ,                              ,"    ",                              ,                              ,                              ,"    ",                              ,                              ,                              ,"    ",                              ,                              ,                              ,"    ",                              ,                              ,                              ,                         27696,                              ,                              ,                              ,                              ,                              ,                              ,                              ,                            1.00,"  ",                            40,                              ,                              ,                              ,                              ,                              ,                              ,                              ,                              ,                              ,                              ,"                                      ","  ",                          3356,"11-Oct-2011" 
"2030120","01","44","02","05","05","05","02","01","02","02","02","33","99","99","  ","01","05","05","05",                               ,"1979","    ","    "," ",                                ,"  ",                                ,"  ",                           16.00,"53",                           84.00,"44",                           15.00,"82",                                ,"  ",                                ,"  ",                                ,"  ",                                ,"  ",                                ,"  ",                                ,                                ,                          222.22,                           51.11,                          105.35,                                ,                                ,                                ,                                ,                                ,                              ,                              ,                       3413970,                       4122380,                       1517360,                              ,                              ,                              ,                              ,                              ,"AC1 ",                         94530,                              ,                        378120,"MZ2 ",                          2500,                              ,                         75750,"LD5 ",                              ,                             4,                         19000,"    ",                              ,                              ,                              ,"    ",                              ,                              ,                              ,                         96020,                              ,                       5144360,                       3601050,                              ,                              ,                              ,                              ,                            1.00,"  ",                            50,                              ,                              ,                              ,                              ,                              ,                              ,                              ,                              ,                              ,                              ,"                                      ","  ",                          6227,"06-Sep-2022" 
"2030135","01","82","14","05","05","01","02","02","02","02","02","40","  ","04","  ","01","05","05","05",                               ,"1982","    ","    "," ",                                ,"  ",                                ,"  ",                           59.00,"82",                           41.00,"82",                                ,"  ",                                ,"  ",                                ,"  ",                                ,"  ",                                ,"  ",                                ,"  ",                                ,                                ,                          131.69,                          131.69,                                ,                                ,                                ,                                ,                                ,                                ,                              ,                              ,                       3081020,                       2141020,                              ,                              ,                              ,                              ,                              ,                              ,"AC1 ",                         39654,                              ,                        158620,"    ",                              ,                              ,                              ,"    ",                              ,                              ,                              ,"    ",                              ,                              ,                              ,"    ",                              ,                              ,                              ,                         39654,                              ,                       1355930,                        949150,                              ,                              ,                              ,                              ,                            1.00,"  ",                            80,                              ,                              ,                              ,                              ,                              ,                              ,                              ,                              ,                              ,                              ,"                                      ","  ",                          5862,"27-Feb-2020" 
"2090375","01","53","04","02","01","03","01","04","02","01","02","33","  ","01","01","01","05","05","05",                               ,"1929","    ","    "," ",                          100.00,"84",                                ,"  ",                          100.00,"53",                                ,"  ",                           60.00,"86",                                ,"  ",                                ,"  ",                                ,"  ",                                ,"  ",                                ,"  ",                           33.23,                                ,                          144.94,                                ,                           35.45,                                ,                                ,                                ,                                ,                                ,                         82240,                              ,                        358730,                              ,                         52640,                              ,                              ,                              ,                              ,                              ,"    ",                              ,                              ,                              ,"    ",                              ,                              ,                              ,"    ",                              ,                              ,                              ,"    ",                              ,                              ,                              ,"    ",                              ,                              ,                              ,                          2475,                              ,                              ,                              ,                              ,                              ,                              ,                              ,                            1.00,"  ",                            35,                              ,                              ,                              ,                              ,                              ,                              ,                              ,                              ,                              ,                              ,"                                      ","  ",                          2883,"10-Oct-2008" 
"2140001","01","34","02","05","05","01","02","02","02","  ","01","30","  ","01","03","01","05","05","05",                               ,"1930","    ","    "," ",                           86.00,"84",                                ,"  ",                          100.00,"34",                                ,"  ",                                ,"  ",                                ,"  ",                                ,"  ",                                ,"  ",                                ,"  ",                                ,"  ",                           29.91,                                ,                           84.38,                                ,                                ,                                ,                                ,                                ,                                ,                                ,                        184810,                              ,                        606270,                              ,                              ,                              ,                              ,                              ,                              ,                              ,"LD1 ",                           285,                              ,                          3140,"    ",                              ,                              ,                              ,"    ",                              ,                              ,                              ,"    ",                              ,                              ,                              ,"    ",                              ,                              ,                              ,                          7185,                              ,                        436820,                        305770,                              ,                              ,                              ,                              ,                            1.00,"  ",                            45,                              ,                              ,                              ,                              ,                              ,                              ,                              ,                              ,                              ,                              ,"                                      ","  ",                          4738,"20-Aug-2014" 
"2140001","02","47","02","01","01","01","05","01","02","02","02","33","  ","04","  ","  ","05","05","05",                               ,"1971","    ","    "," ",                                ,"  ",                                ,"  ",                          100.00,"47",                                ,"  ",                                ,"  ",                                ,"  ",                                ,"  ",                                ,"  ",                                ,"  ",                                ,"  ",                                ,                                ,                           78.88,                                ,                                ,                                ,                                ,                                ,                                ,                                ,                              ,                              ,                        236640,                              ,                              ,                              ,                              ,                              ,                              ,                              ,"    ",                              ,                              ,                              ,"    ",                              ,                              ,                              ,"    ",                              ,                              ,                              ,"    ",                              ,                              ,                              ,"    ",                              ,                              ,                              ,                          3000,                              ,                        127790,                         89450,                              ,                              ,                              ,                              ,                            1.00,"  ",                            50,                              ,                              ,                              ,                              ,                              ,                              ,                              ,                              ,                              ,                              ,"                                      ","  ",                          4321,"04-Oct-2013" 
"2140001","03","34","01","01","01","01","02","05","02","02","01","33","99","02","01","01","05","05","05",                               ,"    ","    ","2005"," ",                           80.00,"84",                                ,"  ",                          100.00,"34",                                ,"  ",                           15.00,"82",                                ,"  ",                                ,"  ",                                ,"  ",                                ,"  ",                                ,"  ",                           29.91,                                ,                           84.38,                                ,                           94.81,                                ,                                ,                                ,                                ,                                ,                         98100,                              ,                        345960,                              ,                         58310,                              ,                              ,                              ,                              ,                              ,"CP6 ",                           182,                              ,                          2780,"1SA ",                           659,                              ,                         32950,"    ",                              ,                              ,                              ,"    ",                              ,                              ,                              ,"    ",                              ,                              ,                              ,                          4100,                              ,                        348690,                        244080,                              ,                              ,                              ,                              ,                            1.00,"  ",                            40,                              ,                              ,                              ,                              ,                              ,                              ,                              ,                              ,                              ,                              ,"                                      ","  ",                          4737,"20-Aug-2014" 
"2140001","09","51","01","01","01","03","02","02","02","02","01","43","  ","99","  ","01","06","06","  ",                               ,"2000","    ","    "," ",                                ,"  ",                                ,"  ",                          100.00,"51",                                ,"  ",                           26.00,"84",                                ,"  ",                                ,"  ",                                ,"  ",                                ,"  ",                                ,"  ",                                ,                                ,                          151.32,                                ,                           31.91,                                ,                                ,                                ,                                ,                                ,                              ,                              ,                        466370,                              ,                         25560,                              ,                              ,                              ,                              ,                              ,"CP7 ",                           440,                              ,                          9790,"BE1 ",                              ,                             1,                         11000,"BE0 ",                           140,                              ,                         37950,"    ",                              ,                              ,                              ,"    ",                              ,                              ,                              ,                          3082,                              ,                        371710,                        260200,                              ,                              ,                              ,                              ,                            1.00,"  ",                            50,                              ,                              ,                              ,                              ,                              ,                              ,                              ,                              ,                              ,                              ,"                                      ","  ",                          4323,"04-Oct-2013" 
"2140010","01","34","01","01","01","01","01","05","01","01","01","30","21","01","01","01","03","03","03",                               ,"    ","    ","    "," ",                                ,"  ",                                ,"  ",                          100.00,"34",                                ,"  ",                           48.00,"81",                                ,"  ",                           18.00,"86",                                ,"  ",                                ,"  ",                                ,"  ",                                ,                                ,                           84.38,                                ,                           68.40,                                ,                           31.91,                                ,                                ,                                ,                              ,                              ,                        186730,                              ,                         72640,                              ,                         12700,                              ,                              ,                              ,"CP6 ",                           294,                              ,                          4480,"    ",                              ,                              ,                              ,"    ",                              ,                              ,                              ,"    ",                              ,                              ,                              ,"    ",                              ,                              ,                              ,                          2213,                              ,                        165930,                        116150,                              ,                              ,                              ,                              ,                            1.00,"  ",                            40,                              ,                              ,                              ,                              ,                              ,                              ,                              ,                              ,                              ,                              ,"                                      ","  ",                          5052,"13-Oct-2016" 
"2140012","01","34","01","01","01","05","01","04","02","02","01","23","  ","04","  ","99","03","03","03",                               ,"1820","    ","    "," ",                                ,"  ",                                ,"  ",                          100.00,"34",                                ,"  ",                                ,"  ",                                ,"  ",                                ,"  ",                                ,"  ",                                ,"  ",                                ,"  ",                                ,                                ,                           84.38,                                ,                                ,                                ,                                ,                                ,                                ,                                ,                              ,                              ,                         24300,                              ,                              ,                              ,                              ,                              ,                              ,                              ,"    ",                              ,                              ,                              ,"    ",                              ,                              ,                              ,"    ",                              ,                              ,                              ,"    ",                              ,                              ,                              ,"    ",                              ,                              ,                              ,                           288,                              ,                              ,                              ,                              ,                              ,                              ,                              ,                            1.00,"  ",                            50,                              ,                              ,                              ,                              ,                              ,                              ,                              ,                              ,                              ,                              ,"                                      ","  ",                          2855,"01-Oct-2008" 
"2140020","01","55","01","01","01","03","02","  ","02","02","01","  ","99","01","01","01","03","03","03",                               ,"    ","    ","    "," ",                                ,"  ",                                ,"  ",                          100.00,"55",                                ,"  ",                           57.00,"55",                                ,"  ",                                ,"  ",                                ,"  ",                                ,"  ",                                ,"  ",                                ,                                ,                          115.00,                                ,                          115.00,                                ,                                ,                                ,                                ,                                ,                              ,                              ,                        299580,                              ,                        170780,                              ,                              ,                              ,                              ,                              ,"    ",                              ,                              ,                              ,"    ",                              ,                              ,                              ,"    ",                              ,                              ,                              ,"    ",                              ,                              ,                              ,"    ",                              ,                              ,                              ,                          2605,                              ,                        470360,                        329252,                              ,                              ,                              ,                              ,                            1.00,"  ",                              ,                              ,                              ,                              ,                              ,                              ,                              ,                              ,                              ,                              ,                              ,"                                      ","  ",                          5547,"18-Oct-2018" 
"2140022","01","55","01","01","01","01","02","  ","02","01","01","  ","99","99","  ","01","03","03","03",                               ,"    ","    ","    "," ",                                ,"  ",                                ,"  ",                          100.00,"55",                                ,"  ",                           52.00,"86",                                ,"  ",                                ,"  ",                                ,"  ",                                ,"  ",                                ,"  ",                                ,                                ,                          115.00,                                ,                           31.91,                                ,                                ,                                ,                                ,                                ,                              ,                              ,                        155480,                              ,                         22430,                              ,                              ,                              ,                              ,                              ,"    ",                              ,                              ,                              ,"    ",                              ,                              ,                              ,"    ",                              ,                              ,                              ,"    ",                              ,                              ,                              ,"    ",                              ,                              ,                              ,                          1352,                              ,                        177910,                        124537,                              ,                              ,                              ,                              ,                            1.00,"  ",                              ,                              ,                              ,                              ,                              ,                              ,                              ,                              ,                              ,                              ,                              ,"                                      ","  ",                          5551,"18-Oct-2018" 
"2140024","01","55","01","01","01","03","02","  ","01","  ","01","  ","99","01","01","01","03","03","03",                               ,"1790","    ","    "," ",                                ,"  ",                                ,"  ",                          100.00,"55",                                ,"  ",                           65.00,"55",                                ,"  ",                                ,"  ",                                ,"  ",                                ,"  ",                                ,"  ",                                ,                                ,                          115.00,                                ,                          115.00,                                ,                                ,                                ,                                ,                                ,                              ,                              ,                        239320,                              ,                        155600,                              ,                              ,                              ,                              ,                              ,"    ",                              ,                              ,                              ,"    ",                              ,                              ,                              ,"    ",                              ,                              ,                              ,"    ",                              ,                              ,                              ,"    ",                              ,                              ,                              ,                          2081,                              ,                        394920,                        276444,                              ,                              ,                              ,                              ,                            1.00,"  ",                              ,                              ,                              ,                              ,                              ,                              ,                              ,                              ,                              ,                              ,                              ,"                                      ","  ",                          5555,"18-Oct-2018" 
"2140028","01","55","01","01","01","01","02","  ","02","01","01","  ","99","01","01","01","05","05","05",                               ,"    ","    ","    "," ",                          100.00,"55",                                ,"  ",                          100.00,"55",                                ,"  ",                                ,"  ",                                ,"  ",                                ,"  ",                                ,"  ",                                ,"  ",                                ,"  ",                           40.00,                                ,                          115.00,                                ,                                ,                                ,                                ,                                ,                                ,                                ,                         56800,                              ,                        163300,                              ,                              ,                              ,                              ,                              ,                              ,                              ,"    ",                              ,                              ,                              ,"    ",                              ,                              ,                              ,"    ",                              ,                              ,                              ,"    ",                              ,                              ,                              ,"    ",                              ,                              ,                              ,                          1420,                              ,                        220100,                        154070,                              ,                              ,                              ,                              ,                            1.00,"  ",                              ,                              ,                              ,                              ,                              ,                              ,                              ,                              ,                              ,                              ,                              ,"                                      ","  ",                          5561,"18-Oct-2018" 
"2140030","01","55","01","01","01","01","02","  ","02","01","01","  ","99","01","01","01","03","03","03",                               ,"1942","    ","    "," ",                                ,"  ",                                ,"  ",                          100.00,"55",                                ,"  ",                           69.00,"55",                                ,"  ",                                ,"  ",                                ,"  ",                                ,"  ",                                ,"  ",                                ,                                ,                          115.00,                                ,                          115.00,                                ,                                ,                                ,                                ,                                ,                              ,                              ,                        209880,                              ,                        144790,                              ,                              ,                              ,                              ,                              ,"    ",                              ,                              ,                              ,"    ",                              ,                              ,                              ,"    ",                              ,                              ,                              ,"    ",                              ,                              ,                              ,"    ",                              ,                              ,                              ,                          1825,                              ,                        354670,                        248269,                              ,                              ,                              ,                              ,                            1.00,"  ",                              ,                              ,                              ,                              ,                              ,                              ,                              ,                              ,                              ,                              ,                              ,"                                      ","  ",                          5565,"18-Oct-2018" 
"2140032","01","55","01","01","01","01","02","  ","02","01","01","  ","99","01","01","01","03","03","03",                               ,"1984","    ","    "," ",                                ,"  ",                                ,"  ",                          100.00,"55",                                ,"  ",                           80.00,"55",                                ,"  ",                                ,"  ",                                ,"  ",                                ,"  ",                                ,"  ",                                ,                                ,                          115.00,                                ,                          115.00,                                ,                                ,                                ,                                ,                                ,                              ,                              ,                        440800,                              ,                        352590,                              ,                              ,                              ,                              ,                              ,"    ",                              ,                              ,                              ,"    ",                              ,                              ,                              ,"    ",                              ,                              ,                              ,"    ",                              ,                              ,                              ,"    ",                              ,                              ,                              ,                          3833,                              ,                        793390,                        555373,                              ,                              ,                              ,                              ,                            1.00,"  ",                              ,                              ,                              ,                              ,                              ,                              ,                              ,                              ,                              ,                              ,                              ,"                                      ","  ",                          5569,"18-Oct-2018" 
"2140033","02","34","01","01","01","01","02","02","01","01","01","30","  ","01","03","01","03","03","03",                               ,"1972","    ","    "," ",                          100.00,"34",                                ,"  ",                          100.00,"34",                                ,"  ",                                ,"  ",                                ,"  ",                                ,"  ",                                ,"  ",                                ,"  ",                                ,"  ",                           63.28,                                ,                           84.38,                                ,                                ,                                ,                                ,                                ,                                ,                                ,                        182250,                              ,                        243010,                              ,                              ,                              ,                              ,                              ,                              ,                              ,"    ",                              ,                              ,                              ,"    ",                              ,                              ,                              ,"    ",                              ,                              ,                              ,"    ",                              ,                              ,                              ,"    ",                              ,                              ,                              ,                          2880,                              ,                        212630,                        148840,                              ,                              ,                              ,                              ,                            1.00,"  ",                            50,                              ,                              ,                              ,                              ,                              ,                              ,                              ,                              ,                              ,                              ,"                                      ","  ",                          3393,"23-May-2012" 
"2140033","03","34","01","01","01","01","02","02","01","01","01","30","  ","01","03","01","03","03","03",                               ,"1970","    ","    "," ",                          100.00,"34",                                ,"  ",                          100.00,"34",                                ,"  ",                          100.00,"34",                                ,"  ",                                ,"  ",                                ,"  ",                                ,"  ",                                ,"  ",                           63.28,                                ,                           84.38,                                ,                           67.50,                                ,                                ,                                ,                                ,                                ,                         82260,                              ,                        109690,                              ,                         87750,                              ,                              ,                              ,                              ,                              ,"    ",                              ,                              ,                              ,"    ",                              ,                              ,                              ,"    ",                              ,                              ,                              ,"    ",                              ,                              ,                              ,"    ",                              ,                              ,                              ,                          1300,                              ,                        139850,                         97900,                              ,                              ,                              ,                              ,                            1.00,"  ",                            50,                              ,                              ,                              ,                              ,                              ,                              ,                              ,                              ,                              ,                              ,"                                      ","  ",                          4319,"04-Oct-2013" 
"2140033","06","34","01","01","02","01","02","02","02","02","01","33","  ","01","01","01","05","05","05",                               ,"1988","    ","    "," ",                          100.00,"84",                                ,"  ",                          100.00,"34",                                ,"  ",                                ,"  ",                                ,"  ",                                ,"  ",                                ,"  ",                                ,"  ",                                ,"  ",                           29.91,                                ,                           84.38,                                ,                                ,                                ,                                ,                                ,                                ,                                ,                        184070,                              ,                        519270,                              ,                              ,                              ,                              ,                              ,                              ,                              ,"CP7 ",                           456,                              ,                         10150,"    ",                              ,                              ,                              ,"    ",                              ,                              ,                              ,"    ",                              ,                              ,                              ,"    ",                              ,                              ,                              ,                          6154,                              ,                        385290,                        269700,                              ,                              ,                              ,                              ,                            1.00,"  ",                            50,                              ,                              ,                              ,                              ,                              ,                              ,                              ,                              ,                              ,                              ,"                                      ","  ",                          4445,"19-Dec-2013" 
"2140034","01","55","01","01","01","01","02","  ","02","02","01","  ","99","01","01","01","03","03","03",                               ,"1932","    ","    "," ",                           41.00,"55",                                ,"  ",                          100.00,"55",                                ,"  ",                           27.00,"55",                                ,"  ",                                ,"  ",                                ,"  ",                                ,"  ",                                ,"  ",                           40.00,                                ,                          115.00,                                ,                          115.00,                                ,                                ,                                ,                                ,                                ,                         47760,                              ,                        334880,                              ,                         90390,                              ,                              ,                              ,                              ,                              ,"    ",                              ,                              ,                              ,"    ",                              ,                              ,                              ,"    ",                              ,                              ,                              ,"    ",                              ,                              ,                              ,"    ",                              ,                              ,                              ,                          2912,                              ,                        473030,                        331120,                              ,                              ,                              ,                              ,                            1.00,"  ",                              ,                              ,                              ,                              ,                              ,                              ,                              ,                              ,                              ,                              ,                              ,"                                      ","  ",                          6037,"25-Feb-2021" 
"2140036","01","52","01","01","01","01","02","  ","02","01","01","  ","99","99","  ","01","05","05","05",                               ,"1790","    ","    "," ",                           37.00,"52",                                ,"  ",                          100.00,"52",                                ,"  ",                           17.00,"52",                                ,"  ",                                ,"  ",                                ,"  ",                                ,"  ",                                ,"  ",                          113.82,                                ,                          151.77,                                ,                          121.41,                                ,                                ,                                ,                                ,                                ,                         75580,                              ,                        272280,                              ,                         37030,                              ,                              ,                              ,                              ,                              ,"    ",                              ,                              ,                              ,"    ",                              ,                              ,                              ,"    ",                              ,                              ,                              ,"    ",                              ,                              ,                              ,"    ",                              ,                              ,                              ,                          1794,                              ,                        384890,                        269423,                              ,                              ,                              ,                              ,                            1.00,"  ",                              ,                              ,                              ,                              ,                              ,                              ,                              ,                              ,                              ,                              ,                              ,"                                      ","  ",                          5579,"18-Oct-2018" 
"2140051","01","34","03","01","01","01","02","02","02","02","02","47","  ","  ","  ","01","05","05","05",                               ,"1989","    ","    "," ",                                ,"  ",                                ,"  ",                          100.00,"34",                                ,"  ",                           61.00,"34",                           30.00,"31",                                ,"  ",                                ,"  ",                                ,"  ",                                ,"  ",                                ,                                ,                           93.75,                                ,                           75.00,                           95.90,                                ,                                ,                                ,                                ,                              ,                              ,                       1612970,                              ,                        787130,                        495040,                              ,                              ,                              ,                              ,"CP7 ",                          4078,                              ,                              ,"    ",                              ,                              ,                              ,"CP7 ",                          2908,                              ,                              ,"    ",                              ,                              ,                              ,"    ",                              ,                              ,                              ,                         17205,                              ,                              ,                              ,                              ,                              ,                              ,                              ,                            1.00,"  ",                            45,                              ,                              ,                              ,                              ,                              ,                              ,                              ,                              ,                              ,                              ,"                                      ","  ",                          4383,"06-Dec-2013" 
"2140056","01","34","03","01","02","01","02","02","02","02","02","40","  ","04","  ","01","05","05","05",                               ,"1984","    ","    "," ",                                ,"  ",                                ,"  ",                          100.00,"34",                                ,"  ",                           97.00,"53",                                ,"  ",                                ,"  ",                                ,"  ",                                ,"  ",                                ,"  ",                                ,                                ,                           93.75,                                ,                          115.95,                                ,                                ,                                ,                                ,                                ,                              ,                              ,                        490130,                              ,                        587980,                              ,                              ,                              ,                              ,                              ,"    ",                              ,                              ,                              ,"    ",                              ,                              ,                              ,"    ",                              ,                              ,                              ,"    ",                              ,                              ,                              ,"    ",                              ,                              ,                              ,                          5228,                              ,                              ,                              ,                              ,                              ,                              ,                              ,                            1.00,"  ",                            30,                              ,                              ,                              ,                              ,                              ,                              ,                              ,                              ,                              ,                              ,"                                      ","  ",                          4819,"16-Mar-2015" 
"2140056","02","34","02","05","05","01","02","02","02","02","02","40","  ","04","  ","01","05","05","05",                               ,"1971","    ","    "," ",                                ,"  ",                                ,"  ",                          100.00,"34",                                ,"  ",                                ,"  ",                                ,"  ",                                ,"  ",                                ,"  ",                                ,"  ",                                ,"  ",                                ,                                ,                           93.75,                                ,                                ,                                ,                                ,                                ,                                ,                                ,                              ,                              ,                        566440,                              ,                              ,                              ,                              ,                              ,                              ,                              ,"    ",                              ,                              ,                              ,"    ",                              ,                              ,                              ,"    ",                              ,                              ,                              ,"    ",                              ,                              ,                              ,"    ",                              ,                              ,                              ,                          6042,                              ,                              ,                              ,                              ,                              ,                              ,                              ,                            1.00,"  ",                            20,                              ,                              ,                              ,                              ,                              ,                              ,                              ,                              ,                              ,                              ,"                                      ","  ",                          2857,"01-Oct-2008" 
"2140056","03","34","01","01","01","01","02","02","02","02","01","40","  ","04","  ","01","05","05","05",                               ,"1990","    ","    "," ",                                ,"  ",                                ,"  ",                          100.00,"34",                                ,"  ",                                ,"  ",                                ,"  ",                                ,"  ",                                ,"  ",                                ,"  ",                                ,"  ",                                ,                                ,                           84.38,                                ,                                ,                                ,                                ,                                ,                                ,                                ,                              ,                              ,                       1356830,                              ,                              ,                              ,                              ,                              ,                              ,                              ,"    ",                              ,                              ,                              ,"    ",                              ,                              ,                              ,"    ",                              ,                              ,                              ,"    ",                              ,                              ,                              ,"    ",                              ,                              ,                              ,                         16080,                              ,                              ,                              ,                              ,                              ,                              ,                              ,                            1.00,"  ",                            15,                              ,                              ,                              ,                              ,                              ,                              ,                              ,                              ,                              ,                              ,"                                      ","  ",                          7235,"18-Oct-1999" 
"2140075","01","71","03","01","01","01","02","01","02","02","02","43","  ","  ","  ","01","05","05","05",                               ,"2005","    ","    "," ",                                ,"  ",                                ,"  ",                          100.00,"71",                                ,"  ",                                ,"  ",                                ,"  ",                                ,"  ",                                ,"  ",                                ,"  ",                                ,"  ",                                ,                                ,                          126.38,                                ,                                ,                                ,                                ,                                ,                                ,                                ,                              ,                              ,                        208530,                              ,                              ,                              ,                              ,                              ,                              ,                              ,"    ",                              ,                              ,                              ,"    ",                              ,                              ,                              ,"    ",                              ,                              ,                              ,"    ",                              ,                              ,                              ,"    ",                              ,                              ,                              ,                          1650,                              ,                              ,                              ,                              ,                              ,                              ,                              ,                            1.00,"  ",                             5,                              ,                              ,                              ,                              ,                              ,                              ,                              ,                              ,                              ,                              ,"                                      ","  ",                          2858,"01-Oct-2008" 
"2140080","01","38","03","01","01","01","02","05","02","02","01","40","  ","04","  ","01","05","05","05",                               ,"1993","    ","    "," ",                                ,"  ",                                ,"  ",                          100.00,"38",                                ,"  ",                                ,"  ",                                ,"  ",                                ,"  ",                                ,"  ",                                ,"  ",                                ,"  ",                                ,                                ,                          113.74,                                ,                                ,                                ,                                ,                                ,                                ,                                ,                              ,                              ,                        152870,                              ,                              ,                              ,                              ,                              ,                              ,                              ,"MZ1 ",                           630,                              ,                              ,"    ",                              ,                              ,                              ,"    ",                              ,                              ,                              ,"    ",                              ,                              ,                              ,"    ",                              ,                              ,                              ,                          1344,                              ,                              ,                              ,                              ,                              ,                              ,                              ,                            1.00,"  ",                            10,                              ,                              ,                              ,                              ,                              ,                              ,                              ,                              ,                              ,                              ,"                                      ","  ",                          2859,"01-Oct-2008" 
"2140085","01","31","01","01","01","01","02","02","02","02","01","33","  ","99","  ","01","05","05","05",                               ,"1978","    ","2013"," ",                                ,"  ",                                ,"  ",                          100.00,"31",                                ,"  ",                           22.00,"86",                                ,"  ",                                ,"  ",                                ,"  ",                                ,"  ",                                ,"  ",                                ,                                ,                           84.38,                                ,                           31.91,                                ,                                ,                                ,                                ,                                ,                              ,                              ,                        307140,                              ,                         25560,                              ,                              ,                              ,                              ,                              ,"    ",                              ,                              ,                              ,"    ",                              ,                              ,                              ,"    ",                              ,                              ,                              ,"    ",                              ,                              ,                              ,"    ",                              ,                              ,                              ,                          3640,                              ,                        323384,                        226369,                              ,                              ,                              ,                              ,                            1.00,"  ",                            10,                              ,                              ,                              ,                              ,                              ,                              ,                              ,                              ,                              ,                              ,"                                      ","  ",                          5580,"18-Oct-2018" 
"2200015","01","34","02","05","05","01","02","05","02","02","02","40","  ","04","  ","01","05","05","05",                               ,"1968","    ","    "," ",                                ,"  ",                                ,"  ",                          100.00,"34",                                ,"  ",                                ,"  ",                                ,"  ",                                ,"  ",                                ,"  ",                                ,"  ",                                ,"  ",                                ,                                ,                           93.75,                                ,                                ,                                ,                                ,                                ,                                ,                                ,                              ,                              ,                        780280,                              ,                              ,                              ,                              ,                              ,                              ,                              ,"    ",                              ,                              ,                              ,"    ",                              ,                              ,                              ,"    ",                              ,                              ,                              ,"    ",                              ,                              ,                              ,"    ",                              ,                              ,                              ,                          8323,                              ,                              ,                              ,                              ,                              ,                              ,                              ,                            1.00,"  ",                            35,                              ,                              ,                              ,                              ,                              ,                              ,                              ,                              ,                              ,                              ,"                                      ","  ",                          2795,"30-Sep-2008" 
"2210016","01","34","04","06","01","03","02","02","02","02","01","33","  ","01","03","01","05","05","05",                               ,"1910","    ","    "," ",                          100.00,"86",                                ,"  ",                          100.00,"34",                                ,"  ",                                ,"  ",                                ,"  ",                                ,"  ",                                ,"  ",                                ,"  ",                                ,"  ",                           29.91,                                ,                           84.38,                                ,                                ,                                ,                                ,                                ,                                ,                                ,                        269610,                              ,                        760600,                              ,                              ,                              ,                              ,                              ,                              ,                              ,"    ",                              ,                              ,                              ,"    ",                              ,                              ,                              ,"    ",                              ,                              ,                              ,"    ",                              ,                              ,                              ,"    ",                              ,                              ,                              ,                          9014,                              ,                              ,                              ,                              ,                              ,                              ,                              ,                            1.00,"  ",                            30,                              ,                              ,                              ,                              ,                              ,                              ,                              ,                              ,                              ,                              ,"                                      ","  ",                          4358,"23-Oct-2013" 
"2210016","02","34","01","01","01","03","01","02","01","02","01","33","  ","01","01","01","05","05","05",                               ,"1880","    ","    "," ",                           20.00,"86",                                ,"  ",                          100.00,"34",                                ,"  ",                           33.00,"82",                                ,"  ",                                ,"  ",                                ,"  ",                                ,"  ",                                ,"  ",                           29.91,                                ,                           84.38,                                ,                           94.82,                                ,                                ,                                ,                                ,                                ,                         69480,                              ,                        980240,                              ,                        363540,                              ,                              ,                              ,                              ,                              ,"    ",                              ,                              ,                              ,"    ",                              ,                              ,                              ,"    ",                              ,                              ,                              ,"    ",                              ,                              ,                              ,"    ",                              ,                              ,                              ,                         11617,                              ,                              ,                              ,                              ,                              ,                              ,                              ,                            1.00,"  ",                            30,                              ,                              ,                              ,                              ,                              ,                              ,                              ,                              ,                              ,                              ,"                                      ","  ",                          4359,"23-Oct-2013" 
"2210021","01","53","04","06","01","01","02","02","02","02","01","33","  ","04","  ","01","05","05","05",                               ,"1906","    ","    "," ",                                ,"  ",                                ,"  ",                          100.00,"53",                                ,"  ",                                ,"  ",                                ,"  ",                                ,"  ",                                ,"  ",                                ,"  ",                                ,"  ",                                ,                                ,                          130.45,                                ,                                ,                                ,                                ,                                ,                                ,                                ,                              ,                              ,                       1624620,                              ,                              ,                              ,                              ,                              ,                              ,                              ,"MZ1 ",                           280,                              ,                              ,"MZ2 ",                           720,                              ,                              ,"SS1 ",                         12000,                              ,                              ,"    ",                              ,                              ,                              ,"    ",                              ,                              ,                              ,                         12454,                              ,                              ,                              ,                              ,                              ,                              ,                              ,                            1.00,"  ",                            50,                              ,                              ,                              ,                              ,                              ,                              ,                              ,                              ,                              ,                              ,"                                      ","  ",                          1286,"18-Dec-2003" 
"2210021","02","53","04","06","08","01","02","02","02","02","01","33","  ","04","  ","01","05","05","05",                               ,"1910","    ","    "," ",                                ,"  ",                                ,"  ",                          100.00,"53",                                ,"  ",                                ,"  ",                                ,"  ",                                ,"  ",                                ,"  ",                                ,"  ",                                ,"  ",                                ,                                ,                          130.45,                                ,                                ,                                ,                                ,                                ,                                ,                                ,                              ,                              ,                        873490,                              ,                              ,                              ,                              ,                              ,                              ,                              ,"LD1 ",                           256,                              ,                              ,"SS1 ",                          6696,                              ,                              ,"    ",                              ,                              ,                              ,"    ",                              ,                              ,                              ,"    ",                              ,                              ,                              ,                          6696,                              ,                              ,                              ,                              ,                              ,                              ,                              ,                            1.00,"  ",                            50,                              ,                              ,                              ,                              ,                              ,                              ,                              ,                              ,                              ,                              ,"                                      ","  ",                          1287,"18-Dec-2003" 
"2210021","03","53","01","01","01","03","02","02","02","02","01","33","  ","04","  ","01","05","05","05",                               ,"1910","    ","    "," ",                                ,"  ",                                ,"  ",                          100.00,"53",                                ,"  ",                                ,"  ",                                ,"  ",                                ,"  ",                                ,"  ",                                ,"  ",                                ,"  ",                                ,                                ,                          130.45,                                ,                                ,                                ,                                ,                                ,                                ,                                ,                              ,                              ,                        156150,                              ,                              ,                              ,                              ,                              ,                              ,                              ,"    ",                              ,                              ,                              ,"    ",                              ,                              ,                              ,"    ",                              ,                              ,                              ,"    ",                              ,                              ,                              ,"    ",                              ,                              ,                              ,                          1197,                              ,                              ,                              ,                              ,                              ,                              ,                              ,                            1.00,"  ",                            50,                              ,                              ,                              ,                              ,                              ,                              ,                              ,                              ,                              ,                              ,"                                      ","  ",                          1289,"18-Dec-2003" 
"2210021","04","53","03","06","01","01","02","02","02","02","01","33","  ","04","  ","01","05","05","05",                               ,"1910","    ","    "," ",                                ,"  ",                                ,"  ",                          100.00,"53",                                ,"  ",                                ,"  ",                                ,"  ",                                ,"  ",                                ,"  ",                                ,"  ",                                ,"  ",                                ,                                ,                          130.45,                                ,                                ,                                ,                                ,                                ,                                ,                                ,                              ,                              ,                       1232750,                              ,                              ,                              ,                              ,                              ,                              ,                              ,"MZ2 ",                          1500,                              ,                              ,"SS1 ",                          9450,                              ,                              ,"    ",                              ,                              ,                              ,"    ",                              ,                              ,                              ,"    ",                              ,                              ,                              ,                          9450,                              ,                              ,                              ,                              ,                              ,                              ,                              ,                            1.00,"  ",                            50,                              ,                              ,                              ,                              ,                              ,                              ,                              ,                              ,                              ,                              ,"                                      ","  ",                          1290,"18-Dec-2003" 
"2210021","05","53","04","07","01","01","02","02","02","02","01","33","  ","01","01","01","05","05","05",                               ,"1910","    ","    "," ",                          100.00,"91",                                ,"  ",                          100.00,"53",                                ,"  ",                                ,"  ",                                ,"  ",                                ,"  ",                                ,"  ",                                ,"  ",                                ,"  ",                           29.91,                                ,                          130.45,                                ,                                ,                                ,                                ,                                ,                                ,                                ,                         50250,                              ,                        219160,                              ,                              ,                              ,                              ,                              ,                              ,                              ,"    ",                              ,                              ,                              ,"    ",                              ,                              ,                              ,"    ",                              ,                              ,                              ,"    ",                              ,                              ,                              ,"    ",                              ,                              ,                              ,                          1680,                              ,                              ,                              ,                              ,                              ,                              ,                              ,                            1.00,"  ",                            50,                              ,                              ,                              ,                              ,                              ,                              ,                              ,                              ,                              ,                              ,"                                      ","  ",                          1291,"18-Dec-2003" 
"2210021","06","53","04","05","01","01","02","02","02","02","01","33","  ","04","  ","01","05","05","05",                               ,"1910","    ","    "," ",                                ,"  ",                                ,"  ",                          100.00,"53",                                ,"  ",                                ,"  ",                                ,"  ",                                ,"  ",                                ,"  ",                                ,"  ",                                ,"  ",                                ,                                ,                          130.45,                                ,                                ,                                ,                                ,                                ,                                ,                                ,                              ,                              ,                        145840,                              ,                              ,                              ,                              ,                              ,                              ,                              ,"    ",                              ,                              ,                              ,"    ",                              ,                              ,                              ,"    ",                              ,                              ,                              ,"    ",                              ,                              ,                              ,"    ",                              ,                              ,                              ,                          1118,                              ,                              ,                              ,                              ,                              ,                              ,                              ,                            1.00,"  ",                            50,                              ,                              ,                              ,                              ,                              ,                              ,                              ,                              ,                              ,                              ,"                                      ","  ",                          1292,"18-Dec-2003" 
"2210021","07","53","04","05","01","01","02","02","02","02","01","33","  ","02","01","01","05","05","05",                               ,"1910","    ","    "," ",                                ,"  ",                                ,"  ",                          100.00,"53",                                ,"  ",                                ,"  ",                                ,"  ",                                ,"  ",                                ,"  ",                                ,"  ",                                ,"  ",                                ,                                ,                          130.45,                                ,                                ,                                ,                                ,                                ,                                ,                                ,                              ,                              ,                       1048820,                              ,                              ,                              ,                              ,                              ,                              ,                              ,"    ",                              ,                              ,                              ,"    ",                              ,                              ,                              ,"    ",                              ,                              ,                              ,"    ",                              ,                              ,                              ,"    ",                              ,                              ,                              ,                          8040,                              ,                              ,                              ,                              ,                              ,                              ,                              ,                            1.00,"  ",                            50,                              ,                              ,                              ,                              ,                              ,                              ,                              ,                              ,                              ,                              ,"                                      ","  ",                          1293,"18-Dec-2003" 
"2210021","08","53","03","01","01","01","02","02","02","02","01","33","  ","02","03","01","05","05","05",                               ,"1927","    ","    "," ",                           27.00,"86",                                ,"  ",                          100.00,"53",                                ,"  ",                                ,"  ",                                ,"  ",                                ,"  ",                                ,"  ",                                ,"  ",                                ,"  ",                           29.91,                                ,                          130.45,                                ,                                ,                                ,                                ,                                ,                                ,                                ,                         42860,                              ,                        692170,                              ,                              ,                              ,                              ,                              ,                              ,                              ,"    ",                              ,                              ,                              ,"    ",                              ,                              ,                              ,"    ",                              ,                              ,                              ,"    ",                              ,                              ,                              ,"    ",                              ,                              ,                              ,                          5306,                              ,                              ,                              ,                              ,                              ,                              ,                              ,                            1.00,"  ",                            50,                              ,                              ,                              ,                              ,                              ,                              ,                              ,                              ,                              ,                              ,"                                      ","  ",                          1294,"18-Dec-2003" 
"2210021","09","53","04","05","01","01","02","02","02","02","01","33","  ","04","  ","01","05","05","05",                               ,"1910","    ","    "," ",                                ,"  ",                                ,"  ",                          100.00,"53",                                ,"  ",                                ,"  ",                                ,"  ",                                ,"  ",                                ,"  ",                                ,"  ",                                ,"  ",                                ,                                ,                          130.44,                                ,                                ,                                ,                                ,                                ,                                ,                                ,                              ,                              ,                         41740,                              ,                              ,                              ,                              ,                              ,                              ,                              ,"    ",                              ,                              ,                              ,"    ",                              ,                              ,                              ,"    ",                              ,                              ,                              ,"    ",                              ,                              ,                              ,"    ",                              ,                              ,                              ,                           320,                              ,                              ,                              ,                              ,                              ,                              ,                              ,                            1.00,"  ",                            50,                              ,                              ,                              ,                              ,                              ,                              ,                              ,                              ,                              ,                              ,"                                      ","  ",                          1295,"18-Dec-2003" 
"2210021","10","53","03","05","01","01","02","02","02","02","01","33","  ","04","  ","01","05","05","05",                               ,"1910","    ","    "," ",                                ,"  ",                                ,"  ",                          100.00,"53",                                ,"  ",                                ,"  ",                                ,"  ",                                ,"  ",                                ,"  ",                                ,"  ",                                ,"  ",                                ,                                ,                          130.45,                                ,                                ,                                ,                                ,                                ,                                ,                                ,                              ,                              ,                         49830,                              ,                              ,                              ,                              ,                              ,                              ,                              ,"    ",                              ,                              ,                              ,"    ",                              ,                              ,                              ,"    ",                              ,                              ,                              ,"    ",                              ,                              ,                              ,"    ",                              ,                              ,                              ,                           382,                              ,                              ,                              ,                              ,                              ,                              ,                              ,                            1.00,"  ",                            50,                              ,                              ,                              ,                              ,                              ,                              ,                              ,                              ,                              ,                              ,"                                      ","  ",                          1296,"18-Dec-2003" 
"2210021","10","53","03","05","01","01","02","02","02","02","01","33","  ","04","  ","01","05","05","05",                               ,"1910","    ","    "," ",                                ,"  ",                                ,"  ",                          100.00,"53",                                ,"  ",                                ,"  ",                                ,"  ",                                ,"  ",                                ,"  ",                                ,"  ",                                ,"  ",                                ,                                ,                          130.45,                                ,                                ,                                ,                                ,                                ,                                ,                                ,                              ,                              ,                         49830,                              ,                              ,                              ,                              ,                              ,                              ,                              ,"    ",                              ,                              ,                              ,"    ",                              ,                              ,                              ,"    ",                              ,                              ,                              ,"    ",                              ,                              ,                              ,"    ",                              ,                              ,                              ,                           382,                              ,                              ,                              ,                              ,                              ,                              ,                              ,                            1.00,"  ",                            50,                              ,                              ,                              ,                              ,                              ,                              ,                              ,                              ,                              ,                              ,"                                      ","  ",                          1296,"18-Dec-2003" 
"2210021","11","53","03","05","01","03","02","02","02","02","01","33","  ","04","  ","01","05","05","05",                               ,"1910","    ","    "," ",                                ,"  ",                                ,"  ",                          100.00,"53",                                ,"  ",                                ,"  ",                                ,"  ",                                ,"  ",                                ,"  ",                                ,"  ",                                ,"  ",                                ,                                ,                          130.45,                                ,                                ,                                ,                                ,                                ,                                ,                                ,                              ,                              ,                        136970,                              ,                              ,                              ,                              ,                              ,                              ,                              ,"    ",                              ,                              ,                              ,"    ",                              ,                              ,                              ,"    ",                              ,                              ,                              ,"    ",                              ,                              ,                              ,"    ",                              ,                              ,                              ,                          1050,                              ,                              ,                              ,                              ,                              ,                              ,                              ,                            1.00,"  ",                            50,                              ,                              ,                              ,                              ,                              ,                              ,                              ,                              ,                              ,                              ,"                                      ","  ",                          1284,"18-Dec-2003" 
"2280080","01","52","02","05","05","01","02","02","08","02","02","50","  ","  ","  ","01","06","06","  ",                               ,"2008","    ","    "," ",                                ,"  ",                                ,"  ",                          100.00,"52",                                ,"  ",                                ,"  ",                                ,"  ",                                ,"  ",                                ,"  ",                                ,"  ",                                ,"  ",                                ,                                ,                          168.63,                                ,                                ,                                ,                                ,                                ,                                ,                                ,                              ,                              ,                       3066370,                              ,                              ,                              ,                              ,                              ,                              ,                              ,"SS1 ",                         18184,                              ,                              ,"    ",                              ,                              ,                              ,"    ",                              ,                              ,                              ,"    ",                              ,                              ,                              ,"    ",                              ,                              ,                              ,                         18184,                              ,                              ,                              ,                              ,                              ,                              ,                              ,                            1.00,"  ",                            10,                              ,                              ,                              ,                              ,                              ,                              ,                              ,                              ,                              ,                              ,"                                      ","  ",                          2848,"30-Sep-2008" 
"2280100","01","54","01","01","01","01","02","02","08","02","01","43","99","04","  ","01","06","06","  ",                               ,"2000","    ","    "," ",                                ,"  ",                                ,"  ",                          100.00,"54",                                ,"  ",                                ,"  ",                                ,"  ",                                ,"  ",                                ,"  ",                                ,"  ",                                ,"  ",                                ,                                ,                          121.33,                                ,                                ,                                ,                                ,                                ,                                ,                                ,                              ,                              ,                       3373940,                              ,                              ,                              ,                              ,                              ,                              ,                              ,"SS1 ",                         27808,                              ,                              ,"CP7 ",                           308,                              ,                              ,"    ",                              ,                              ,                              ,"    ",                              ,                              ,                              ,"    ",                              ,                              ,                              ,                         27808,                              ,                              ,                              ,                              ,                              ,                              ,                              ,                            1.25,"  ",                            10,                              ,                              ,                              ,                              ,                              ,                              ,                              ,                              ,                              ,                              ,"                                      ","  ",                          4817,"16-Mar-2015" 
"2280150","01","53","03","05","05","01","02","02","02","02","02","37","  ","04","  ","01","05","05","05",                               ,"1987","    ","    "," ",                                ,"  ",                                ,"  ",                          100.00,"53",                                ,"  ",                                ,"  ",                                ,"  ",                                ,"  ",                                ,"  ",                                ,"  ",                                ,"  ",                                ,                                ,                          131.69,                                ,                                ,                                ,                                ,                                ,                                ,                                ,                              ,                              ,                       4045520,                              ,                              ,                              ,                              ,                              ,                              ,                              ,"CP7 ",                           960,                              ,                              ,"    ",                              ,                              ,                              ,"    ",                              ,                              ,                              ,"    ",                              ,                              ,                              ,"    ",                              ,                              ,                              ,                         30720,                              ,                              ,                              ,                              ,                              ,                              ,                              ,                            1.00,"  ",                            55,                              ,                              ,                              ,                              ,                              ,                              ,                              ,                              ,                              ,                              ,"                                      ","  ",                          4816,"22-Jan-2015" 
"2280200","01","53","02","05","05","01","02","02","02","02","02","40","  ","04","  ","01","05","05","05",                               ,"1987","    ","    "," ",                                ,"  ",                                ,"  ",                           85.00,"53",                                ,"  ",                           95.00,"53",                                ,"  ",                                ,"  ",                                ,"  ",                                ,"  ",                                ,"  ",                                ,                                ,                          144.94,                                ,                          115.95,                                ,                                ,                                ,                                ,                                ,                              ,                              ,                       1361420,                              ,                       1217240,                              ,                              ,                              ,                              ,                              ,"EL1 ",                              ,                             1,                         50000,"    ",                              ,                              ,                              ,"    ",                              ,                              ,                              ,"    ",                              ,                              ,                              ,"    ",                              ,                              ,                              ,                         11051,                              ,                       1821660,                       1275160,                              ,                              ,                              ,                              ,                            1.00,"  ",                            45,                              ,                              ,                              ,                              ,                              ,                              ,                              ,                              ,                              ,                              ,"                                      ","  ",                          5836,"20-Nov-2019" 
"2570035","01","92","03","01","01","01","02","02","02","02","01","43","  ","02","02","01","05","05","  ",                               ,"1964","    ","    "," ",                           18.00,"92",                                ,"  ",                          100.00,"92",                                ,"  ",                                ,"  ",                                ,"  ",                                ,"  ",                                ,"  ",                                ,"  ",                                ,"  ",                          109.69,                                ,                          146.25,                                ,                                ,                                ,                                ,                                ,                                ,                                ,                        219820,                              ,                       1627910,                              ,                              ,                              ,                              ,                              ,                              ,                              ,"    ",                              ,                              ,                              ,"    ",                              ,                              ,                              ,"    ",                              ,                              ,                              ,"    ",                              ,                              ,                              ,"    ",                              ,                              ,                              ,                         11131,                              ,                       1870830,                       1309580,                              ,                              ,                              ,                              ,                            1.00,"  ",                            25,                              ,                              ,                              ,                              ,                              ,                              ,                              ,                              ,                              ,                              ,"                                      ","  ",                          4875,"11-Sep-2015" 
"2570062","01","53","05","01","01","01","  ","01","02","01","02","30","99","99","  ","01","04","04","04",                               ,"1976","    ","    "," ",                                ,"  ",                                ,"  ",                           30.00,"53",                           70.00,"84",                                ,"  ",                                ,"  ",                                ,"  ",                                ,"  ",                                ,"  ",                                ,"  ",                                ,                                ,                          144.94,                           44.31,                                ,                                ,                                ,                                ,                                ,                                ,                              ,                              ,                        257990,                        184060,                              ,                              ,                              ,                              ,                              ,                              ,"CP5 ",                           998,                             1,                         12230,"    ",                              ,                              ,                              ,"    ",                              ,                              ,                              ,"    ",                              ,                              ,                              ,"    ",                              ,                              ,                              ,                          5934,                              ,                        340710,                        238500,                              ,                              ,                              ,                              ,                            1.00,"  ",                            25,                              ,                              ,                              ,                              ,                              ,                              ,                              ,                              ,                              ,                              ,"                                      ","  ",                          5065,"17-Nov-2016" 
"2660043","01","31","01","05","05","01","02","02","02","02","01","40","  ","01","01","01","05","05","05",                               ,"1971","    ","    "," ",                          100.00,"86",                                ,"  ",                          100.00,"31",                                ,"  ",                                ,"  ",                                ,"  ",                                ,"  ",                                ,"  ",                                ,"  ",                                ,"  ",                           29.91,                                ,                          107.89,                                ,                                ,                                ,                                ,                                ,                                ,                                ,                        319860,                              ,                       1153780,                              ,                              ,                              ,                              ,                              ,                              ,                              ,"    ",                              ,                              ,                              ,"    ",                              ,                              ,                              ,"    ",                              ,                              ,                              ,"    ",                              ,                              ,                              ,"    ",                              ,                              ,                              ,                         10694,                              ,                              ,                              ,                              ,                              ,                              ,                              ,                            1.00,"  ",                            75,                              ,                              ,                              ,                              ,                              ,                              ,                              ,                              ,                              ,                              ,"                                      ","  ",                          4601,"23-Apr-2014" 
"2810114","01","11","04","01","02","04","02","03","05","  ","01","33","34","05","03","01","04","04","  ",                               ,"    ","    ","    "," ",                          100.00,"11",                                ,"  ",                          100.00,"11",                                ,"  ",                                ,"  ",                                ,"  ",                                ,"  ",                                ,"  ",                                ,"  ",                                ,"  ",                           64.13,                                ,                           85.50,                                ,                                ,                                ,                                ,                                ,                                ,                                ,                        323220,                              ,                        430920,                              ,                              ,                              ,                              ,                              ,                              ,                              ,"    ",                              ,                              ,                              ,"    ",                              ,                              ,                              ,"    ",                              ,                              ,                              ,"    ",                              ,                              ,                              ,"    ",                              ,                              ,                              ,                          5040,                              ,                              ,                              ,                              ,                              ,                              ,                              ,                            1.00,"  ",                            45,                              ,                              ,                              ,                              ,                              ,                              ,                              ,                              ,                              ,                              ,"                                      ","  ",                          4419,"11-Dec-2013" 
"2810335","01","31","01","01","01","01","02","03","02","01","01","30","  ","01","01","03","04","04","  ",                               ,"1968","    ","    "," ",                          100.00,"84",                                ,"  ",                          100.00,"31",                                ,"  ",                                ,"  ",                                ,"  ",                                ,"  ",                                ,"  ",                                ,"  ",                                ,"  ",                           29.91,                                ,                          107.89,                                ,                                ,                                ,                                ,                                ,                                ,                                ,                         41630,                              ,                        150180,                              ,                              ,                              ,                              ,                              ,                              ,                              ,"    ",                              ,                              ,                              ,"    ",                              ,                              ,                              ,"    ",                              ,                              ,                              ,"    ",                              ,                              ,                              ,"    ",                              ,                              ,                              ,                          1392,                              ,                        143858,                        100701,                              ,                              ,                              ,                              ,                            1.00,"  ",                            25,                              ,                              ,                              ,                              ,                              ,                              ,                              ,                              ,                              ,                              ,"                                      ","  ",                          1706,"30-Aug-2005" 
"2810365","01","47","02","01","01","01","05","01","01","  ","01","40","02","01","03","99","04","04","  ",                               ,"1968","    ","    "," ",                          100.00,"86",                                ,"  ",                          100.00,"47",                                ,"  ",                           10.00,"86",                                ,"  ",                                ,"  ",                                ,"  ",                                ,"  ",                                ,"  ",                           29.91,                                ,                           70.99,                                ,                           31.91,                                ,                                ,                                ,                                ,                                ,                         53120,                              ,                        126080,                              ,                          5680,                              ,                              ,                              ,                              ,                              ,"    ",                              ,                              ,                              ,"    ",                              ,                              ,                              ,"    ",                              ,                              ,                              ,"    ",                              ,                              ,                              ,"    ",                              ,                              ,                              ,                          1776,                              ,                              ,                              ,                              ,                              ,                              ,                              ,                            1.00,"  ",                            25,                              ,                              ,                              ,                              ,                              ,                              ,                              ,                              ,                              ,                              ,"                                      ","  ",                          1013,"06-Mar-2001" 
"2840001","01","55","01","01","01","01","02","02","02","02","01","  ","  ","  ","  ","01","05","05","  ",                               ,"1989","    ","    "," ",                                ,"  ",                                ,"  ",                          100.00,"55",                                ,"  ",                           44.00,"55",                                ,"  ",                                ,"  ",                                ,"  ",                                ,"  ",                                ,"  ",                                ,                                ,                          100.00,                                ,                          100.00,                                ,                                ,                                ,                                ,                                ,                              ,                              ,                        697100,                              ,                        306700,                              ,                              ,                              ,                              ,                              ,"    ",                              ,                              ,                              ,"    ",                              ,                              ,                              ,"    ",                              ,                              ,                              ,"    ",                              ,                              ,                              ,"    ",                              ,                              ,                              ,                          6971,                              ,                              ,                              ,                              ,                              ,                              ,                              ,                            1.00,"  ",                              ,                              ,                              ,                              ,                              ,                              ,                              ,                              ,                              ,                              ,                              ,"                                      ","  ",                          1203,"15-Mar-2001" 
"2870015","01","44","02","05","05","05","02","01","  ","  ","02","30","  ","  ","  ","02","03","03","03",                               ,"1954","    ","    "," ",                                ,"  ",                                ,"  ",                           30.00,"82",                           70.00,"44",                                ,"  ",                                ,"  ",                                ,"  ",                                ,"  ",                                ,"  ",                                ,"  ",                                ,                                ,                          131.69,                           58.81,                                ,                                ,                                ,                                ,                                ,                                ,                              ,                              ,                        520180,                        541990,                              ,                              ,                              ,                              ,                              ,                              ,"AC1 ",                          4108,                              ,                         16430,"    ",                              ,                              ,                              ,"    ",                              ,                              ,                              ,"    ",                              ,                              ,                              ,"    ",                              ,                              ,                              ,                         13165,                              ,                        431440,                        302010,                              ,                              ,                              ,                              ,                            1.00,"  ",                            60,                              ,                              ,                              ,                              ,                              ,                              ,                              ,                              ,                              ,                              ,"                                      ","  ",                          2726,"26-Sep-2008" 
"2870015","02","44","10","05","05","01","98","01","08","07","04","33","  ","05","03","01","05","05","  ",                               ,"2015","    ","    "," ",                           53.00,"44",                                ,"  ",                          100.00,"45",                                ,"  ",                                ,"  ",                                ,"  ",                                ,"  ",                                ,"  ",                                ,"  ",                                ,"  ",                           39.70,                                ,                           49.39,                                ,                                ,                                ,                                ,                                ,                                ,                                ,                        160030,                              ,                        375610,                              ,                              ,                              ,                              ,                              ,                              ,                              ,"    ",                              ,                              ,                              ,"    ",                              ,                              ,                              ,"    ",                              ,                              ,                              ,"    ",                              ,                              ,                              ,"    ",                              ,                              ,                              ,                          7605,                              ,                        433870,                        303710,                              ,                              ,                              ,                              ,                            1.00,"  ",                            25,                              ,                              ,                              ,                              ,                              ,                              ,                              ,                              ,                              ,                              ,"                                      ","  ",                          4989,"26-Apr-2016" 
"2870020","01","47","10","05","05","05","05","01","02","02","01","27","  ","  ","  ","  ","05","05","05",                               ,"1966","    ","    "," ",                                ,"  ",                                ,"  ",                          100.00,"47",                                ,"  ",                                ,"  ",                                ,"  ",                                ,"  ",                                ,"  ",                                ,"  ",                                ,"  ",                                ,                                ,                           70.99,                                ,                                ,                                ,                                ,                                ,                                ,                                ,                              ,                              ,                        516810,                              ,                              ,                              ,                              ,                              ,                              ,                              ,"    ",                              ,                              ,                              ,"    ",                              ,                              ,                              ,"    ",                              ,                              ,                              ,"    ",                              ,                              ,                              ,"    ",                              ,                              ,                              ,                          7280,                              ,                        237740,                        166420,                              ,                              ,                              ,                              ,                            1.00,"  ",                            50,                              ,                              ,                              ,                              ,                              ,                              ,                              ,                              ,                              ,                              ,"                                      ","  ",                          5021,"21-Sep-2016" 
"3060224","01","92","03","01","01","01","02","05","02","07","01","40","  ","04","  ","01","05","05","  ",                               ,"    ","    ","    "," ",                                ,"  ",                                ,"  ",                          100.00,"92",                                ,"  ",                                ,"  ",                                ,"  ",                                ,"  ",                                ,"  ",                                ,"  ",                                ,"  ",                                ,                                ,                          146.25,                                ,                                ,                                ,                                ,                                ,                                ,                                ,                              ,                              ,                       1998800,                              ,                              ,                              ,                              ,                              ,                              ,                              ,"OP1 ",                           224,                              ,                          9630,"OP1 ",                           217,                              ,                          9330,"    ",                              ,                              ,                              ,"    ",                              ,                              ,                              ,"    ",                              ,                              ,                              ,                         13667,                              ,                       2033900,                       1423730,                              ,                              ,                              ,                              ,                            1.00,"  ",                            20,                              ,                              ,                              ,                              ,                              ,                              ,                              ,                              ,                              ,                              ,"                                      ","  ",                          5785,"08-Aug-2019" 
"3250002","01","53","01","01","01","01","02","02","02","02","01","30","  ","04","  ","01","05","05","05",                               ,"2020","    ","    "," ",                                ,"  ",                                ,"  ",                          100.00,"53",                                ,"  ",                                ,"  ",                                ,"  ",                                ,"  ",                                ,"  ",                                ,"  ",                                ,"  ",                                ,                                ,                          130.45,                                ,                                ,                                ,                                ,                                ,                                ,                                ,                              ,                              ,                        187330,                              ,                              ,                              ,                              ,                              ,                              ,                              ,"    ",                              ,                              ,                              ,"    ",                              ,                              ,                              ,"    ",                              ,                              ,                              ,"    ",                              ,                              ,                              ,"    ",                              ,                              ,                              ,                          1436,                              ,                        187330,                        131130,                              ,                              ,                              ,                              ,                            1.00,"  ",                              ,                              ,                              ,                              ,                              ,                              ,                              ,                              ,                              ,                              ,                              ,"                                      ","  ",                          6070,"15-Apr-2021" 
"3290027","01","53","01","01","01","03","02","02","02","02","01","40","  ","01","01","01","03","03","03",                               ,"1812","    ","    "," ",                          100.00,"91",                                ,"  ",                          100.00,"53",                                ,"  ",                          108.00,"53",                                ,"  ",                                ,"  ",                                ,"  ",                                ,"  ",                                ,"  ",                           29.91,                                ,                          130.45,                                ,                          104.36,                                ,                                ,                                ,                                ,                                ,                         98070,                              ,                        427750,                              ,                        369540,                              ,                              ,                              ,                              ,                              ,"    ",                              ,                              ,                              ,"    ",                              ,                              ,                              ,"    ",                              ,                              ,                              ,"    ",                              ,                              ,                              ,"    ",                              ,                              ,                              ,                          3279,                              ,                         56410,                         39490,                              ,                              ,                              ,                              ,                            1.00,"  ",                            95,                              ,                              ,                              ,                              ,                              ,                              ,                              ,                              ,                              ,                              ,"                                      ","  ",                          5863,"12-Mar-2020" 
"3290035","01","52","03","02","02","01","02","02","02","02","01","43","  ","04","  ","01","05","05","05",                               ,"1999","    ","    "," ",                                ,"  ",                                ,"  ",                          100.00,"52",                                ,"  ",                          102.00,"52",                                ,"  ",                                ,"  ",                                ,"  ",                                ,"  ",                                ,"  ",                                ,                                ,                          151.77,                                ,                          121.41,                                ,                                ,                                ,                                ,                                ,                              ,                              ,                       1963300,                              ,                       1602000,                              ,                              ,                              ,                              ,                              ,"CP7 ",                           432,                              ,                          9610,"CP7 ",                           432,                              ,                          9610,"    ",                              ,                              ,                              ,"    ",                              ,                              ,                              ,"    ",                              ,                              ,                              ,                         12936,                              ,                       4113240,                       2879270,                              ,                              ,                              ,                              ,                            1.00,"  ",                            15,                              ,                              ,                              ,                              ,                              ,                              ,                              ,                              ,                              ,                              ,"                                      ","  ",                          5864,"12-Mar-2020" 
"3290045","01","53","03","01","  ","05","02","02","02","02","02","40","  ","  ","  ","01","05","05","  ",                               ,"2012","    ","    "," ",                                ,"  ",                                ,"  ",                          100.00,"53",                                ,"  ",                                ,"  ",                                ,"  ",                                ,"  ",                                ,"  ",                                ,"  ",                                ,"  ",                                ,                                ,                          144.94,                                ,                                ,                                ,                                ,                                ,                                ,                                ,                              ,                              ,                       2907210,                              ,                              ,                              ,                              ,                              ,                              ,                              ,"    ",                              ,                              ,                              ,"    ",                              ,                              ,                              ,"    ",                              ,                              ,                              ,"    ",                              ,                              ,                              ,"    ",                              ,                              ,                              ,                         20058,                              ,                       2014700,                       1410290,                              ,                              ,                              ,                              ,                            1.00,"  ",                            45,                              ,                              ,                              ,                              ,                              ,                              ,                              ,                              ,                              ,                              ,"                                      ","  ",                          5865,"12-Mar-2020" 
"3290055","01","53","03","05","05","01","02","02","02","02","02","40","  ","  ","  ","01","06","06","  ",                               ,"2005","    ","    "," ",                                ,"  ",                                ,"  ",                           60.00,"53",                           40.00,"53",                          102.00,"53",                                ,"  ",                                ,"  ",                                ,"  ",                                ,"  ",                                ,"  ",                                ,                                ,                          144.94,                          144.94,                          115.95,                                ,                                ,                                ,                                ,                                ,                              ,                              ,                       1277650,                        851810,                       1737630,                              ,                              ,                              ,                              ,                              ,"    ",                              ,                              ,                              ,"SS1 ",                         29384,                              ,                         61710,"    ",                              ,                              ,                              ,"    ",                              ,                              ,                              ,"    ",                              ,                              ,                              ,                         14692,                              ,                       2722660,                       1905860,                              ,                              ,                              ,                              ,                            1.00,"  ",                            45,                              ,                              ,                              ,                              ,                              ,                              ,                              ,                              ,                              ,                              ,"                                      ","  ",                          5866,"12-Mar-2020" 
"3290065","01","31","01","01","01","01","02","02","02","02","01","30","  ","02","01","01","06","06","06",                               ,"1977","    ","1995"," ",                           50.00,"84",                                ,"  ",                           50.00,"31",                           50.00,"86",                           33.00,"53",                                ,"  ",                                ,"  ",                                ,"  ",                                ,"  ",                                ,"  ",                           29.91,                                ,                          107.89,                           39.88,                          104.36,                                ,                                ,                                ,                                ,                                ,                         73430,                              ,                        264870,                         97910,                        169060,                              ,                              ,                              ,                              ,                              ,"    ",                              ,                              ,                              ,"    ",                              ,                              ,                              ,"    ",                              ,                              ,                              ,"    ",                              ,                              ,                              ,"    ",                              ,                              ,                              ,                          4910,                              ,                        272370,                        190660,                              ,                              ,                              ,                              ,                            1.00,"  ",                            55,                              ,                              ,                              ,                              ,                              ,                              ,                              ,                              ,                              ,                              ,"                                      ","  ",                          5679,"27-Feb-2019" 
"3360006","01","34","01","01","01","03","01","04","01","01","01","27","  ","01","01","  ","03","03","03",                               ,"1850","    ","    "," ",                           64.00,"84",                                ,"  ",                          100.00,"34",                                ,"  ",                           64.00,"84",                                ,"  ",                                ,"  ",                                ,"  ",                                ,"  ",                                ,"  ",                           29.91,                                ,                           84.38,                                ,                           31.91,                                ,                                ,                                ,                                ,                                ,                         39270,                              ,                        173150,                              ,                         41900,                              ,                              ,                              ,                              ,                              ,"    ",                              ,                              ,                              ,"    ",                              ,                              ,                              ,"    ",                              ,                              ,                              ,"    ",                              ,                              ,                              ,"    ",                              ,                              ,                              ,                          2052,                              ,                              ,                              ,                              ,                              ,                              ,                              ,                            1.00,"  ",                            40,                              ,                              ,                              ,                              ,                              ,                              ,                              ,                              ,                              ,                              ,"                                      ","  ",                          7106,"18-Oct-1999" 
"3360012","01","82","01","01","01","02","02","02","02","02","01","33","  ","01","01","  ","05","05","05",                               ,"1910","    ","    "," ",                           98.00,"91",                                ,"  ",                          100.00,"82",                                ,"  ",                           98.00,"82",                                ,"  ",                                ,"  ",                                ,"  ",                                ,"  ",                                ,"  ",                           29.91,                                ,                          118.52,                                ,                           94.82,                                ,                                ,                                ,                                ,                                ,                         24380,                              ,                         98610,                              ,                         77280,                              ,                              ,                              ,                              ,                              ,"CP6 ",                           175,                              ,                          2670,"    ",                              ,                              ,                              ,"    ",                              ,                              ,                              ,"    ",                              ,                              ,                              ,"    ",                              ,                              ,                              ,                           832,                              ,                        131505,                         92054,                              ,                              ,                              ,                              ,                            1.00,"  ",                            40,                              ,                              ,                              ,                              ,                              ,                              ,                              ,                              ,                              ,                              ,"                                      ","  ",                          5612,"19-Oct-2018" 
"3360032","01","31","04","01","01","04","01","03","02","  ","01","40","  ","05","03","01","03","03","  ",                               ,"1930","    ","    "," ",                          100.00,"34",                                ,"  ",                          100.00,"31",                                ,"  ",                                ,"  ",                                ,"  ",                                ,"  ",                                ,"  ",                                ,"  ",                                ,"  ",                           63.28,                                ,                          107.89,                                ,                                ,                                ,                                ,                                ,                                ,                                ,                        172750,                              ,                        294540,                              ,                              ,                              ,                              ,                              ,                              ,                              ,"1SA ",                           144,                              ,                          7200,"OP1 ",                            36,                              ,                          1550,"    ",                              ,                              ,                              ,"    ",                              ,                              ,                              ,"    ",                              ,                              ,                              ,                          2730,                              ,                        239920,                        167940,                              ,                              ,                              ,                              ,                            1.00,"  ",                            60,                              ,                              ,                              ,                              ,                              ,                              ,                              ,                              ,                              ,                              ,"                                      ","  ",                          5846,"22-Nov-2019" 
"3360151","01","43","10","06","01","05","98","01","01","01","02","27","99","99","  ","02","05","05","05",                               ,"    ","    ","    "," ",                                ,"  ",                                ,"  ",                           96.00,"43",                            4.00,"82",                            4.00,"82",                                ,"  ",                                ,"  ",                                ,"  ",                                ,"  ",                                ,"  ",                                ,                                ,                           78.88,                          131.69,                          105.35,                                ,                                ,                                ,                                ,                                ,                              ,                              ,                       7854160,                        546380,                        437100,                              ,                              ,                              ,                              ,                              ,"CW1 ",                          2722,                              ,                              ,"OD1 ",                          5768,                              ,                              ,"AC1 ",                          8768,                              ,                              ,"    ",                              ,                              ,                              ,"    ",                              ,                              ,                              ,                        103720,                              ,                              ,                              ,                              ,                              ,                              ,                              ,                            1.00,"  ",                            60,                              ,                              ,                              ,                              ,                              ,                              ,                              ,                              ,                              ,                              ,"                                      ","  ",                          3147,"25-Nov-2009" 
"3360154","01","43","10","06","01","05","02","01","02","02","02","30","99","99","  ","02","05","05","05",                               ,"1980","    ","    "," ",                                ,"  ",                                ,"  ",                           95.00,"43",                            5.00,"82",                                ,"  ",                                ,"  ",                                ,"  ",                                ,"  ",                                ,"  ",                                ,"  ",                                ,                                ,                           78.88,                          131.69,                                ,                                ,                                ,                                ,                                ,                                ,                              ,                              ,                       2616060,                        229930,                              ,                              ,                              ,                              ,                              ,                              ,"AC1 ",                          1720,                              ,                          6880,"CW1 ",                           364,                              ,                         30940,"    ",                              ,                              ,                              ,"    ",                              ,                              ,                              ,"    ",                              ,                              ,                              ,                         34910,                              ,                       1153524,                        807467,                              ,                              ,                              ,                              ,                            1.00,"  ",                            60,                              ,                              ,                              ,                              ,                              ,                              ,                              ,                              ,                              ,                              ,"                                      ","  ",                          5613,"19-Oct-2018" 
"3360190","01","41","05","06","02","01","98","01","99","  ","01","33","  ","99","  ","02","05","05","  ",                               ,"2000","    ","    "," ",                                ,"  ",                                ,"  ",                          100.00,"41",                                ,"  ",                                ,"  ",                                ,"  ",                                ,"  ",                                ,"  ",                                ,"  ",                                ,"  ",                                ,                                ,                           50.90,                                ,                                ,                                ,                                ,                                ,                                ,                                ,                              ,                              ,                       5023320,                              ,                              ,                              ,                              ,                              ,                              ,                              ,"AC1 ",                         61807,                              ,                        247230,"    ",                              ,                              ,                              ,"    ",                              ,                              ,                              ,"    ",                              ,                              ,                              ,"    ",                              ,                              ,                              ,                         98690,                              ,                       5122970,                       3586080,                              ,                              ,                              ,                              ,                            1.00,"  ",                            10,                              ,                              ,                              ,                              ,                              ,                              ,                              ,                              ,                              ,                              ,"                                      ","  ",                          5086,"09-Mar-2017" 
"3360205","01","44","05","05","05","05","05","01","02","02","02","27","  ","  ","  ","02","03","03","03",                               ,"1959","    ","1970"," ",                                ,"  ",                                ,"  ",                           93.00,"44",                            7.00,"82",                                ,"  ",                                ,"  ",                                ,"  ",                                ,"  ",                                ,"  ",                                ,"  ",                                ,                                ,                           58.81,                          131.69,                                ,                                ,                                ,                                ,                                ,                                ,                              ,                              ,                       1033940,                        174230,                              ,                              ,                              ,                              ,                              ,                              ,"AC1 ",                          1340,                              ,                          5360,"LD1 ",                           525,                              ,                          5780,"LD5 ",                              ,                             1,                          4750,"    ",                              ,                              ,                              ,"    ",                              ,                              ,                              ,                         18904,                              ,                        563070,                        394150,                              ,                              ,                              ,                              ,                            1.00,"  ",                            50,                              ,                              ,                              ,                              ,                              ,                              ,                              ,                              ,                              ,                              ,"                                      ","  ",                          5965,"29-Sep-2020" 
"3360500","02","93","  ","  ","  ","  ","  ","  ","  ","  ","02","60","  ","  ","  ","  ","  ","  ","  ",                               ,"1925","    ","    "," ",                                ,"  ",                                ,"  ",                          100.00,"93",                                ,"  ",                                ,"  ",                                ,"  ",                                ,"  ",                                ,"  ",                                ,"  ",                                ,"  ",                                ,                                ,                          162.50,                                ,                                ,                                ,                                ,                                ,                                ,                                ,                              ,                              ,                        204100,                              ,                              ,                              ,                              ,                              ,                              ,                              ,"    ",                              ,                              ,                              ,"    ",                              ,                              ,                              ,"    ",                              ,                              ,                              ,"    ",                              ,                              ,                              ,"    ",                              ,                              ,                              ,                          1256,                              ,                              ,                              ,                              ,                              ,                              ,                              ,                            1.00,"  ",                            25,                              ,                              ,                              ,                              ,                              ,                              ,                              ,                              ,                              ,                              ,"                                      ","  ",                          1787,"06-Apr-2001" 
"3360500","03","93","  ","  ","  ","  ","  ","  ","  ","  ","02","60","  ","  ","  ","  ","  ","  ","  ",                               ,"1925","    ","    "," ",                                ,"  ",                                ,"  ",                          100.00,"93",                                ,"  ",                                ,"  ",                                ,"  ",                                ,"  ",                                ,"  ",                                ,"  ",                                ,"  ",                                ,                                ,                          162.50,                                ,                                ,                                ,                                ,                                ,                                ,                                ,                              ,                              ,                        301280,                              ,                              ,                              ,                              ,                              ,                              ,                              ,"    ",                              ,                              ,                              ,"    ",                              ,                              ,                              ,"    ",                              ,                              ,                              ,"    ",                              ,                              ,                              ,"    ",                              ,                              ,                              ,                          1854,                              ,                              ,                              ,                              ,                              ,                              ,                              ,                            1.00,"  ",                            50,                              ,                              ,                              ,                              ,                              ,                              ,                              ,                              ,                              ,                              ,"                                      ","  ",                          1795,"06-Apr-2001" 
"3360500","04","92","  ","  ","  ","  ","  ","  ","  ","  ","02","60","  ","  ","  ","  ","  ","  ","  ",                               ,"1925","    ","    "," ",                                ,"  ",                                ,"  ",                          100.00,"92",                                ,"  ",                                ,"  ",                                ,"  ",                                ,"  ",                                ,"  ",                                ,"  ",                                ,"  ",                                ,                                ,                          162.50,                                ,                                ,                                ,                                ,                                ,                                ,                                ,                              ,                              ,                        301600,                              ,                              ,                              ,                              ,                              ,                              ,                              ,"    ",                              ,                              ,                              ,"    ",                              ,                              ,                              ,"    ",                              ,                              ,                              ,"    ",                              ,                              ,                              ,"    ",                              ,                              ,                              ,                          1856,                              ,                              ,                              ,                              ,                              ,                              ,                              ,                            1.00,"  ",                            50,                              ,                              ,                              ,                              ,                              ,                              ,                              ,                              ,                              ,                              ,"                                      ","  ",                          1514,"06-Apr-2001" 
"3360500","05","93","  ","  ","  ","  ","  ","  ","  ","  ","02","60","  ","  ","  ","  ","  ","  ","  ",                               ,"1925","    ","    "," ",                          100.00,"93",                                ,"  ",                          100.00,"93",                                ,"  ",                          100.00,"93",                                ,"  ",                           75.00,"93",                                ,"  ",                                ,"  ",                                ,"  ",                          121.88,                                ,                          162.50,                                ,                          130.00,                                ,                          130.00,                                ,                                ,                                ,                        640600,                              ,                        854100,                              ,                        683280,                              ,                        512460,                              ,                              ,                              ,"    ",                              ,                              ,                              ,"    ",                              ,                              ,                              ,"    ",                              ,                              ,                              ,"    ",                              ,                              ,                              ,"    ",                              ,                              ,                              ,                          5256,                              ,                              ,                              ,                              ,                              ,                              ,                              ,                            1.00,"  ",                            50,                              ,                              ,                              ,                              ,                              ,                              ,                              ,                              ,                              ,                              ,"                                      ","  ",                          1653,"06-Apr-2001" 
"3360500","06","93","  ","  ","  ","  ","  ","  ","  ","  ","01","40","  ","  ","  ","  ","  ","  ","  ",                               ,"1985","    ","    "," ",                          100.00,"93",                                ,"  ",                          100.00,"93",                                ,"  ",                           18.00,"93",                                ,"  ",                                ,"  ",                                ,"  ",                                ,"  ",                                ,"  ",                          109.69,                                ,                          146.25,                                ,                          117.00,                                ,                                ,                                ,                                ,                                ,                        395760,                              ,                        527670,                              ,                         75930,                              ,                              ,                              ,                              ,                              ,"    ",                              ,                              ,                              ,"    ",                              ,                              ,                              ,"    ",                              ,                              ,                              ,"    ",                              ,                              ,                              ,"    ",                              ,                              ,                              ,                          3608,                              ,                              ,                              ,                              ,                              ,                              ,                              ,                            1.00,"  ",                            15,                              ,                              ,                              ,                              ,                              ,                              ,                              ,                              ,                              ,                              ,"                                      ","  ",                          1528,"06-Apr-2001" 
"3360500","07","53","  ","  ","  ","  ","  ","  ","  ","  ","01","33","  ","  ","  ","  ","  ","  ","  ",                               ,"1950","    ","    "," ",                                ,"  ",                                ,"  ",                          100.00,"53",                                ,"  ",                                ,"  ",                                ,"  ",                                ,"  ",                                ,"  ",                                ,"  ",                                ,"  ",                                ,                                ,                          130.45,                                ,                                ,                                ,                                ,                                ,                                ,                                ,                              ,                              ,                        285420,                              ,                              ,                              ,                              ,                              ,                              ,                              ,"    ",                              ,                              ,                              ,"    ",                              ,                              ,                              ,"    ",                              ,                              ,                              ,"    ",                              ,                              ,                              ,"    ",                              ,                              ,                              ,                          2188,                              ,                              ,                              ,                              ,                              ,                              ,                              ,                            1.00,"  ",                            20,                              ,                              ,                              ,                              ,                              ,                              ,                              ,                              ,                              ,                              ,"                                      ","  ",                          4242,"01-Jul-2013" 
"3360500","08","  ","  ","  ","  ","  ","  ","  ","  ","  ","  ","  ","  ","  ","  ","  ","  ","  ","  ",                               ,"    ","    ","    "," ",                                ,"  ",                                ,"  ",                                ,"  ",                                ,"  ",                                ,"  ",                                ,"  ",                                ,"  ",                                ,"  ",                                ,"  ",                                ,"  ",                                ,                                ,                                ,                                ,                                ,                                ,                                ,                                ,                                ,                                ,                              ,                              ,                              ,                              ,                              ,                              ,                              ,                              ,                              ,                              ,"    ",                              ,                              ,                              ,"    ",                              ,                              ,                              ,"    ",                              ,                              ,                              ,"    ",                              ,                              ,                              ,"    ",                              ,                              ,                              ,                              ,                              ,                              ,                              ,                              ,                              ,                              ,                              ,                            1.00,"  ",                              ,                              ,                              ,                              ,                              ,                              ,                              ,                              ,                              ,                              ,                              ,"                                      ","  ",                              ,"03-Apr-2001" 
"3360500","09","93","  ","  ","  ","  ","  ","  ","  ","  ","02","60","  ","  ","  ","  ","  ","  ","  ",                               ,"1925","    ","    "," ",                                ,"  ",                                ,"  ",                          100.00,"93",                                ,"  ",                           67.00,"93",                                ,"  ",                                ,"  ",                                ,"  ",                                ,"  ",                                ,"  ",                                ,                                ,                          162.50,                                ,                          130.00,                                ,                                ,                                ,                                ,                                ,                              ,                              ,                        673400,                              ,                        360880,                              ,                              ,                              ,                              ,                              ,"    ",                              ,                              ,                              ,"    ",                              ,                              ,                              ,"    ",                              ,                              ,                              ,"    ",                              ,                              ,                              ,"    ",                              ,                              ,                              ,                          4144,                              ,                              ,                              ,                              ,                              ,                              ,                              ,                            1.00,"  ",                            50,                              ,                              ,                              ,                              ,                              ,                              ,                              ,                              ,                              ,                              ,"                                      ","  ",                          1547,"06-Apr-2001" 
"3360500","10","93","  ","  ","  ","  ","  ","  ","  ","  ","02","60","  ","  ","  ","  ","  ","  ","  ",                               ,"1925","    ","    "," ",                                ,"  ",                                ,"  ",                          100.00,"93",                                ,"  ",                          100.00,"93",                                ,"  ",                          100.00,"93",                                ,"  ",                                ,"  ",                                ,"  ",                                ,                                ,                          162.50,                                ,                          130.00,                                ,                          130.00,                                ,                                ,                                ,                              ,                              ,                        947210,                              ,                        757770,                              ,                        757770,                              ,                              ,                              ,"    ",                              ,                              ,                              ,"    ",                              ,                              ,                              ,"    ",                              ,                              ,                              ,"    ",                              ,                              ,                              ,"    ",                              ,                              ,                              ,                          5829,                              ,                              ,                              ,                              ,                              ,                              ,                              ,                            1.00,"  ",                            50,                              ,                              ,                              ,                              ,                              ,                              ,                              ,                              ,                              ,                              ,"                                      ","  ",                          1559,"06-Apr-2001" 
"3360500","11","93","  ","  ","  ","  ","  ","  ","  ","  ","02","60","  ","  ","  ","  ","  ","  ","  ",                               ,"1925","    ","    "," ",                                ,"  ",                                ,"  ",                          100.00,"93",                                ,"  ",                          100.00,"93",                                ,"  ",                          100.00,"93",                                ,"  ",                                ,"  ",                                ,"  ",                                ,                                ,                          162.50,                                ,                          130.00,                                ,                          130.00,                                ,                                ,                                ,                              ,                              ,                        947210,                              ,                        757770,                              ,                        757770,                              ,                              ,                              ,"    ",                              ,                              ,                              ,"    ",                              ,                              ,                              ,"    ",                              ,                              ,                              ,"    ",                              ,                              ,                              ,"    ",                              ,                              ,                              ,                          5829,                              ,                              ,                              ,                              ,                              ,                              ,                              ,                            1.00,"  ",                            50,                              ,                              ,                              ,                              ,                              ,                              ,                              ,                              ,                              ,                              ,"                                      ","  ",                          1571,"06-Apr-2001" 
"3360500","12","93","  ","  ","  ","  ","  ","  ","  ","  ","02","60","  ","  ","  ","  ","  ","  ","  ",                               ,"1925","    ","    "," ",                                ,"  ",                                ,"  ",                          100.00,"93",                                ,"  ",                          100.00,"93",                                ,"  ",                          100.00,"93",                                ,"  ",                                ,"  ",                                ,"  ",                                ,                                ,                          162.50,                                ,                          130.00,                                ,                          130.00,                                ,                                ,                                ,                              ,                              ,                        947210,                              ,                        757770,                              ,                        757770,                              ,                              ,                              ,"    ",                              ,                              ,                              ,"    ",                              ,                              ,                              ,"    ",                              ,                              ,                              ,"    ",                              ,                              ,                              ,"    ",                              ,                              ,                              ,                          5829,                              ,                              ,                              ,                              ,                              ,                              ,                              ,                            1.00,"  ",                            50,                              ,                              ,                              ,                              ,                              ,                              ,                              ,                              ,                              ,                              ,"                                      ","  ",                          1583,"06-Apr-2001" 
"3360500","13","93","  ","  ","  ","  ","  ","  ","  ","  ","02","60","  ","  ","  ","  ","  ","  ","  ",                               ,"1925","    ","    "," ",                                ,"  ",                                ,"  ",                          100.00,"93",                                ,"  ",                          100.00,"93",                                ,"  ",                          100.00,"93",                                ,"  ",                                ,"  ",                                ,"  ",                                ,                                ,                          162.50,                                ,                          130.00,                                ,                          130.00,                                ,                                ,                                ,                              ,                              ,                        947210,                              ,                        757770,                              ,                        757770,                              ,                              ,                              ,"    ",                              ,                              ,                              ,"    ",                              ,                              ,                              ,"    ",                              ,                              ,                              ,"    ",                              ,                              ,                              ,"    ",                              ,                              ,                              ,                          5829,                              ,                              ,                              ,                              ,                              ,                              ,                              ,                            1.00,"  ",                            50,                              ,                              ,                              ,                              ,                              ,                              ,                              ,                              ,                              ,                              ,"                                      ","  ",                          1595,"06-Apr-2001" 
"3360500","14","93","  ","  ","  ","  ","  ","  ","  ","  ","02","60","  ","  ","  ","  ","  ","  ","  ",                               ,"1925","    ","    "," ",                                ,"  ",                                ,"  ",                          100.00,"93",                                ,"  ",                                ,"  ",                                ,"  ",                                ,"  ",                                ,"  ",                                ,"  ",                                ,"  ",                                ,                                ,                          162.50,                                ,                                ,                                ,                                ,                                ,                                ,                                ,                              ,                              ,                       1050240,                              ,                              ,                              ,                              ,                              ,                              ,                              ,"    ",                              ,                              ,                              ,"    ",                              ,                              ,                              ,"    ",                              ,                              ,                              ,"    ",                              ,                              ,                              ,"    ",                              ,                              ,                              ,                          6463,                              ,                              ,                              ,                              ,                              ,                              ,                              ,                            1.00,"  ",                            50,                              ,                              ,                              ,                              ,                              ,                              ,                              ,                              ,                              ,                              ,"                                      ","  ",                          1603,"06-Apr-2001" 
"3360500","15","93","  ","  ","  ","  ","  ","  ","  ","  ","02","60","  ","  ","  ","  ","  ","  ","  ",                               ,"1925","    ","    "," ",                                ,"  ",                                ,"  ",                          100.00,"93",                                ,"  ",                                ,"  ",                                ,"  ",                                ,"  ",                                ,"  ",                                ,"  ",                                ,"  ",                                ,                                ,                          162.50,                                ,                                ,                                ,                                ,                                ,                                ,                                ,                              ,                              ,                        706880,                              ,                              ,                              ,                              ,                              ,                              ,                              ,"    ",                              ,                              ,                              ,"    ",                              ,                              ,                              ,"    ",                              ,                              ,                              ,"    ",                              ,                              ,                              ,"    ",                              ,                              ,                              ,                          4350,                              ,                              ,                              ,                              ,                              ,                              ,                              ,                            1.00,"  ",                            50,                              ,                              ,                              ,                              ,                              ,                              ,                              ,                              ,                              ,                              ,"                                      ","  ",                          1611,"06-Apr-2001" 
"3360500","16","93","  ","  ","  ","  ","  ","  ","  ","  ","02","60","  ","  ","  ","  ","  ","  ","  ",                               ,"1925","    ","    "," ",                                ,"  ",                                ,"  ",                          100.00,"93",                                ,"  ",                                ,"  ",                                ,"  ",                                ,"  ",                                ,"  ",                                ,"  ",                                ,"  ",                                ,                                ,                          162.50,                                ,                                ,                                ,                                ,                                ,                                ,                                ,                              ,                              ,                        668850,                              ,                              ,                              ,                              ,                              ,                              ,                              ,"    ",                              ,                              ,                              ,"    ",                              ,                              ,                              ,"    ",                              ,                              ,                              ,"    ",                              ,                              ,                              ,"    ",                              ,                              ,                              ,                          4116,                              ,                              ,                              ,                              ,                              ,                              ,                              ,                            1.00,"  ",                            50,                              ,                              ,                              ,                              ,                              ,                              ,                              ,                              ,                              ,                              ,"                                      ","  ",                          1619,"06-Apr-2001" 
"3360500","17","93","  ","  ","  ","  ","  ","  ","  ","  ","02","60","  ","  ","  ","  ","  ","  ","  ",                               ,"1925","    ","    "," ",                                ,"  ",                                ,"  ",                          100.00,"93",                                ,"  ",                          100.00,"93",                                ,"  ",                                ,"  ",                                ,"  ",                                ,"  ",                                ,"  ",                                ,                                ,                          162.50,                                ,                          130.00,                                ,                                ,                                ,                                ,                                ,                              ,                              ,                        204750,                              ,                        163800,                              ,                              ,                              ,                              ,                              ,"    ",                              ,                              ,                              ,"    ",                              ,                              ,                              ,"    ",                              ,                              ,                              ,"    ",                              ,                              ,                              ,"    ",                              ,                              ,                              ,                          1260,                              ,                              ,                              ,                              ,                              ,                              ,                              ,                            1.00,"  ",                            50,                              ,                              ,                              ,                              ,                              ,                              ,                              ,                              ,                              ,                              ,"                                      ","  ",                          1629,"06-Apr-2001" 
"3360500","18","93","  ","  ","  ","  ","  ","  ","  ","  ","02","60","  ","  ","  ","  ","  ","  ","  ",                               ,"1925","    ","    "," ",                                ,"  ",                                ,"  ",                          100.00,"93",                                ,"  ",                           75.00,"93",                                ,"  ",                                ,"  ",                                ,"  ",                                ,"  ",                                ,"  ",                                ,                                ,                          162.50,                                ,                          130.00,                                ,                                ,                                ,                                ,                                ,                              ,                              ,                        978900,                              ,                        587340,                              ,                              ,                              ,                              ,                              ,"    ",                              ,                              ,                              ,"    ",                              ,                              ,                              ,"    ",                              ,                              ,                              ,"    ",                              ,                              ,                              ,"    ",                              ,                              ,                              ,                          6024,                              ,                              ,                              ,                              ,                              ,                              ,                              ,                            1.00,"  ",                            50,                              ,                              ,                              ,                              ,                              ,                              ,                              ,                              ,                              ,                              ,"                                      ","  ",                          1639,"06-Apr-2001" 
"3360500","19","53","  ","  ","  ","  ","  ","  ","  ","  ","01","40","  ","  ","  ","  ","  ","  ","  ",                               ,"    ","    ","    "," ",                                ,"  ",                                ,"  ",                          100.00,"53",                                ,"  ",                                ,"  ",                                ,"  ",                                ,"  ",                                ,"  ",                                ,"  ",                                ,"  ",                                ,                                ,                          130.46,                                ,                                ,                                ,                                ,                                ,                                ,                                ,                              ,                              ,                         31310,                              ,                              ,                              ,                              ,                              ,                              ,                              ,"    ",                              ,                              ,                              ,"    ",                              ,                              ,                              ,"    ",                              ,                              ,                              ,"    ",                              ,                              ,                              ,"    ",                              ,                              ,                              ,                           240,                              ,                              ,                              ,                              ,                              ,                              ,                              ,                            1.00,"  ",                            50,                              ,                              ,                              ,                              ,                              ,                              ,                              ,                              ,                              ,                              ,"                                      ","  ",                          1661,"06-Apr-2001" 
"3360500","20","11","  ","  ","  ","  ","  ","  ","  ","  ","02","60","  ","  ","  ","  ","  ","  ","  ",                               ,"1925","    ","    "," ",                                ,"  ",                                ,"  ",                          100.00,"11",                                ,"  ",                          100.00,"11",                                ,"  ",                                ,"  ",                                ,"  ",                                ,"  ",                                ,"  ",                                ,                                ,                           95.00,                                ,                           76.00,                                ,                                ,                                ,                                ,                                ,                              ,                              ,                        134520,                              ,                        107620,                              ,                              ,                              ,                              ,                              ,"    ",                              ,                              ,                              ,"    ",                              ,                              ,                              ,"    ",                              ,                              ,                              ,"    ",                              ,                              ,                              ,"    ",                              ,                              ,                              ,                          1416,                              ,                              ,                              ,                              ,                              ,                              ,                              ,                            1.00,"  ",                            50,                              ,                              ,                              ,                              ,                              ,                              ,                              ,                              ,                              ,                              ,"                                      ","  ",                          1673,"06-Apr-2001" 
"3360500","21","93","  ","  ","  ","  ","  ","  ","  ","  ","02","60","  ","  ","  ","  ","  ","  ","  ",                               ,"1925","    ","    "," ",                                ,"  ",                                ,"  ",                          100.00,"93",                                ,"  ",                           65.00,"93",                                ,"  ",                                ,"  ",                                ,"  ",                                ,"  ",                                ,"  ",                                ,                                ,                          162.50,                                ,                          130.00,                                ,                                ,                                ,                                ,                                ,                              ,                              ,                       2241360,                              ,                       1165450,                              ,                              ,                              ,                              ,                              ,"    ",                              ,                              ,                              ,"    ",                              ,                              ,                              ,"    ",                              ,                              ,                              ,"    ",                              ,                              ,                              ,"    ",                              ,                              ,                              ,                         13793,                              ,                              ,                              ,                              ,                              ,                              ,                              ,                            1.00,"  ",                            25,                              ,                              ,                              ,                              ,                              ,                              ,                              ,                              ,                              ,                              ,"                                      ","  ",                          4243,"01-Jul-2013" 
"3360500","22","93","  ","  ","  ","  ","  ","  ","  ","  ","02","40","  ","  ","  ","  ","  ","  ","  ",                               ,"1995","    ","    "," ",                                ,"  ",                                ,"  ",                           75.00,"45",                           25.00,"53",                                ,"  ",                                ,"  ",                                ,"  ",                                ,"  ",                                ,"  ",                                ,"  ",                                ,                                ,                           54.88,                          144.94,                                ,                                ,                                ,                                ,                                ,                                ,                              ,                              ,                       1626590,                       1432010,                              ,                              ,                              ,                              ,                              ,                              ,"    ",                              ,                              ,                              ,"    ",                              ,                              ,                              ,"    ",                              ,                              ,                              ,"    ",                              ,                              ,                              ,"    ",                              ,                              ,                              ,                         39518,                              ,                              ,                              ,                              ,                              ,                              ,                              ,                            1.00,"  ",                            25,                              ,                              ,                              ,                              ,                              ,                              ,                              ,                              ,                              ,                              ,"                                      ","  ",                          1692,"06-Apr-2001" 
"3360500","23","11","  ","  ","  ","  ","  ","  ","  ","  ","01","30","  ","  ","  ","  ","  ","  ","  ",                               ,"1950","    ","    "," ",                          100.00,"11",                                ,"  ",                          100.00,"11",                                ,"  ",                                ,"  ",                                ,"  ",                                ,"  ",                                ,"  ",                                ,"  ",                                ,"  ",                           64.13,                                ,                           85.50,                                ,                                ,                                ,                                ,                                ,                                ,                                ,                         94530,                              ,                        126030,                              ,                              ,                              ,                              ,                              ,                              ,                              ,"    ",                              ,                              ,                              ,"    ",                              ,                              ,                              ,"    ",                              ,                              ,                              ,"    ",                              ,                              ,                              ,"    ",                              ,                              ,                              ,                          1474,                              ,                              ,                              ,                              ,                              ,                              ,                              ,                            1.00,"  ",                            50,                              ,                              ,                              ,                              ,                              ,                              ,                              ,                              ,                              ,                              ,"                                      ","  ",                          4244,"01-Jul-2013" 
"3360500","24","11","  ","  ","  ","  ","  ","  ","  ","  ","01","30","  ","  ","  ","  ","  ","  ","  ",                               ,"    ","    ","    "," ",                                ,"  ",                                ,"  ",                          100.00,"11",                                ,"  ",                          100.00,"11",                                ,"  ",                                ,"  ",                                ,"  ",                                ,"  ",                                ,"  ",                                ,                                ,                           85.50,                                ,                           68.40,                                ,                                ,                                ,                                ,                                ,                              ,                              ,                        205880,                              ,                        164710,                              ,                              ,                              ,                              ,                              ,"    ",                              ,                              ,                              ,"    ",                              ,                              ,                              ,"    ",                              ,                              ,                              ,"    ",                              ,                              ,                              ,"    ",                              ,                              ,                              ,                          2408,                              ,                              ,                              ,                              ,                              ,                              ,                              ,                            1.00,"  ",                            50,                              ,                              ,                              ,                              ,                              ,                              ,                              ,                              ,                              ,                              ,"                                      ","  ",                          1710,"06-Apr-2001" 
"3360500","27","  ","  ","  ","  ","  ","  ","  ","  ","  ","  ","  ","  ","  ","  ","  ","  ","  ","  ",                               ,"    ","    ","    "," ",                                ,"  ",                                ,"  ",                                ,"  ",                                ,"  ",                                ,"  ",                                ,"  ",                                ,"  ",                                ,"  ",                                ,"  ",                                ,"  ",                                ,                                ,                                ,                                ,                                ,                                ,                                ,                                ,                                ,                                ,                              ,                              ,                              ,                              ,                              ,                              ,                              ,                              ,                              ,                              ,"    ",                              ,                              ,                              ,"    ",                              ,                              ,                              ,"    ",                              ,                              ,                              ,"    ",                              ,                              ,                              ,"    ",                              ,                              ,                              ,                              ,                              ,                              ,                              ,                              ,                              ,                              ,                              ,                            1.00,"  ",                              ,                              ,                              ,                              ,                              ,                              ,                              ,                              ,                              ,                              ,                              ,"                                      ","  ",                              ,"03-Apr-2001" 
"3360500","29","93","  ","  ","  ","  ","  ","  ","  ","  ","02","60","  ","  ","  ","  ","  ","  ","  ",                               ,"1925","    ","    "," ",                                ,"  ",                                ,"  ",                          100.00,"93",                                ,"  ",                           89.00,"93",                                ,"  ",                                ,"  ",                                ,"  ",                                ,"  ",                                ,"  ",                                ,                                ,                          162.50,                                ,                          130.00,                                ,                                ,                                ,                                ,                                ,                              ,                              ,                        507980,                              ,                        361660,                              ,                              ,                              ,                              ,                              ,"    ",                              ,                              ,                              ,"    ",                              ,                              ,                              ,"    ",                              ,                              ,                              ,"    ",                              ,                              ,                              ,"    ",                              ,                              ,                              ,                          3126,                              ,                              ,                              ,                              ,                              ,                              ,                              ,                            1.00,"  ",                            50,                              ,                              ,                              ,                              ,                              ,                              ,                              ,                              ,                              ,                              ,"                                      ","  ",                          1720,"06-Apr-2001" 
"3360500","30","93","  ","  ","  ","  ","  ","  ","  ","  ","01","53","  ","  ","  ","  ","  ","  ","  ",                               ,"1989","    ","    "," ",                                ,"  ",                                ,"  ",                          100.00,"93",                                ,"  ",                          100.00,"11",                                ,"  ",                                ,"  ",                                ,"  ",                                ,"  ",                                ,"  ",                                ,                                ,                          146.25,                                ,                           68.40,                                ,                                ,                                ,                                ,                                ,                              ,                              ,                        763570,                              ,                        357120,                              ,                              ,                              ,                              ,                              ,"    ",                              ,                              ,                              ,"    ",                              ,                              ,                              ,"    ",                              ,                              ,                              ,"    ",                              ,                              ,                              ,"    ",                              ,                              ,                              ,                          5221,                              ,                              ,                              ,                              ,                              ,                              ,                              ,                            1.00,"  ",                            25,                              ,                              ,                              ,                              ,                              ,                              ,                              ,                              ,                              ,                              ,"                                      ","  ",                          1730,"06-Apr-2001" 
"3360500","31","93","  ","  ","  ","  ","  ","  ","  ","  ","02","60","  ","  ","  ","  ","  ","  ","  ",                               ,"1925","    ","    "," ",                                ,"  ",                                ,"  ",                          100.00,"93",                                ,"  ",                           75.00,"93",                                ,"  ",                                ,"  ",                                ,"  ",                                ,"  ",                                ,"  ",                                ,                                ,                          162.50,                                ,                          130.00,                                ,                                ,                                ,                                ,                                ,                              ,                              ,                       2397040,                              ,                       1438190,                              ,                              ,                              ,                              ,                              ,"    ",                              ,                              ,                              ,"    ",                              ,                              ,                              ,"    ",                              ,                              ,                              ,"    ",                              ,                              ,                              ,"    ",                              ,                              ,                              ,                         14751,                              ,                              ,                              ,                              ,                              ,                              ,                              ,                            1.00,"  ",                            50,                              ,                              ,                              ,                              ,                              ,                              ,                              ,                              ,                              ,                              ,"                                      ","  ",                          1740,"06-Apr-2001" 
"3360500","32","44","  ","  ","  ","  ","  ","  ","  ","  ","01","40","  ","  ","  ","  ","  ","  ","  ",                               ,"    ","    ","    "," ",                                ,"  ",                                ,"  ",                          100.00,"44",                                ,"  ",                                ,"  ",                                ,"  ",                                ,"  ",                                ,"  ",                                ,"  ",                                ,"  ",                                ,                                ,                           52.93,                                ,                                ,                                ,                                ,                                ,                                ,                                ,                              ,                              ,                        365220,                              ,                              ,                              ,                              ,                              ,                              ,                              ,"    ",                              ,                              ,                              ,"    ",                              ,                              ,                              ,"    ",                              ,                              ,                              ,"    ",                              ,                              ,                              ,"    ",                              ,                              ,                              ,                          6900,                              ,                              ,                              ,                              ,                              ,                              ,                              ,                            1.00,"  ",                            25,                              ,                              ,                              ,                              ,                              ,                              ,                              ,                              ,                              ,                              ,"                                      ","  ",                          1748,"06-Apr-2001" 
"3360500","33","45","  ","  ","  ","  ","  ","  ","  ","  ","01","33","  ","  ","  ","  ","  ","  ","  ",                               ,"1985","    ","    "," ",                                ,"  ",                                ,"  ",                          100.00,"45",                                ,"  ",                                ,"  ",                                ,"  ",                                ,"  ",                                ,"  ",                                ,"  ",                                ,"  ",                                ,                                ,                           49.39,                                ,                                ,                                ,                                ,                                ,                                ,                                ,                              ,                              ,                        189660,                              ,                              ,                              ,                              ,                              ,                              ,                              ,"    ",                              ,                              ,                              ,"    ",                              ,                              ,                              ,"    ",                              ,                              ,                              ,"    ",                              ,                              ,                              ,"    ",                              ,                              ,                              ,                          3840,                              ,                              ,                              ,                              ,                              ,                              ,                              ,                            1.00,"  ",                            25,                              ,                              ,                              ,                              ,                              ,                              ,                              ,                              ,                              ,                              ,"                                      ","  ",                          1756,"06-Apr-2001" 
"3360500","34","11","  ","  ","  ","  ","  ","  ","  ","  ","01","30","  ","  ","  ","  ","  ","  ","  ",                               ,"    ","    ","    "," ",                                ,"  ",                                ,"  ",                          100.00,"11",                                ,"  ",                                ,"  ",                                ,"  ",                                ,"  ",                                ,"  ",                                ,"  ",                                ,"  ",                                ,                                ,                           85.50,                                ,                                ,                                ,                                ,                                ,                                ,                                ,                              ,                              ,                         68060,                              ,                              ,                              ,                              ,                              ,                              ,                              ,"    ",                              ,                              ,                              ,"    ",                              ,                              ,                              ,"    ",                              ,                              ,                              ,"    ",                              ,                              ,                              ,"    ",                              ,                              ,                              ,                           796,                              ,                              ,                              ,                              ,                              ,                              ,                              ,                            1.00,"  ",                            50,                              ,                              ,                              ,                              ,                              ,                              ,                              ,                              ,                              ,                              ,"                                      ","  ",                          1763,"06-Apr-2001" 
"3360500","35","11","  ","  ","  ","  ","  ","  ","  ","  ","01","33","  ","  ","  ","  ","  ","  ","  ",                               ,"    ","    ","    "," ",                          100.00,"91",                                ,"  ",                          100.00,"11",                                ,"  ",                          100.00,"11",                                ,"  ",                                ,"  ",                                ,"  ",                                ,"  ",                                ,"  ",                           29.91,                                ,                           85.50,                                ,                           68.40,                                ,                                ,                                ,                                ,                                ,                         34460,                              ,                         98500,                              ,                         78800,                              ,                              ,                              ,                              ,                              ,"    ",                              ,                              ,                              ,"    ",                              ,                              ,                              ,"    ",                              ,                              ,                              ,"    ",                              ,                              ,                              ,"    ",                              ,                              ,                              ,                          1152,                              ,                              ,                              ,                              ,                              ,                              ,                              ,                            1.00,"  ",                            50,                              ,                              ,                              ,                              ,                              ,                              ,                              ,                              ,                              ,                              ,"                                      ","  ",                          1799,"06-Apr-2001" 
"3360500","36","93","  ","  ","  ","  ","  ","  ","  ","  ","02","60","  ","  ","  ","  ","  ","  ","  ",                               ,"1925","    ","    "," ",                          100.00,"91",                                ,"  ",                          100.00,"93",                                ,"  ",                                ,"  ",                                ,"  ",                                ,"  ",                                ,"  ",                                ,"  ",                                ,"  ",                           33.23,                                ,                          162.50,                                ,                                ,                                ,                                ,                                ,                                ,                                ,                         35090,                              ,                        171600,                              ,                              ,                              ,                              ,                              ,                              ,                              ,"    ",                              ,                              ,                              ,"    ",                              ,                              ,                              ,"    ",                              ,                              ,                              ,"    ",                              ,                              ,                              ,"    ",                              ,                              ,                              ,                          1056,                              ,                              ,                              ,                              ,                              ,                              ,                              ,                            1.00,"  ",                            50,                              ,                              ,                              ,                              ,                              ,                              ,                              ,                              ,                              ,                              ,"                                      ","  ",                          1810,"06-Apr-2001" 
"3360500","37","11","01","01","01","01","02","  ","  ","  ","01","33","  ","01","  ","01","05","05","  ",                               ,"2012","    ","    "," ",                                ,"  ",                                ,"  ",                          100.00,"11",                                ,"  ",                          100.00,"11",                                ,"  ",                                ,"  ",                                ,"  ",                                ,"  ",                                ,"  ",                                ,                                ,                           85.50,                                ,                           68.40,                                ,                                ,                                ,                                ,                                ,                              ,                              ,                        316350,                              ,                        253080,                              ,                              ,                              ,                              ,                              ,"    ",                              ,                              ,                              ,"    ",                              ,                              ,                              ,"    ",                              ,                              ,                              ,"    ",                              ,                              ,                              ,"    ",                              ,                              ,                              ,                          3700,                              ,                              ,                              ,                              ,                              ,                              ,                              ,                            1.00,"  ",                            10,                              ,                              ,                              ,                              ,                              ,                              ,                              ,                              ,                              ,                              ,"                                      ","  ",                          3557,"13-Sep-2012" 
"3360500","43","53","03","02","01","01","02","02","01","01","02","53","  ","01","03","01","06","06","  ",                               ,"2002","    ","    "," ",                          100.00,"53",                                ,"  ",                          100.00,"52",                                ,"  ",                           85.00,"53",                                ,"  ",                                ,"  ",                                ,"  ",                                ,"  ",                                ,"  ",                          108.71,                                ,                          168.63,                                ,                          115.95,                                ,                                ,                                ,                                ,                                ,                        945120,                              ,                       1466070,                              ,                        856870,                              ,                              ,                              ,                              ,                              ,"1SA ",                            96,                              ,                              ,"    ",                              ,                              ,                              ,"    ",                              ,                              ,                              ,"    ",                              ,                              ,                              ,"    ",                              ,                              ,                              ,                          8694,                              ,                              ,                              ,                              ,                              ,                              ,                              ,                            1.00,"  ",                             5,                              ,                              ,                              ,                              ,                              ,                              ,                              ,                              ,                              ,                              ,"                                      ","  ",                          2366,"21-Nov-2002" 
"3360500","48","93","04","05","05","01","02","02","02","02","03","60","  ","  ","  ","01","06","06","  ",                               ,"2007","    ","    "," ",                           28.00,"93",                                ,"  ",                          100.00,"93",                                ,"  ",                                ,"  ",                                ,"  ",                                ,"  ",                                ,"  ",                                ,"  ",                                ,"  ",                          134.07,                                ,                          178.75,                                ,                                ,                                ,                                ,                                ,                                ,                                ,                       3299730,                              ,                      15712300,                              ,                              ,                              ,                              ,                              ,                              ,                              ,"    ",                              ,                              ,                              ,"    ",                              ,                              ,                              ,"    ",                              ,                              ,                              ,"    ",                              ,                              ,                              ,"    ",                              ,                              ,                              ,                         87901,                              ,                              ,                              ,                              ,                              ,                              ,                              ,                            1.00,"  ",                             5,                              ,                              ,                              ,                              ,                              ,                              ,                              ,                              ,                              ,                              ,"                                      ","  ",                          2201,"18-Jan-2008" 
"3410030","01","93","02","05","05","01","05","02","01","02","02","40","  ","99","  ","01","05","05","  ",                               ,"1963","    ","1994"," ",                                ,"  ",                                ,"  ",                          100.00,"93",                                ,"  ",                                ,"  ",                                ,"  ",                                ,"  ",                                ,"  ",                                ,"  ",                                ,"  ",                                ,                                ,                          162.50,                                ,                                ,                                ,                                ,                                ,                                ,                                ,                              ,                              ,                      12253480,                              ,                              ,                              ,                              ,                              ,                              ,                              ,"    ",                              ,                              ,                              ,"    ",                              ,                              ,                              ,"    ",                              ,                              ,                              ,"    ",                              ,                              ,                              ,"    ",                              ,                              ,                              ,                         75406,                              ,                              ,                              ,                              ,                              ,                              ,                              ,                            1.00,"  ",                            15,                              ,                              ,                              ,                              ,                              ,                              ,                              ,                              ,                              ,                              ,"                                      ","  ",                           942,"02-Mar-2001" 
"3820018","01","45","05","05","05","05","05","02","02","02","01","30","99","99","  ","99","05","05","05",                               ,"1956","    ","    "," ",                                ,"  ",                                ,"  ",                           78.00,"45",                           22.00,"82",                                ,"  ",                                ,"  ",                                ,"  ",                                ,"  ",                                ,"  ",                                ,"  ",                                ,                                ,                           49.39,                          118.52,                                ,                                ,                                ,                                ,                                ,                                ,                              ,                              ,                        147480,                         99790,                              ,                              ,                              ,                              ,                              ,                              ,"SS1 ",                          3828,                              ,                              ,"    ",                              ,                              ,                              ,"    ",                              ,                              ,                              ,"    ",                              ,                              ,                              ,"    ",                              ,                              ,                              ,                          3828,                              ,                              ,                              ,                              ,                              ,                              ,                              ,                            1.00,"  ",                            15,                              ,                              ,                              ,                              ,                              ,                              ,                              ,                              ,                              ,                              ,"                                      ","  ",                          2861,"01-Oct-2008" 
"3820019","01","47","05","05","05","05","05","01","01","01","02","30","  ","  ","  ","02","05","05","05",                               ,"1950","    ","    "," ",                                ,"  ",                                ,"  ",                          100.00,"47",                                ,"  ",                                ,"  ",                                ,"  ",                                ,"  ",                                ,"  ",                                ,"  ",                                ,"  ",                                ,                                ,                           78.88,                                ,                                ,                                ,                                ,                                ,                                ,                                ,                              ,                              ,                       1344270,                              ,                              ,                              ,                              ,                              ,                              ,                              ,"    ",                              ,                              ,                              ,"    ",                              ,                              ,                              ,"    ",                              ,                              ,                              ,"    ",                              ,                              ,                              ,"    ",                              ,                              ,                              ,                         17042,                              ,                        806560,                        564590,                              ,                              ,                              ,                              ,                            1.00,"  ",                            40,                              ,                              ,                              ,                              ,                              ,                              ,                              ,                              ,                              ,                              ,"                                      ","  ",                          5683,"21-Mar-2019" 
"3820030","01","82","01","01","01","01","04","05","02","02","01","30","  ","99","  ","01","04","04","  ",                               ,"    ","    ","    "," ",                                ,"  ",                                ,"  ",                          100.00,"44",                                ,"  ",                                ,"  ",                                ,"  ",                                ,"  ",                                ,"  ",                                ,"  ",                                ,"  ",                                ,                                ,                           52.93,                                ,                                ,                                ,                                ,                                ,                                ,                                ,                              ,                              ,                         67960,                              ,                              ,                              ,                              ,                              ,                              ,                              ,"    ",                              ,                              ,                              ,"    ",                              ,                              ,                              ,"    ",                              ,                              ,                              ,"    ",                              ,                              ,                              ,"    ",                              ,                              ,                              ,                          1284,                              ,                         47570,                         33300,                              ,                              ,                              ,                              ,                            1.00,"  ",                            30,                              ,                              ,                              ,                              ,                              ,                              ,                              ,                              ,                              ,                              ,"                                      ","  ",                          6176,"18-Oct-2021" 
"3820035","01","11","01","01","01","05","02","02","07","02","01","30","  ","  ","  ","01","05","05","05",                               ,"1999","    ","    "," ",                                ,"  ",                                ,"  ",                          100.00,"11",                                ,"  ",                          100.00,"11",                                ,"  ",                                ,"  ",                                ,"  ",                                ,"  ",                                ,"  ",                                ,                                ,                           85.50,                                ,                           68.40,                                ,                                ,                                ,                                ,                                ,                              ,                              ,                        184680,                              ,                        147740,                              ,                              ,                              ,                              ,                              ,"AC1 ",                          4320,                              ,                              ,"    ",                              ,                              ,                              ,"    ",                              ,                              ,                              ,"    ",                              ,                              ,                              ,"    ",                              ,                              ,                              ,                          2160,                              ,                              ,                              ,                              ,                              ,                              ,                              ,                            1.00,"  ",                            45,                              ,                              ,                              ,                              ,                              ,                              ,                              ,                              ,                              ,                              ,"                                      ","  ",                          4423,"12-Dec-2013" 
"3820035","02","11","01","01","01","05","02","02","07","02","01","30","  ","  ","  ","01","05","05","05",                               ,"1999","    ","    "," ",                                ,"  ",                                ,"  ",                          100.00,"11",                                ,"  ",                          100.00,"11",                                ,"  ",                                ,"  ",                                ,"  ",                                ,"  ",                                ,"  ",                                ,                                ,                           85.50,                                ,                           68.40,                                ,                                ,                                ,                                ,                                ,                              ,                              ,                        343710,                              ,                        274970,                              ,                              ,                              ,                              ,                              ,"AC1 ",                          8040,                              ,                              ,"    ",                              ,                              ,                              ,"    ",                              ,                              ,                              ,"    ",                              ,                              ,                              ,"    ",                              ,                              ,                              ,                          4020,                              ,                              ,                              ,                              ,                              ,                              ,                              ,                            1.00,"  ",                            45,                              ,                              ,                              ,                              ,                              ,                              ,                              ,                              ,                              ,                              ,"                                      ","  ",                          4424,"12-Dec-2013" 
"3820035","03","11","01","01","01","05","02","02","07","02","01","30","  ","  ","  ","01","05","05","05",                               ,"1999","    ","    "," ",                                ,"  ",                                ,"  ",                          100.00,"11",                                ,"  ",                          100.00,"11",                                ,"  ",                                ,"  ",                                ,"  ",                                ,"  ",                                ,"  ",                                ,                                ,                           85.50,                                ,                           68.40,                                ,                                ,                                ,                                ,                                ,                              ,                              ,                        334480,                              ,                        267580,                              ,                              ,                              ,                              ,                              ,"AC1 ",                          7824,                              ,                              ,"    ",                              ,                              ,                              ,"    ",                              ,                              ,                              ,"    ",                              ,                              ,                              ,"    ",                              ,                              ,                              ,                          3912,                              ,                              ,                              ,                              ,                              ,                              ,                              ,                            1.00,"  ",                            45,                              ,                              ,                              ,                              ,                              ,                              ,                              ,                              ,                              ,                              ,"                                      ","  ",                          4425,"12-Dec-2013" 
"3820035","04","11","01","01","01","05","02","02","07","02","01","30","  ","  ","  ","01","05","05","05",                               ,"1999","    ","    "," ",                                ,"  ",                                ,"  ",                          100.00,"11",                                ,"  ",                          100.00,"11",                                ,"  ",                                ,"  ",                                ,"  ",                                ,"  ",                                ,"  ",                                ,                                ,                           85.50,                                ,                           68.40,                                ,                                ,                                ,                                ,                                ,                              ,                              ,                        201100,                              ,                        160880,                              ,                              ,                              ,                              ,                              ,"AC1 ",                          4704,                              ,                              ,"    ",                              ,                              ,                              ,"    ",                              ,                              ,                              ,"    ",                              ,                              ,                              ,"    ",                              ,                              ,                              ,                          2352,                              ,                              ,                              ,                              ,                              ,                              ,                              ,                            1.00,"  ",                            45,                              ,                              ,                              ,                              ,                              ,                              ,                              ,                              ,                              ,                              ,"                                      ","  ",                          4426,"12-Dec-2013" 
"3820035","05","11","01","01","01","05","02","02","07","02","01","30","  ","  ","  ","01","05","05","05",                               ,"1999","    ","    "," ",                                ,"  ",                                ,"  ",                          100.00,"11",                                ,"  ",                          100.00,"11",                                ,"  ",                                ,"  ",                                ,"  ",                                ,"  ",                                ,"  ",                                ,                                ,                           85.50,                                ,                           68.40,                                ,                                ,                                ,                                ,                                ,                              ,                              ,                        195970,                              ,                        156770,                              ,                              ,                              ,                              ,                              ,"AC1 ",                          4584,                              ,                              ,"    ",                              ,                              ,                              ,"    ",                              ,                              ,                              ,"    ",                              ,                              ,                              ,"    ",                              ,                              ,                              ,                          2292,                              ,                              ,                              ,                              ,                              ,                              ,                              ,                            1.00,"  ",                            45,                              ,                              ,                              ,                              ,                              ,                              ,                              ,                              ,                              ,                              ,"                                      ","  ",                          4427,"12-Dec-2013" 
"3820035","06","11","01","01","01","05","02","02","07","02","01","30","  ","  ","  ","01","05","05","05",                               ,"1999","    ","    "," ",                                ,"  ",                                ,"  ",                          100.00,"11",                                ,"  ",                          100.00,"11",                                ,"  ",                                ,"  ",                                ,"  ",                                ,"  ",                                ,"  ",                                ,                                ,                           85.50,                                ,                           68.40,                                ,                                ,                                ,                                ,                                ,                              ,                              ,                        297540,                              ,                        238030,                              ,                              ,                              ,                              ,                              ,"AC1 ",                          6960,                              ,                              ,"    ",                              ,                              ,                              ,"    ",                              ,                              ,                              ,"    ",                              ,                              ,                              ,"    ",                              ,                              ,                              ,                          3480,                              ,                              ,                              ,                              ,                              ,                              ,                              ,                            1.00,"  ",                            45,                              ,                              ,                              ,                              ,                              ,                              ,                              ,                              ,                              ,                              ,"                                      ","  ",                          4428,"12-Dec-2013" 
"3820035","07","11","01","01","01","05","02","02","07","02","01","30","  ","  ","  ","01","05","05","05",                               ,"1999","    ","    "," ",                                ,"  ",                                ,"  ",                          100.00,"11",                                ,"  ",                          100.00,"11",                                ,"  ",                                ,"  ",                                ,"  ",                                ,"  ",                                ,"  ",                                ,                                ,                           85.50,                                ,                           68.40,                                ,                                ,                                ,                                ,                                ,                              ,                              ,                        369360,                              ,                        295490,                              ,                              ,                              ,                              ,                              ,"AC1 ",                          8640,                              ,                              ,"    ",                              ,                              ,                              ,"    ",                              ,                              ,                              ,"    ",                              ,                              ,                              ,"    ",                              ,                              ,                              ,                          4320,                              ,                              ,                              ,                              ,                              ,                              ,                              ,                            1.00,"  ",                            45,                              ,                              ,                              ,                              ,                              ,                              ,                              ,                              ,                              ,                              ,"                                      ","  ",                          4429,"12-Dec-2013" 
"3820035","08","11","01","01","01","05","02","02","07","02","01","30","  ","  ","  ","01","05","05","05",                               ,"1999","    ","    "," ",                                ,"  ",                                ,"  ",                          100.00,"11",                                ,"  ",                          100.00,"11",                                ,"  ",                                ,"  ",                                ,"  ",                                ,"  ",                                ,"  ",                                ,                                ,                           85.50,                                ,                           68.40,                                ,                                ,                                ,                                ,                                ,                              ,                              ,                         92850,                              ,                         74280,                              ,                              ,                              ,                              ,                              ,"AC1 ",                          2172,                              ,                              ,"    ",                              ,                              ,                              ,"    ",                              ,                              ,                              ,"    ",                              ,                              ,                              ,"    ",                              ,                              ,                              ,                          1086,                              ,                              ,                              ,                              ,                              ,                              ,                              ,                            1.00,"  ",                            45,                              ,                              ,                              ,                              ,                              ,                              ,                              ,                              ,                              ,                              ,"                                      ","  ",                          4430,"12-Dec-2013" 
"3820041","01","45","10","05","05","05","98","01","01","01","02","30","  ","99","  ","  ","05","05","05",                               ,"1973","    ","    "," ",                                ,"  ",                                ,"  ",                           62.50,"45",                           37.50,"82",                                ,"  ",                                ,"  ",                                ,"  ",                                ,"  ",                                ,"  ",                                ,"  ",                                ,                                ,                           54.88,                          131.69,                                ,                                ,                                ,                                ,                                ,                                ,                              ,                              ,                        219520,                        316060,                              ,                              ,                              ,                              ,                              ,                              ,"    ",                              ,                              ,                              ,"    ",                              ,                              ,                              ,"    ",                              ,                              ,                              ,"    ",                              ,                              ,                              ,"    ",                              ,                              ,                              ,                          6400,                              ,                              ,                              ,                              ,                              ,                              ,                              ,                            1.00,"  ",                            40,                              ,                              ,                              ,                              ,                              ,                              ,                              ,                              ,                              ,                              ,"                                      ","  ",                          2826,"30-Sep-2008" 
"3820065","01","45","01","01","01","05","02","02","01","01","01","30","99","99","  ","  ","05","05","05",                               ,"1986","    ","    "," ",                                ,"  ",                                ,"  ",                          100.00,"45",                                ,"  ",                          100.00,"82",                                ,"  ",                                ,"  ",                                ,"  ",                                ,"  ",                                ,"  ",                                ,                                ,                           49.39,                                ,                           94.82,                                ,                                ,                                ,                                ,                                ,                              ,                              ,                        158050,                              ,                        303420,                              ,                              ,                              ,                              ,                              ,"AC1 ",                          3200,                              ,                              ,"    ",                              ,                              ,                              ,"    ",                              ,                              ,                              ,"    ",                              ,                              ,                              ,"    ",                              ,                              ,                              ,                          3200,                              ,                              ,                              ,                              ,                              ,                              ,                              ,                            1.00,"  ",                            30,                              ,                              ,                              ,                              ,                              ,                              ,                              ,                              ,                              ,                              ,"                                      ","  ",                          2827,"30-Sep-2008" 
"3880151","01","93","  ","  ","  ","  ","  ","  ","  ","  ","03","50","  ","  ","  ","  ","  ","  ","  ",                               ,"1991","    ","    "," ",                                ,"  ",                                ,"  ",                          100.00,"93",                                ,"  ",                           55.00,"93",                                ,"  ",                                ,"  ",                                ,"  ",                                ,"  ",                                ,"  ",                                ,                                ,                          178.75,                                ,                          143.00,                                ,                                ,                                ,                                ,                                ,                              ,                              ,                       9858060,                              ,                       4337620,                              ,                              ,                              ,                              ,                              ,"    ",                              ,                              ,                              ,"    ",                              ,                              ,                              ,"    ",                              ,                              ,                              ,"    ",                              ,                              ,                              ,"    ",                              ,                              ,                              ,                         55150,                              ,                              ,                              ,                              ,                              ,                              ,                              ,                            1.00,"  ",                             5,                              ,                              ,                              ,                              ,                              ,                              ,                              ,                              ,                              ,                              ,"                                      ","  ",                          1506,"04-Apr-2001" 
"3880220","01","54","  ","01","01","01","02","02","05","01","01","37","  ","02","01","01","05","05","05",                               ,"1962","    ","    "," ",                           10.00,"91",                                ,"  ",                          100.00,"54",                                ,"  ",                                ,"  ",                                ,"  ",                                ,"  ",                                ,"  ",                                ,"  ",                                ,"  ",                           29.91,                                ,                          121.33,                                ,                                ,                                ,                                ,                                ,                                ,                                ,                         55720,                              ,                       2260860,                              ,                              ,                              ,                              ,                              ,                              ,                              ,"SS1 ",                         18634,                              ,                         39130,"    ",                              ,                              ,                              ,"    ",                              ,                              ,                              ,"    ",                              ,                              ,                              ,"    ",                              ,                              ,                              ,                         18634,                              ,                       1653709,                       1157596,                              ,                              ,                              ,                              ,                            1.00,"  ",                            40,                              ,                              ,                              ,                              ,                              ,                              ,                              ,                              ,                              ,                              ,"                                      ","  ",                          5589,"18-Oct-2018" 
"3890106","01","47","13","01","01","03","98","01","02","  ","01","33","02","04","  ","01","03","03","  ",                               ,"    ","    ","    "," ",                                ,"  ",                                ,"  ",                          100.00,"47",                                ,"  ",                          100.00,"86",                                ,"  ",                                ,"  ",                                ,"  ",                                ,"  ",                                ,"  ",                                ,                                ,                           70.99,                                ,                           31.91,                                ,                                ,                                ,                                ,                                ,                              ,                              ,                        177480,                              ,                         79780,                              ,                              ,                              ,                              ,                              ,"    ",                              ,                              ,                              ,"    ",                              ,                              ,                              ,"    ",                              ,                              ,                              ,"    ",                              ,                              ,                              ,"    ",                              ,                              ,                              ,                          2500,                              ,                              ,                              ,                              ,                              ,                              ,                              ,                            1.00,"  ",                            50,                              ,                              ,                              ,                              ,                              ,                              ,                              ,                              ,                              ,                              ,"                                      ","  ",                          2872,"10-Oct-2008" 
"3900020","01","53","01","05","02","01","02","02","02","02","02","33","98","99","  ","01","05","05","05",                               ,"1973","    ","1981"," ",                                ,"  ",                                ,"  ",                           79.00,"53",                                ,"  ",                           96.00,"53",                                ,"  ",                          100.00,"53",                                ,"  ",                           49.00,"53",                                ,"  ",                                ,                                ,                          144.94,                                ,                          115.95,                                ,                          115.95,                                ,                          115.95,                                ,                              ,                              ,                       3614080,                              ,                       3513290,                              ,                       3659730,                              ,                       1793280,                              ,"EL1 ",                              ,                             2,                        100000,"    ",                              ,                              ,                              ,"    ",                              ,                              ,                              ,"    ",                              ,                              ,                              ,"    ",                              ,                              ,                              ,                         31563,                              ,                       4108440,                       2875910,                              ,                              ,                              ,                              ,                            1.00,"  ",                            70,                              ,                              ,                              ,                              ,                              ,                              ,                              ,                              ,                              ,                              ,"                                      ","  ",                          6334,"26-Oct-2022" 
"3900025","01","44","02","05","05","05","02","02","02","02","02","33","99","99","  ","01","05","05","05",                               ,"1977","    ","    "," ",                                ,"  ",                                ,"  ",                           12.00,"82",                           88.00,"44",                                ,"  ",                                ,"  ",                                ,"  ",                                ,"  ",                                ,"  ",                                ,"  ",                                ,                                ,                          131.69,                           58.81,                                ,                                ,                                ,                                ,                                ,                                ,                              ,                              ,                        550070,                       1801640,                              ,                              ,                              ,                              ,                              ,                              ,"    ",                              ,                              ,                              ,"    ",                              ,                              ,                              ,"    ",                              ,                              ,                              ,"    ",                              ,                              ,                              ,"    ",                              ,                              ,                              ,                         34812,                              ,                              ,                              ,                              ,                              ,                              ,                              ,                            1.00,"  ",                            40,                              ,                              ,                              ,                              ,                              ,                              ,                              ,                              ,                              ,                              ,"                                      ","  ",                          4434,"12-Dec-2013" 
"3900038","01","53","02","05","05","05","02","02","02","02","02","37","99","99","  ","01","05","05","05",                               ,"1979","    ","    "," ",                                ,"  ",                                ,"  ",                          100.00,"53",                                ,"  ",                                ,"  ",                                ,"  ",                                ,"  ",                                ,"  ",                                ,"  ",                                ,"  ",                                ,                                ,                          144.94,                                ,                                ,                                ,                                ,                                ,                                ,                                ,                              ,                              ,                       4937960,                              ,                              ,                              ,                              ,                              ,                              ,                              ,"    ",                              ,                              ,                              ,"    ",                              ,                              ,                              ,"    ",                              ,                              ,                              ,"    ",                              ,                              ,                              ,"    ",                              ,                              ,                              ,                         34069,                              ,                              ,                              ,                              ,                              ,                              ,                              ,                            1.00,"  ",                            40,                              ,                              ,                              ,                              ,                              ,                              ,                              ,                              ,                              ,                              ,"                                      ","  ",                          2976,"05-Dec-2008" 
"3900060","01","82","10","05","05","05","02","02","02","02","02","30","99","99","  ","01","05","05","05",                               ,"1973","    ","    "," ",                                ,"  ",                                ,"  ",                          100.00,"43",                                ,"  ",                                ,"  ",                                ,"  ",                                ,"  ",                                ,"  ",                                ,"  ",                                ,"  ",                                ,                                ,                           78.88,                                ,                                ,                                ,                                ,                                ,                                ,                                ,                              ,                              ,                       6270800,                              ,                              ,                              ,                              ,                              ,                              ,                              ,"SS1 ",                         79498,                              ,                        166950,"LD5 ",                              ,                            10,                         47500,"    ",                              ,                              ,                              ,"    ",                              ,                              ,                              ,"    ",                              ,                              ,                              ,                         79498,                              ,                       3242625,                       2269838,                              ,                              ,                              ,                              ,                            1.00,"  ",                            50,                              ,                              ,                              ,                              ,                              ,                              ,                              ,                              ,                              ,                              ,"                                      ","  ",                          5476,"17-Oct-2018" 
"3970002","01","53","01","01","02","01","02","02","02","02","01","40","99","01","02","01","05","05","05",                               ,"1989","    ","    "," ",                           60.00,"86",                           40.00,"53",                          100.00,"52",                                ,"  ",                          100.00,"53",                                ,"  ",                                ,"  ",                                ,"  ",                                ,"  ",                                ,"  ",                           29.91,                           97.84,                          151.77,                                ,                          104.36,                                ,                                ,                                ,                                ,                                ,                         28890,                         63010,                        244350,                              ,                        168020,                              ,                              ,                              ,                              ,                              ,"EL1 ",                              ,                             1,                              ,"    ",                              ,                              ,                              ,"    ",                              ,                              ,                              ,"    ",                              ,                              ,                              ,"    ",                              ,                              ,                              ,                          1610,                              ,                              ,                              ,                              ,                              ,                              ,                              ,                            1.00,"  ",                            35,                              ,                              ,                              ,                              ,                              ,                              ,                              ,                              ,                              ,                              ,"                                      ","  ",                          2729,"26-Sep-2008" 
"3970034","01","53","01","01","02","04","01","02","03","01","01","30","  ","01","03","01","04","04","  ",                               ,"1900","    ","    "," ",                          100.00,"86",                                ,"  ",                          100.00,"53",                                ,"  ",                                ,"  ",                                ,"  ",                                ,"  ",                                ,"  ",                                ,"  ",                                ,"  ",                           29.91,                                ,                          130.45,                                ,                                ,                                ,                                ,                                ,                                ,                                ,                        236080,                              ,                       1029640,                              ,                              ,                              ,                              ,                              ,                              ,                              ,"    ",                              ,                              ,                              ,"    ",                              ,                              ,                              ,"    ",                              ,                              ,                              ,"    ",                              ,                              ,                              ,"    ",                              ,                              ,                              ,                          7893,                              ,                        632860,                        443000,                              ,                              ,                              ,                              ,                            1.00,"  ",                            50,                              ,                              ,                              ,                              ,                              ,                              ,                              ,                              ,                              ,                              ,"                                      ","  ",                          2730,"26-Sep-2008" 
"3970055","01","21","03","01","01","01","02","02","08","03","01","50","99","04","  ","03","05","05","  ",                               ,"2004","    ","    "," ",                                ,"  ",                                ,"  ",                          100.00,"21",                                ,"  ",                           83.00,"21",                                ,"  ",                           83.00,"21",                                ,"  ",                                ,"  ",                                ,"  ",                                ,                                ,                          104.80,                                ,                           83.84,                                ,                           83.84,                                ,                                ,                                ,                              ,                              ,                       2929890,                              ,                       1945420,                              ,                       1945420,                              ,                              ,                              ,"OP1 ",                           276,                              ,                         11870,"EL1 ",                              ,                             1,                         50000,"OP1 ",                           412,                              ,                         17720,"    ",                              ,                              ,                              ,"    ",                              ,                              ,                              ,                         27957,                              ,                      10160721,                       7112505,                              ,                              ,                              ,                              ,                            1.00,"  ",                             5,                              ,                              ,                              ,                              ,                              ,                              ,                              ,                              ,                              ,                              ,"                                      ","  ",                          5497,"18-Oct-2018" 
"3970060","01","21","03","  ","  ","  ","  ","  ","  ","  ","01","50","  ","  ","  ","01","  ","  ","  ",                               ,"    ","    ","    "," ",                                ,"  ",                                ,"  ",                          100.00,"21",                                ,"  ",                                ,"  ",                                ,"  ",                                ,"  ",                                ,"  ",                                ,"  ",                                ,"  ",                                ,                                ,                          104.80,                                ,                                ,                                ,                                ,                                ,                                ,                                ,                              ,                              ,                       1362400,                              ,                              ,                              ,                              ,                              ,                              ,                              ,"SS1 ",                         13000,                              ,                         27300,"    ",                              ,                              ,                              ,"    ",                              ,                              ,                              ,"    ",                              ,                              ,                              ,"    ",                              ,                              ,                              ,                         13000,                              ,                       2154040,                       1507830,                              ,                              ,                              ,                              ,                            1.00,"  ",                              ,                              ,                              ,                              ,                              ,                              ,                              ,                              ,                              ,                              ,                              ,"                                      ","  ",                          5890,"17-Mar-2020" 
"3970100","01","52","03","05","05","01","02","02","02","02","02","43","  ","02","03","01","05","05","  ",                               ,"2000","    ","    "," ",                           32.00,"86",                                ,"  ",                           16.00,"52",                           84.00,"34",                           86.00,"52",                                ,"  ",                                ,"  ",                                ,"  ",                                ,"  ",                                ,"  ",                           33.23,                                ,                          168.63,                           93.75,                          134.90,                                ,                                ,                                ,                                ,                                ,                        367290,                              ,                        931850,                       2720060,                       4007070,                              ,                              ,                              ,                              ,                              ,"SS1 ",                         76812,                              ,                        161310,"EL1 ",                              ,                             1,                         50000,"    ",                              ,                              ,                              ,"    ",                              ,                              ,                              ,"    ",                              ,                              ,                              ,                         34540,                              ,                       8340550,                       5838390,                              ,                              ,                              ,                              ,                            1.00,"  ",                            25,                              ,                              ,                              ,                              ,                              ,                              ,                              ,                              ,                              ,                              ,"                                      ","  ",                          6195,"22-Mar-2022" 
"3970101","01","51","01","01","01","01","02","02","02","02","01","50","99","04","  ","01","06","06","  ",                               ,"2003","    ","    "," ",                                ,"  ",                                ,"  ",                          100.00,"51",                                ,"  ",                           28.00,"51",                                ,"  ",                                ,"  ",                                ,"  ",                                ,"  ",                                ,"  ",                                ,                                ,                          151.32,                                ,                          121.05,                                ,                                ,                                ,                                ,                                ,                              ,                              ,                        484830,                              ,                        108580,                              ,                              ,                              ,                              ,                              ,"BC1 ",                           416,                              ,                              ,"BE1 ",                              ,                             1,                              ,"    ",                              ,                              ,                              ,"    ",                              ,                              ,                              ,"    ",                              ,                              ,                              ,                          3204,                              ,                              ,                              ,                              ,                              ,                              ,                              ,                            1.00,"  ",                            10,                              ,                              ,                              ,                              ,                              ,                              ,                              ,                              ,                              ,                              ,"                                      ","  ",                          2732,"26-Sep-2008" 
"3970117","01","21","01","01","01","01","02","02","02","02","02","50","99","99","  ","01","05","05","  ",                               ,"2015","    ","    "," ",                                ,"  ",                                ,"  ",                          100.00,"21",                                ,"  ",                          100.00,"21",                                ,"  ",                          100.00,"21",                                ,"  ",                                ,"  ",                                ,"  ",                                ,                                ,                          116.44,                                ,                           93.15,                                ,                           93.15,                                ,                                ,                                ,                              ,                              ,                       2492750,                              ,                       1994160,                              ,                       1994160,                              ,                              ,                              ,"1SA ",                           712,                              ,                         35600,"OP1 ",                          1325,                              ,                         56980,"OP1 ",                           759,                              ,                         32640,"EL1 ",                              ,                             2,                        100000,"    ",                              ,                              ,                              ,                         21408,                              ,                      10394750,                       7276325,                              ,                              ,                              ,                              ,                            1.00,"  ",                              ,                              ,                              ,                              ,                              ,                              ,                              ,                              ,                              ,                              ,                              ,"                                      ","  ",                          5517,"18-Oct-2018" 
"3970124","01","82","  ","01","01","01","02","  ","01","01","01","37","  ","02","01","01","05","05","05",                               ,"1986","    ","    "," ",                           27.00,"84",                                ,"  ",                           72.00,"45",                           28.00,"53",                           25.00,"53",                                ,"  ",                                ,"  ",                                ,"  ",                                ,"  ",                                ,"  ",                           29.91,                                ,                           49.39,                          130.45,                          104.36,                                ,                                ,                                ,                                ,                                ,                        124070,                              ,                        546350,                        561200,                        400850,                              ,                              ,                              ,                              ,                              ,"1SA ",                           304,                              ,                         15200,"    ",                              ,                              ,                              ,"    ",                              ,                              ,                              ,"    ",                              ,                              ,                              ,"    ",                              ,                              ,                              ,                         15364,                              ,                       1542220,                       1079550,                              ,                              ,                              ,                              ,                            1.00,"  ",                            20,                              ,                              ,                              ,                              ,                              ,                              ,                              ,                              ,                              ,                              ,"                                      ","  ",                          4577,"19-Mar-2014" 
"3970124","02","34","01","01","01","01","02","02","02","02","01","33","  ","05","03","01","05","05","05",                               ,"1985","    ","    "," ",                           83.00,"34",                                ,"  ",                          100.00,"34",                                ,"  ",                                ,"  ",                                ,"  ",                                ,"  ",                                ,"  ",                                ,"  ",                                ,"  ",                           63.28,                                ,                           84.38,                                ,                                ,                                ,                                ,                                ,                                ,                                ,                        318300,                              ,                        511340,                              ,                              ,                              ,                              ,                              ,                              ,                              ,"CP7 ",                           648,                              ,                         14420,"CP7 ",                           112,                              ,                          2490,"    ",                              ,                              ,                              ,"    ",                              ,                              ,                              ,"    ",                              ,                              ,                              ,                          6060,                              ,                        685700,                        479990,                              ,                              ,                              ,                              ,                            1.00,"  ",                            25,                              ,                              ,                              ,                              ,                              ,                              ,                              ,                              ,                              ,                              ,"                                      ","  ",                          6116,"09-Jul-2021" 
"3970124","03","34","01","01","01","01","02","02","02","02","01","33","  ","01","03","01","05","05","05",                               ,"1988","    ","    "," ",                          100.00,"34",                                ,"  ",                          100.00,"34",                                ,"  ",                           63.00,"53",                                ,"  ",                                ,"  ",                                ,"  ",                                ,"  ",                                ,"  ",                           63.28,                                ,                           84.38,                                ,                          104.36,                                ,                                ,                                ,                                ,                                ,                        263240,                              ,                        351020,                              ,                        273530,                              ,                              ,                              ,                              ,                              ,"CP7 ",                           456,                              ,                         10150,"CP7 ",                           800,                              ,                         17800,"    ",                              ,                              ,                              ,"    ",                              ,                              ,                              ,"    ",                              ,                              ,                              ,                          4160,                              ,                        741750,                        519230,                              ,                              ,                              ,                              ,                            1.00,"  ",                            25,                              ,                              ,                              ,                              ,                              ,                              ,                              ,                              ,                              ,                              ,"                                      ","  ",                          4579,"19-Mar-2014" 
"3970124","04","34","01","01","01","01","02","02","02","02","01","33","  ","01","03","01","05","05","05",                               ,"1987","    ","    "," ",                           94.00,"34",                                ,"  ",                          100.00,"34",                                ,"  ",                                ,"  ",                                ,"  ",                                ,"  ",                                ,"  ",                                ,"  ",                                ,"  ",                           63.28,                                ,                           84.38,                                ,                                ,                                ,                                ,                                ,                                ,                                ,                        189650,                              ,                        269000,                              ,                              ,                              ,                              ,                              ,                              ,                              ,"CP7 ",                           192,                              ,                          4270,"    ",                              ,                              ,                              ,"    ",                              ,                              ,                              ,"    ",                              ,                              ,                              ,"    ",                              ,                              ,                              ,                          3188,                              ,                        374960,                        262470,                              ,                              ,                              ,                              ,                            1.00,"  ",                            25,                              ,                              ,                              ,                              ,                              ,                              ,                              ,                              ,                              ,                              ,"                                      ","  ",                          4580,"19-Mar-2014" 
"3970124","05","31","01","01","01","01","02","02","02","02","01","37","  ","  ","  ","01","05","05","05",                               ,"1988","    ","    "," ",                                ,"  ",                                ,"  ",                           65.00,"31",                           35.00,"34",                           65.00,"34",                                ,"  ",                                ,"  ",                                ,"  ",                                ,"  ",                                ,"  ",                                ,                                ,                          107.89,                           84.38,                           67.50,                                ,                                ,                                ,                                ,                                ,                              ,                              ,                        399090,                        168080,                        249680,                              ,                              ,                              ,                              ,                              ,"CP7 ",                           353,                              ,                          7850,"    ",                              ,                              ,                              ,"    ",                              ,                              ,                              ,"    ",                              ,                              ,                              ,"    ",                              ,                              ,                              ,                          5690,                              ,                        578940,                        405260,                              ,                              ,                              ,                              ,                            1.00,"  ",                            40,                              ,                              ,                              ,                              ,                              ,                              ,                              ,                              ,                              ,                              ,"                                      ","  ",                          4581,"19-Mar-2014" 
"3970124","06","34","01","01","01","03","02","02","02","02","01","33","  ","04","  ","01","03","03","03",                               ,"1900","    ","    "," ",                                ,"  ",                                ,"  ",                          100.00,"34",                                ,"  ",                                ,"  ",                                ,"  ",                                ,"  ",                                ,"  ",                                ,"  ",                                ,"  ",                                ,                                ,                           84.38,                                ,                                ,                                ,                                ,                                ,                                ,                                ,                              ,                              ,                        110450,                              ,                              ,                              ,                              ,                              ,                              ,                              ,"    ",                              ,                              ,                              ,"    ",                              ,                              ,                              ,"    ",                              ,                              ,                              ,"    ",                              ,                              ,                              ,"    ",                              ,                              ,                              ,                          1309,                              ,                         83500,                         58450,                              ,                              ,                              ,                              ,                            1.00,"  ",                            30,                              ,                              ,                              ,                              ,                              ,                              ,                              ,                              ,                              ,                              ,"                                      ","  ",                          8094,"20-Oct-1999" 
"3970124","07","34","01","01","01","  ","02","02","02","02","01","33","  ","04","  ","01","03","03","03",                               ,"1900","    ","    "," ",                                ,"  ",                                ,"  ",                          100.00,"34",                                ,"  ",                                ,"  ",                                ,"  ",                                ,"  ",                                ,"  ",                                ,"  ",                                ,"  ",                                ,                                ,                           84.38,                                ,                                ,                                ,                                ,                                ,                                ,                                ,                              ,                              ,                        215510,                              ,                              ,                              ,                              ,                              ,                              ,                              ,"CP7 ",                           310,                              ,                          6900,"    ",                              ,                              ,                              ,"    ",                              ,                              ,                              ,"    ",                              ,                              ,                              ,"    ",                              ,                              ,                              ,                          2554,                              ,                        168140,                        117700,                              ,                              ,                              ,                              ,                            1.00,"  ",                            30,                              ,                              ,                              ,                              ,                              ,                              ,                              ,                              ,                              ,                              ,"                                      ","  ",                          8096,"20-Oct-1999" 
"3970124","08","34","01","01","01","03","02","02","02","02","01","37","  ","04","  ","01","03","03","03",                               ,"1938","    ","    "," ",                                ,"  ",                                ,"  ",                          100.00,"34",                                ,"  ",                           60.00,"53",                                ,"  ",                                ,"  ",                                ,"  ",                                ,"  ",                                ,"  ",                                ,                                ,                           84.38,                                ,                          104.36,                                ,                                ,                                ,                                ,                                ,                              ,                              ,                        336170,                              ,                        249420,                              ,                              ,                              ,                              ,                              ,"CP7 ",                           924,                              ,                         20560,"    ",                              ,                              ,                              ,"    ",                              ,                              ,                              ,"    ",                              ,                              ,                              ,"    ",                              ,                              ,                              ,                          3984,                              ,                        531900,                        372330,                              ,                              ,                              ,                              ,                            1.00,"  ",                            25,                              ,                              ,                              ,                              ,                              ,                              ,                              ,                              ,                              ,                              ,"                                      ","  ",                          8100,"20-Oct-1999" 
"3970124","09","31","01","01","01","03","02","03","02","02","01","30","  ","02","01","01","05","05","05",                               ,"1900","    ","    "," ",                                ,"  ",                                ,"  ",                          100.00,"31",                                ,"  ",                           36.00,"81",                                ,"  ",                                ,"  ",                                ,"  ",                                ,"  ",                                ,"  ",                                ,                                ,                          107.89,                                ,                           68.40,                                ,                                ,                                ,                                ,                                ,                              ,                              ,                        327340,                              ,                         74690,                              ,                              ,                              ,                              ,                              ,"CP7 ",                           480,                              ,                         10680,"    ",                              ,                              ,                              ,"    ",                              ,                              ,                              ,"    ",                              ,                              ,                              ,"    ",                              ,                              ,                              ,                          3034,                              ,                        288900,                        202230,                              ,                              ,                              ,                              ,                            1.00,"  ",                            30,                              ,                              ,                              ,                              ,                              ,                              ,                              ,                              ,                              ,                              ,"                                      ","  ",                          1579,"02-Dec-2004" 
"3970124","10","34","01","01","01","03","02","02","02","02","01","33","  ","04","  ","01","05","05","05",                               ,"1950","    ","    "," ",                                ,"  ",                                ,"  ",                          100.00,"34",                                ,"  ",                           35.00,"34",                                ,"  ",                                ,"  ",                                ,"  ",                                ,"  ",                                ,"  ",                                ,                                ,                           84.38,                                ,                           67.50,                                ,                                ,                                ,                                ,                                ,                              ,                              ,                        304530,                              ,                         85250,                              ,                              ,                              ,                              ,                              ,"CP7 ",                           258,                              ,                          5740,"CP7 ",                           384,                              ,                          8540,"    ",                              ,                              ,                              ,"    ",                              ,                              ,                              ,"    ",                              ,                              ,                              ,                          3609,                              ,                        283650,                        198560,                              ,                              ,                              ,                              ,                            1.00,"  ",                            35,                              ,                              ,                              ,                              ,                              ,                              ,                              ,                              ,                              ,                              ,"                                      ","  ",                          4582,"19-Mar-2014" 
"3970124","11","34","01","01","02","01","02","03","02","02","01","40","  ","01","01","01","05","05","05",                               ,"1870","    ","    "," ",                          100.00,"53",                                ,"  ",                          100.00,"34",                                ,"  ",                                ,"  ",                                ,"  ",                                ,"  ",                                ,"  ",                                ,"  ",                                ,"  ",                           97.84,                                ,                           84.38,                                ,                                ,                                ,                                ,                                ,                                ,                                ,                        136980,                              ,                        118130,                              ,                              ,                              ,                              ,                              ,                              ,                              ,"CP7 ",                           192,                              ,                          4270,"    ",                              ,                              ,                              ,"    ",                              ,                              ,                              ,"    ",                              ,                              ,                              ,"    ",                              ,                              ,                              ,                          1400,                              ,                        245120,                        171580,                              ,                              ,                              ,                              ,                            1.00,"  ",                            25,                              ,                              ,                              ,                              ,                              ,                              ,                              ,                              ,                              ,                              ,"                                      ","  ",                          8108,"20-Oct-1999" 
"3970124","14","53","01","01","01","01","02","02","02","02","01","30","  ","04","  ","01","05","05","05",                               ,"1986","    ","    "," ",                                ,"  ",                                ,"  ",                          100.00,"53",                                ,"  ",                           84.00,"53",                                ,"  ",                                ,"  ",                                ,"  ",                                ,"  ",                                ,"  ",                                ,                                ,                          130.45,                                ,                          104.36,                                ,                                ,                                ,                                ,                                ,                              ,                              ,                        569280,                              ,                        382580,                              ,                              ,                              ,                              ,                              ,"CP7 ",                           544,                              ,                         12100,"    ",                              ,                              ,                              ,"    ",                              ,                              ,                              ,"    ",                              ,                              ,                              ,"    ",                              ,                              ,                              ,                          4364,                              ,                        722970,                        506080,                              ,                              ,                              ,                              ,                            1.00,"  ",                            25,                              ,                              ,                              ,                              ,                              ,                              ,                              ,                              ,                              ,                              ,"                                      ","  ",                          1581,"02-Dec-2004" 
"3970124","15","34","01","01","02","01","02","03","02","02","01","40","  ","02","01","01","05","05","05",                               ,"1989","    ","    "," ",                           21.00,"84",                                ,"  ",                          100.00,"34",                                ,"  ",                           62.00,"53",                                ,"  ",                                ,"  ",                                ,"  ",                                ,"  ",                                ,"  ",                           29.91,                                ,                           84.38,                                ,                          104.36,                                ,                                ,                                ,                                ,                                ,                         78010,                              ,                       1047750,                              ,                        803470,                              ,                              ,                              ,                              ,                              ,"EL1 ",                             1,                              ,                              ,"    ",                              ,                              ,                              ,"    ",                              ,                              ,                              ,"    ",                              ,                              ,                              ,"    ",                              ,                              ,                              ,                         12417,                              ,                       1215420,                        850790,                              ,                              ,                              ,                              ,                            1.00,"  ",                            50,                              ,                              ,                              ,                              ,                              ,                              ,                              ,                              ,                              ,                              ,"                                      ","  ",                          4435,"17-Dec-2013" 
"3970124","16","52","03","01","  ","01","02","02","02","02","01","43","99","05","01","01","06","06","  ",                               ,"2001","    ","    "," ",                           80.00,"52",                           20.00,"84",                          100.00,"52",                                ,"  ",                                ,"  ",                                ,"  ",                                ,"  ",                                ,"  ",                                ,"  ",                                ,"  ",                          113.82,                           29.91,                          151.77,                                ,                                ,                                ,                                ,                                ,                                ,                                ,                        385050,                         25300,                        641840,                              ,                              ,                              ,                              ,                              ,                              ,                              ,"EL1 ",                              ,                             1,                         50000,"SS1 ",                          8458,                              ,                         17760,"    ",                              ,                              ,                              ,"    ",                              ,                              ,                              ,"    ",                              ,                              ,                              ,                          4229,                              ,                        907160,                        635010,                              ,                              ,                              ,                              ,                            1.00,"  ",                            40,                              ,                              ,                              ,                              ,                              ,                              ,                              ,                              ,                              ,                              ,"                                      ","  ",                          5063,"18-Oct-2016" 
"3970124","17","34","01","01","01","01","02","02","02","02","01","40","13","01","01","01","06","06","  ",                               ,"2007","    ","    "," ",                          100.00,"84",                                ,"  ",                          100.00,"34",                                ,"  ",                                ,"  ",                                ,"  ",                                ,"  ",                                ,"  ",                                ,"  ",                                ,"  ",                           29.91,                                ,                           84.38,                                ,                                ,                                ,                                ,                                ,                                ,                                ,                        149550,                              ,                        421900,                              ,                              ,                              ,                              ,                              ,                              ,                              ,"OP1 ",                           800,                              ,                         34400,"    ",                              ,                              ,                              ,"    ",                              ,                              ,                              ,"    ",                              ,                              ,                              ,"    ",                              ,                              ,                              ,                          5000,                              ,                        687030,                        480920,                              ,                              ,                              ,                              ,                            1.00,"  ",                            10,                              ,                              ,                              ,                              ,                              ,                              ,                              ,                              ,                              ,                              ,"                                      ","  ",                          4583,"19-Mar-2014" 
"3970139","01","53","01","01","02","01","02","02","02","02","01","37","  ","04","  ","01","05","05","05",                               ,"2000","    ","    "," ",                           65.00,"53",                           35.00,"84",                           73.00,"53",                                ,"  ",                                ,"  ",                                ,"  ",                                ,"  ",                                ,"  ",                                ,"  ",                                ,"  ",                           97.84,                           29.91,                          130.45,                                ,                                ,                                ,                                ,                                ,                                ,                                ,                        245770,                         40440,                        368000,                              ,                              ,                              ,                              ,                              ,                              ,                              ,"EE1 ",                           160,                              ,                         10880,"CP7 ",                            70,                              ,                          1560,"    ",                              ,                              ,                              ,"    ",                              ,                              ,                              ,"    ",                              ,                              ,                              ,                          3864,                              ,                        428990,                        300293,                              ,                              ,                              ,                              ,                            1.00,"  ",                            45,                              ,                              ,                              ,                              ,                              ,                              ,                              ,                              ,                              ,                              ,"                                      ","  ",                          5518,"18-Oct-2018" 
"3970147","01","53","03","01","01","01","02","02","02","02","01","30","  ","02","02","01","05","05","05",                               ,"1979","    ","    "," ",                           30.00,"53",                                ,"  ",                          100.00,"53",                                ,"  ",                           81.50,"53",                                ,"  ",                                ,"  ",                                ,"  ",                                ,"  ",                                ,"  ",                           97.84,                                ,                          130.45,                                ,                          104.36,                                ,                                ,                                ,                                ,                                ,                        199790,                              ,                        888100,                              ,                        579090,                              ,                              ,                              ,                              ,                              ,"    ",                              ,                              ,                              ,"    ",                              ,                              ,                              ,"    ",                              ,                              ,                              ,"    ",                              ,                              ,                              ,"    ",                              ,                              ,                              ,                          6808,                              ,                        666790,                        466750,                              ,                              ,                              ,                              ,                            1.00,"  ",                            60,                              ,                              ,                              ,                              ,                              ,                              ,                              ,                              ,                              ,                              ,"                                      ","  ",                          5681,"28-Feb-2019" 
"3971111","01","55","01","05","05","01","02","02","02","02","01","  ","  ","  ","  ","01","05","05","05",                               ,"1988","    ","    "," ",                                ,"  ",                                ,"  ",                          100.00,"55",                                ,"  ",                                ,"  ",                                ,"  ",                                ,"  ",                                ,"  ",                                ,"  ",                                ,"  ",                                ,                                ,                          115.00,                                ,                                ,                                ,                                ,                                ,                                ,                                ,                              ,                              ,                        244150,                              ,                              ,                              ,                              ,                              ,                              ,                              ,"    ",                              ,                              ,                              ,"    ",                              ,                              ,                              ,"    ",                              ,                              ,                              ,"    ",                              ,                              ,                              ,"    ",                              ,                              ,                              ,                          2123,                              ,                        244150,                        170905,                              ,                              ,                              ,                              ,                            1.00,"  ",                              ,                              ,                              ,                              ,                              ,                              ,                              ,                              ,                              ,                              ,                              ,"                                      ","  ",                          5500,"18-Oct-2018" 
"3972111","01","55","01","05","05","01","02","02","02","02","01","  ","  ","  ","  ","01","05","05","05",                               ,"1988","    ","    "," ",                                ,"  ",                                ,"  ",                          100.00,"55",                                ,"  ",                                ,"  ",                                ,"  ",                                ,"  ",                                ,"  ",                                ,"  ",                                ,"  ",                                ,                                ,                          115.00,                                ,                                ,                                ,                                ,                                ,                                ,                                ,                              ,                              ,                        102120,                              ,                              ,                              ,                              ,                              ,                              ,                              ,"    ",                              ,                              ,                              ,"    ",                              ,                              ,                              ,"    ",                              ,                              ,                              ,"    ",                              ,                              ,                              ,"    ",                              ,                              ,                              ,                           888,                              ,                        102120,                         71484,                              ,                              ,                              ,                              ,                            1.00,"  ",                              ,                              ,                              ,                              ,                              ,                              ,                              ,                              ,                              ,                              ,                              ,"                                      ","  ",                          5502,"18-Oct-2018" 
"3973111","01","55","01","05","05","01","02","02","02","02","01","  ","  ","  ","  ","01","05","05","05",                               ,"1988","    ","    "," ",                                ,"  ",                                ,"  ",                          100.00,"55",                                ,"  ",                                ,"  ",                                ,"  ",                                ,"  ",                                ,"  ",                                ,"  ",                                ,"  ",                                ,                                ,                          115.00,                                ,                                ,                                ,                                ,                                ,                                ,                                ,                              ,                              ,                        155830,                              ,                              ,                              ,                              ,                              ,                              ,                              ,"    ",                              ,                              ,                              ,"    ",                              ,                              ,                              ,"    ",                              ,                              ,                              ,"    ",                              ,                              ,                              ,"    ",                              ,                              ,                              ,                          1355,                              ,                        155830,                        109081,                              ,                              ,                              ,                              ,                            1.00,"  ",                              ,                              ,                              ,                              ,                              ,                              ,                              ,                              ,                              ,                              ,                              ,"                                      ","  ",                          5504,"18-Oct-2018" 
"3974111","01","55","01","05","05","01","02","02","02","02","01","  ","  ","  ","  ","01","05","05","05",                               ,"1988","    ","    "," ",                                ,"  ",                                ,"  ",                          100.00,"55",                                ,"  ",                                ,"  ",                                ,"  ",                                ,"  ",                                ,"  ",                                ,"  ",                                ,"  ",                                ,                                ,                          115.00,                                ,                                ,                                ,                                ,                                ,                                ,                                ,                              ,                              ,                        776830,                              ,                              ,                              ,                              ,                              ,                              ,                              ,"    ",                              ,                              ,                              ,"    ",                              ,                              ,                              ,"    ",                              ,                              ,                              ,"    ",                              ,                              ,                              ,"    ",                              ,                              ,                              ,                          6755,                              ,                        776830,                        543781,                              ,                              ,                              ,                              ,                            1.00,"  ",                              ,                              ,                              ,                              ,                              ,                              ,                              ,                              ,                              ,                              ,                              ,"                                      ","  ",                          5506,"18-Oct-2018" 
"3975111","01","55","01","05","05","01","02","02","02","02","01","  ","  ","  ","  ","01","05","05","05",                               ,"    ","    ","    "," ",                                ,"  ",                                ,"  ",                          100.00,"55",                                ,"  ",                                ,"  ",                                ,"  ",                                ,"  ",                                ,"  ",                                ,"  ",                                ,"  ",                                ,                                ,                          115.00,                                ,                                ,                                ,                                ,                                ,                                ,                                ,                              ,                              ,                         88780,                              ,                              ,                              ,                              ,                              ,                              ,                              ,"    ",                              ,                              ,                              ,"    ",                              ,                              ,                              ,"    ",                              ,                              ,                              ,"    ",                              ,                              ,                              ,"    ",                              ,                              ,                              ,                           772,                              ,                         88780,                         62146,                              ,                              ,                              ,                              ,                            1.00,"  ",                              ,                              ,                              ,                              ,                              ,                              ,                              ,                              ,                              ,                              ,                              ,"                                      ","  ",                          5508,"18-Oct-2018" 
"3976111","01","55","01","05","05","01","02","02","02","02","01","  ","  ","  ","  ","01","05","05","05",                               ,"    ","    ","    "," ",                                ,"  ",                                ,"  ",                          100.00,"55",                                ,"  ",                                ,"  ",                                ,"  ",                                ,"  ",                                ,"  ",                                ,"  ",                                ,"  ",                                ,                                ,                          115.00,                                ,                                ,                                ,                                ,                                ,                                ,                                ,                              ,                              ,                        131220,                              ,                              ,                              ,                              ,                              ,                              ,                              ,"    ",                              ,                              ,                              ,"    ",                              ,                              ,                              ,"    ",                              ,                              ,                              ,"    ",                              ,                              ,                              ,"    ",                              ,                              ,                              ,                          1141,                              ,                        131220,                         91854,                              ,                              ,                              ,                              ,                            1.00,"  ",                              ,                              ,                              ,                              ,                              ,                              ,                              ,                              ,                              ,                              ,                              ,"                                      ","  ",                          5510,"18-Oct-2018" 
"4320150","01","93","02","05","05","01","05","05","  ","  ","02","50","32","99","  ","01","06","06","  ",                               ,"2002","    ","    "," ",                                ,"  ",                                ,"  ",                          100.00,"93",                                ,"  ",                           36.00,"93",                                ,"  ",                                ,"  ",                                ,"  ",                                ,"  ",                                ,"  ",                                ,                                ,                          162.50,                                ,                          130.00,                                ,                                ,                                ,                                ,                                ,                              ,                              ,                      11740300,                              ,                       3381170,                              ,                              ,                              ,                              ,                              ,"CP7 ",                          1932,                              ,                              ,"    ",                              ,                              ,                              ,"    ",                              ,                              ,                              ,"    ",                              ,                              ,                              ,"    ",                              ,                              ,                              ,                         72248,                              ,                              ,                              ,                              ,                              ,                              ,                              ,                            1.00,"  ",                            10,                              ,                              ,                              ,                              ,                              ,                              ,                              ,                              ,                              ,                              ,"                                      ","  ",                           562,"22-Aug-2003" 
"4320165","01","45","08","05","05","01","05","01","02","01","04","27","  ","04","  ","  ","05","05","05",                               ,"1963","    ","    "," ",                                ,"  ",                                ,"  ",                            5.00,"82",                           95.00,"45",                                ,"  ",                                ,"  ",                                ,"  ",                                ,"  ",                                ,"  ",                                ,"  ",                                ,                                ,                          118.52,                           49.39,                                ,                                ,                                ,                                ,                                ,                                ,                              ,                              ,                         63760,                        504860,                              ,                              ,                              ,                              ,                              ,                              ,"    ",                              ,                              ,                              ,"    ",                              ,                              ,                              ,"    ",                              ,                              ,                              ,"    ",                              ,                              ,                              ,"    ",                              ,                              ,                              ,                         10760,                              ,                              ,                              ,                              ,                              ,                              ,                              ,                            1.00,"  ",                            50,                              ,                              ,                              ,                              ,                              ,                              ,                              ,                              ,                              ,                              ,"                                      ","  ",                          2787,"30-Sep-2008" 
"4370010","01","53","02","05","05","01","02","02","08","03","02","37","99","02","01","03","05","05","05",                               ,"1972","    ","    "," ",                           81.00,"53",                                ,"  ",                           90.00,"53",                                ,"  ",                           90.00,"53",                                ,"  ",                                ,"  ",                                ,"  ",                                ,"  ",                                ,"  ",                          108.71,                                ,                          144.94,                                ,                          115.95,                                ,                                ,                                ,                                ,                                ,                        835220,                              ,                       1237350,                              ,                        989870,                              ,                              ,                              ,                              ,                              ,"EL1 ",                              ,                             1,                              ,"    ",                              ,                              ,                              ,"    ",                              ,                              ,                              ,"    ",                              ,                              ,                              ,"    ",                              ,                              ,                              ,                          9485,                              ,                              ,                              ,                              ,                              ,                              ,                              ,                            1.00,"  ",                            35,                              ,                              ,                              ,                              ,                              ,                              ,                              ,                              ,                              ,                              ,"                                      ","  ",                          3031,"26-Dec-2008" 
"4370020","01","53","02","05","05","01","02","02","08","03","02","37","99","02","01","03","05","05","05",                               ,"1978","    ","    "," ",                           81.00,"53",                                ,"  ",                           90.00,"53",                                ,"  ",                           90.00,"53",                                ,"  ",                                ,"  ",                                ,"  ",                                ,"  ",                                ,"  ",                          108.71,                                ,                          144.94,                                ,                          115.95,                                ,                                ,                                ,                                ,                                ,                        845110,                              ,                       1251990,                              ,                       1001580,                              ,                              ,                              ,                              ,                              ,"EL1 ",                              ,                             1,                              ,"    ",                              ,                              ,                              ,"    ",                              ,                              ,                              ,"    ",                              ,                              ,                              ,"    ",                              ,                              ,                              ,                          9598,                              ,                              ,                              ,                              ,                              ,                              ,                              ,                            1.00,"  ",                            35,                              ,                              ,                              ,                              ,                              ,                              ,                              ,                              ,                              ,                              ,"                                      ","  ",                          3032,"26-Dec-2008" 
"4370030","01","53","02","05","05","01","02","02","08","03","02","37","99","02","01","03","05","05","05",                               ,"1980","    ","    "," ",                           23.00,"84",                                ,"  ",                           84.00,"53",                                ,"  ",                           90.00,"53",                                ,"  ",                           90.00,"53",                                ,"  ",                           90.00,"53",                                ,"  ",                           33.23,                                ,                          144.94,                                ,                          115.95,                                ,                          115.95,                                ,                          115.95,                                ,                         75730,                              ,                       1206340,                              ,                       1033930,                              ,                       1033930,                              ,                       1033930,                              ,"EL1 ",                              ,                             1,                              ,"    ",                              ,                              ,                              ,"    ",                              ,                              ,                              ,"    ",                              ,                              ,                              ,"    ",                              ,                              ,                              ,                          9908,                              ,                              ,                              ,                              ,                              ,                              ,                              ,                            1.00,"  ",                            30,                              ,                              ,                              ,                              ,                              ,                              ,                              ,                              ,                              ,                              ,"                                      ","  ",                           791,"26-Sep-2003" 
"4370035","01","53","01","01","02","01","02","02","02","02","02","37","99","02","03","01","04","04","04",                               ,"1978","    ","    "," ",                           45.00,"53",                                ,"  ",                          100.00,"53",                                ,"  ",                          100.00,"53",                                ,"  ",                                ,"  ",                                ,"  ",                                ,"  ",                                ,"  ",                           86.95,                                ,                          115.95,                                ,                           92.75,                                ,                                ,                                ,                                ,                                ,                        240500,                              ,                        712740,                              ,                        570130,                              ,                              ,                              ,                              ,                              ,"EL1 ",                              ,                             1,                              ,"    ",                              ,                              ,                              ,"    ",                              ,                              ,                              ,"    ",                              ,                              ,                              ,"    ",                              ,                              ,                              ,                          6147,                              ,                              ,                              ,                              ,                              ,                              ,                              ,                            1.00,"  ",                            40,                              ,                              ,                              ,                              ,                              ,                              ,                              ,                              ,                              ,                              ,"                                      ","  ",                          3077,"15-Jul-2009" 
"4370040","01","53","02","05","05","01","02","02","08","03","02","37","99","02","01","03","05","05","05",                               ,"1983","    ","    "," ",                           21.00,"84",                                ,"  ",                          100.00,"53",                                ,"  ",                          100.00,"53",                                ,"  ",                          100.00,"53",                                ,"  ",                          100.00,"53",                                ,"  ",                           33.23,                                ,                          144.94,                                ,                          115.95,                                ,                          115.95,                                ,                          115.95,                                ,                         71540,                              ,                       1486070,                              ,                       1188840,                              ,                       1188840,                              ,                       1188840,                              ,"EL1 ",                              ,                             1,                         50000,"    ",                              ,                              ,                              ,"    ",                              ,                              ,                              ,"    ",                              ,                              ,                              ,"    ",                              ,                              ,                              ,                         10253,                              ,                       3571702,                       2500191,                              ,                              ,                              ,                              ,                            1.00,"  ",                            41,                              ,                              ,                              ,                              ,                              ,                              ,                              ,                              ,                              ,                              ,"                                      ","  ",                          5647,"26-Dec-2018" 
"4370050","01","82","02","05","05","01","02","02","08","03","02","30","99","04","  ","01","04","04","04",                               ,"1970","    ","1992"," ",                                ,"  ",                                ,"  ",                           11.00,"82",                           89.00,"44",                                ,"  ",                                ,"  ",                                ,"  ",                                ,"  ",                                ,"  ",                                ,"  ",                                ,                                ,                          131.69,                           58.81,                                ,                                ,                                ,                                ,                                ,                                ,                              ,                              ,                       1093420,                       3950560,                              ,                              ,                              ,                              ,                              ,                              ,"CP6 ",                           756,                              ,                         11530,"CP6 ",                          1288,                              ,                         19640,"EE1 ",                            64,                              ,                          4350,"    ",                              ,                              ,                              ,"    ",                              ,                              ,                              ,                         75478,                              ,                       3301680,                       2311180,                              ,                              ,                              ,                              ,                            1.00,"  ",                            35,                              ,                              ,                              ,                              ,                              ,                              ,                              ,                              ,                              ,                              ,"                                      ","  ",                          5861,"14-Feb-2020" 
"4380007","01","53","01","01","02","01","02","02","02","07","01","33","  ","01","01","01","06","06","  ",                               ,"2003","    ","    "," ",                          100.00,"84",                                ,"  ",                          100.00,"53",                                ,"  ",                          100.00,"53",                                ,"  ",                                ,"  ",                                ,"  ",                                ,"  ",                                ,"  ",                           29.91,                                ,                          130.45,                                ,                          104.36,                                ,                                ,                                ,                                ,                                ,                         50670,                              ,                        220980,                              ,                        176790,                              ,                              ,                              ,                              ,                              ,"    ",                              ,                              ,                              ,"    ",                              ,                              ,                              ,"    ",                              ,                              ,                              ,"    ",                              ,                              ,                              ,"    ",                              ,                              ,                              ,                          1694,                              ,                              ,                              ,                              ,                              ,                              ,                              ,                            1.00,"  ",                            15,                              ,                              ,                              ,                              ,                              ,                              ,                              ,                              ,                              ,                              ,"                                      ","  ",                          2788,"30-Sep-2008" 
"4500015","01","34","14","05","05","01","02","02","02","02","02","40","99","04","  ","01","05","05","05",                               ,"1980","    ","    "," ",                                ,"  ",                                ,"  ",                          100.00,"34",                                ,"  ",                                ,"  ",                                ,"  ",                                ,"  ",                                ,"  ",                                ,"  ",                                ,"  ",                                ,                                ,                           93.75,                                ,                                ,                                ,                                ,                                ,                                ,                                ,                              ,                              ,                       3359630,                              ,                              ,                              ,                              ,                              ,                              ,                              ,"SS1 ",                         35836,                              ,                         75260,"    ",                              ,                              ,                              ,"    ",                              ,                              ,                              ,"    ",                              ,                              ,                              ,"    ",                              ,                              ,                              ,                         35836,                              ,                       3895160,                       2726610,                              ,                              ,                              ,                              ,                            1.00,"  ",                            10,                              ,                              ,                              ,                              ,                              ,                              ,                              ,                              ,                              ,                              ,"                                      ","  ",                          5672,"21-Feb-2019" 
"4500021","01","53","15","05","05","01","02","02","02","02","02","30","99","01","02","01","04","04","04",                               ,"1987","    ","    "," ",                           70.00,"53",                           34.50,"84",                           82.00,"53",                           18.00,"45",                            5.00,"53",                                ,"  ",                                ,"  ",                                ,"  ",                                ,"  ",                                ,"  ",                           77.65,                           33.23,                          176.76,                           54.88,                          115.95,                                ,                                ,                                ,                                ,                                ,                        920700,                        194200,                       2455020,                        167330,                         98210,                              ,                              ,                              ,                              ,                              ,"    ",                              ,                              ,                              ,"    ",                              ,                              ,                              ,"    ",                              ,                              ,                              ,"    ",                              ,                              ,                              ,"    ",                              ,                              ,                              ,                         16938,                              ,                       1879380,                       1315570,                              ,                              ,                              ,                              ,                            1.00,"  ",                            51,                              ,                              ,                              ,                              ,                              ,                              ,                              ,                              ,                              ,                              ,"                                      ","  ",                          5682,"14-Mar-2019" 
"4500022","01","53","04","05","05","01","02","02","02","02","02","43","99","99","  ","01","05","05","05",                               ,"1985","    ","    "," ",                                ,"  ",                                ,"  ",                           94.00,"53",                                ,"  ",                           95.00,"53",                                ,"  ",                           85.00,"53",                                ,"  ",                                ,"  ",                                ,"  ",                                ,                                ,                          144.94,                                ,                          115.95,                                ,                          115.95,                                ,                                ,                                ,                              ,                              ,                       2648630,                              ,                       2141360,                              ,                       1915960,                              ,                              ,                              ,"EL1 ",                              ,                             1,                         50000,"    ",                              ,                              ,                              ,"    ",                              ,                              ,                              ,"    ",                              ,                              ,                              ,"    ",                              ,                              ,                              ,                         19440,                              ,                       3192190,                       2234530,                              ,                              ,                              ,                              ,                            1.00,"  ",                            65,                              ,                              ,                              ,                              ,                              ,                              ,                              ,                              ,                              ,                              ,"                                      ","  ",                          6262,"04-Oct-2022" 
"4500035","01","53","03","01","01","01","02","02","02","01","01","30","99","01","01","01","05","05","05",                               ,"1997","    ","    "," ",                           67.00,"86",                           28.00,"82",                          100.00,"53",                                ,"  ",                           60.00,"11",                                ,"  ",                                ,"  ",                                ,"  ",                                ,"  ",                                ,"  ",                           29.91,                           88.89,                          130.45,                                ,                           68.40,                                ,                                ,                                ,                                ,                                ,                         42650,                         52980,                        277730,                              ,                         87350,                              ,                              ,                              ,                              ,                              ,"CP7 ",                           259,                             1,                          5760,"CP7 ",                           128,                             1,                          2850,"    ",                              ,                              ,                              ,"    ",                              ,                              ,                              ,"    ",                              ,                              ,                              ,                          2129,                              ,                        375460,                        262820,                              ,                              ,                              ,                              ,                            1.00,"  ",                            20,                              ,                              ,                              ,                              ,                              ,                              ,                              ,                              ,                              ,                              ,"                                      ","  ",                          5087,"12-Jul-2017" 
"4500040","01","53","01","01","01","01","02","03","02","02","01","40","99","01","01","01","05","05","  ",                               ,"1952","    ","2015"," ",                           69.00,"84",                                ,"  ",                          100.00,"53",                                ,"  ",                           77.00,"53",                                ,"  ",                                ,"  ",                                ,"  ",                                ,"  ",                                ,"  ",                           29.91,                                ,                          130.45,                                ,                          104.36,                                ,                                ,                                ,                                ,                                ,                         49530,                              ,                        313080,                              ,                        192860,                              ,                              ,                              ,                              ,                              ,"    ",                              ,                              ,                              ,"    ",                              ,                              ,                              ,"    ",                              ,                              ,                              ,"    ",                              ,                              ,                              ,"    ",                              ,                              ,                              ,                          2400,                              ,                        524919,                        367443,                              ,                              ,                              ,                              ,                            1.00,"  ",                            25,                              ,                              ,                              ,                              ,                              ,                              ,                              ,                              ,                              ,                              ,"                                      ","  ",                          5354,"31-Aug-2018" 
"4500059","01","93","02","05","05","01","05","02","08","02","02","50","  ","  ","  ","01","05","05","  ",                               ,"2012","    ","    "," ",                                ,"  ",                                ,"  ",                          100.00,"93",                                ,"  ",                           65.00,"93",                                ,"  ",                                ,"  ",                                ,"  ",                                ,"  ",                                ,"  ",                                ,                                ,                          162.50,                                ,                          130.00,                                ,                                ,                                ,                                ,                                ,                              ,                              ,                       7562100,                              ,                       3932240,                              ,                              ,                              ,                              ,                              ,"    ",                              ,                              ,                              ,"    ",                              ,                              ,                              ,"    ",                              ,                              ,                              ,"    ",                              ,                              ,                              ,"    ",                              ,                              ,                              ,                         46536,                              ,                      11494340,                       8046040,                              ,                              ,                              ,                              ,                            1.00,"  ",                              ,                              ,                              ,                              ,                              ,                              ,                              ,                              ,                              ,                              ,                              ,"                                      ","  ",                          5047,"12-Oct-2016" 
"4520012","01","53","03","01","01","01","02","02","02","02","01","37","  ","01","01","01","05","05","05",                               ,"1953","    ","    "," ",                          100.00,"84",                                ,"  ",                          100.00,"53",                                ,"  ",                                ,"  ",                                ,"  ",                                ,"  ",                                ,"  ",                                ,"  ",                                ,"  ",                           29.91,                                ,                          130.45,                                ,                                ,                                ,                                ,                                ,                                ,                                ,                         42830,                              ,                        186800,                              ,                              ,                              ,                              ,                              ,                              ,                              ,"CP7 ",                            70,                              ,                              ,"    ",                              ,                              ,                              ,"    ",                              ,                              ,                              ,"    ",                              ,                              ,                              ,"    ",                              ,                              ,                              ,                          1432,                              ,                              ,                              ,                              ,                              ,                              ,                              ,                            1.00,"  ",                            35,                              ,                              ,                              ,                              ,                              ,                              ,                              ,                              ,                              ,                              ,"                                      ","  ",                          2738,"30-Sep-2008" 
"4520015","01","31","03","05","05","01","02","02","02","02","02","50","  ","04","  ","01","05","05","05",                               ,"1984","    ","    "," ",                                ,"  ",                                ,"  ",                          100.00,"31",                                ,"  ",                                ,"  ",                                ,"  ",                                ,"  ",                                ,"  ",                                ,"  ",                                ,"  ",                                ,                                ,                          119.88,                                ,                                ,                                ,                                ,                                ,                                ,                                ,                              ,                              ,                        711130,                              ,                              ,                              ,                              ,                              ,                              ,                              ,"    ",                              ,                              ,                              ,"    ",                              ,                              ,                              ,"    ",                              ,                              ,                              ,"    ",                              ,                              ,                              ,"    ",                              ,                              ,                              ,                          5932,                              ,                              ,                              ,                              ,                              ,                              ,                              ,                            1.00,"  ",                            20,                              ,                              ,                              ,                              ,                              ,                              ,                              ,                              ,                              ,                              ,"                                      ","  ",                          2073,"23-Oct-2001" 
"4520015","02","34","03","01","02","01","02","05","02","02","02","50","  ","99","  ","01","06","06","  ",                               ,"2001","    ","    "," ",                                ,"  ",                                ,"  ",                          100.00,"34",                                ,"  ",                                ,"  ",                                ,"  ",                                ,"  ",                                ,"  ",                                ,"  ",                                ,"  ",                                ,                                ,                           93.75,                                ,                                ,                                ,                                ,                                ,                                ,                                ,                              ,                              ,                       1333220,                              ,                              ,                              ,                              ,                              ,                              ,                              ,"CP7 ",                           693,                              ,                              ,"CP7 ",                           296,                              ,                              ,"SS1 ",                         14221,                              ,                              ,"    ",                              ,                              ,                              ,"    ",                              ,                              ,                              ,                         14221,                              ,                              ,                              ,                              ,                              ,                              ,                              ,                            1.00,"  ",                             5,                              ,                              ,                              ,                              ,                              ,                              ,                              ,                              ,                              ,                              ,"                                      ","  ",                          2074,"23-Oct-2001" 
"4520018","01","52","01","01","01","01","02","02","02","02","01","30","  ","01","01","01","05","05","05",                               ,"1948","    ","    "," ",                           60.00,"84",                                ,"  ",                          100.00,"52",                                ,"  ",                                ,"  ",                                ,"  ",                                ,"  ",                                ,"  ",                                ,"  ",                                ,"  ",                           29.91,                                ,                          151.77,                                ,                                ,                                ,                                ,                                ,                                ,                                ,                         44450,                              ,                        375780,                              ,                              ,                              ,                              ,                              ,                              ,                              ,"    ",                              ,                              ,                              ,"    ",                              ,                              ,                              ,"    ",                              ,                              ,                              ,"    ",                              ,                              ,                              ,"    ",                              ,                              ,                              ,                          2476,                              ,                              ,                              ,                              ,                              ,                              ,                              ,                            1.00,"  ",                            40,                              ,                              ,                              ,                              ,                              ,                              ,                              ,                              ,                              ,                              ,"                                      ","  ",                          2877,"10-Oct-2008" 
"4520020","01","52","03","05","05","01","02","02","02","02","02","40","  ","02","01","01","05","05","05",                               ,"1966","    ","    "," ",                           36.00,"84",                                ,"  ",                          100.00,"52",                                ,"  ",                           98.00,"52",                                ,"  ",                                ,"  ",                                ,"  ",                                ,"  ",                                ,"  ",                           33.23,                                ,                          168.63,                                ,                          134.90,                                ,                                ,                                ,                                ,                                ,                         85330,                              ,                       1203010,                              ,                        943090,                              ,                              ,                              ,                              ,                              ,"    ",                              ,                              ,                              ,"    ",                              ,                              ,                              ,"    ",                              ,                              ,                              ,"    ",                              ,                              ,                              ,"    ",                              ,                              ,                              ,                          7134,                              ,                              ,                              ,                              ,                              ,                              ,                              ,                            1.00,"  ",                            30,                              ,                              ,                              ,                              ,                              ,                              ,                              ,                              ,                              ,                              ,"                                      ","  ",                          4317,"04-Oct-2013" 
"4520030","01","52","03","05","05","01","02","02","02","02","02","40","  ","04","  ","01","05","05","05",                               ,"1975","    ","    "," ",                                ,"  ",                                ,"  ",                          100.00,"52",                                ,"  ",                          100.00,"52",                                ,"  ",                                ,"  ",                                ,"  ",                                ,"  ",                                ,"  ",                                ,                                ,                          168.63,                                ,                          134.90,                                ,                                ,                                ,                                ,                                ,                              ,                              ,                        905040,                              ,                        724010,                              ,                              ,                              ,                              ,                              ,"    ",                              ,                              ,                              ,"    ",                              ,                              ,                              ,"    ",                              ,                              ,                              ,"    ",                              ,                              ,                              ,"    ",                              ,                              ,                              ,                          5367,                              ,                       1539450,                       1077620,                              ,                              ,                              ,                              ,                            1.00,"  ",                            25,                              ,                              ,                              ,                              ,                              ,                              ,                              ,                              ,                              ,                              ,"                                      ","  ",                          6119,"10-Sep-2021" 
"4520040","01","34","01","01","01","01","02","02","01","01","01","33","  ","01","03","01","05","05","05",                               ,"1957","    ","    "," ",                           76.00,"34",                                ,"  ",                          100.00,"34",                                ,"  ",                                ,"  ",                                ,"  ",                                ,"  ",                                ,"  ",                                ,"  ",                                ,"  ",                           63.28,                                ,                           84.38,                                ,                                ,                                ,                                ,                                ,                                ,                                ,                         95050,                              ,                        166730,                              ,                              ,                              ,                              ,                              ,                              ,                              ,"    ",                              ,                              ,                              ,"    ",                              ,                              ,                              ,"    ",                              ,                              ,                              ,"    ",                              ,                              ,                              ,"    ",                              ,                              ,                              ,                          1976,                              ,                              ,                              ,                              ,                              ,                              ,                              ,                            1.00,"  ",                            30,                              ,                              ,                              ,                              ,                              ,                              ,                              ,                              ,                              ,                              ,"                                      ","  ",                          2739,"30-Sep-2008" 
"4520046","01","53","01","01","01","01","02","02","02","02","01","30","  ","01","03","01","03","03","03",                               ,"1961","    ","    "," ",                           80.00,"53",                                ,"  ",                          100.00,"53",                                ,"  ",                           58.00,"53",                           24.00,"11",                                ,"  ",                                ,"  ",                                ,"  ",                                ,"  ",                           97.84,                                ,                          130.45,                                ,                          104.36,                           68.40,                                ,                                ,                                ,                                ,                        280800,                              ,                        468050,                              ,                        217170,                         58890,                              ,                              ,                              ,                              ,"    ",                              ,                              ,                              ,"    ",                              ,                              ,                              ,"    ",                              ,                              ,                              ,"    ",                              ,                              ,                              ,"    ",                              ,                              ,                              ,                          3588,                              ,                        358719,                        251103,                              ,                              ,                              ,                              ,                            1.00,"  ",                            65,                              ,                              ,                              ,                              ,                              ,                              ,                              ,                              ,                              ,                              ,"                                      ","  ",                          5609,"19-Oct-2018" 
"4520054","01","52","01","01","01","01","02","02","02","02","01","40","  ","01","03","01","05","05","05",                               ,"1985","    ","    "," ",                           98.00,"52",                                ,"  ",                          100.00,"52",                                ,"  ",                                ,"  ",                                ,"  ",                                ,"  ",                                ,"  ",                                ,"  ",                                ,"  ",                          113.82,                                ,                          151.77,                                ,                                ,                                ,                                ,                                ,                                ,                                ,                        711150,                              ,                        967690,                              ,                              ,                              ,                              ,                              ,                              ,                              ,"CP7 ",                           397,                              ,                          8830,"    ",                              ,                              ,                              ,"    ",                              ,                              ,                              ,"    ",                              ,                              ,                              ,"    ",                              ,                              ,                              ,                          6376,                              ,                       1063230,                        744260,                              ,                              ,                              ,                              ,                            1.00,"  ",                            50,                              ,                              ,                              ,                              ,                              ,                              ,                              ,                              ,                              ,                              ,"                                      ","  ",                          5062,"17-Oct-2016" 
"4520070","01","53","01","01","01","01","02","02","01","01","01","33","  ","01","03","01","05","05","05",                               ,"1963","    ","    "," ",                           75.00,"86",                           25.00,"53",                          100.00,"53",                                ,"  ",                                ,"  ",                                ,"  ",                                ,"  ",                                ,"  ",                                ,"  ",                                ,"  ",                           29.91,                           97.84,                          130.45,                                ,                                ,                                ,                                ,                                ,                                ,                                ,                         54650,                         59580,                        317780,                              ,                              ,                              ,                              ,                              ,                              ,                              ,"CP7 ",                           200,                              ,                              ,"CP7 ",                            36,                              ,                              ,"    ",                              ,                              ,                              ,"    ",                              ,                              ,                              ,"    ",                              ,                              ,                              ,                          2436,                              ,                              ,                              ,                              ,                              ,                              ,                              ,                            1.00,"  ",                            40,                              ,                              ,                              ,                              ,                              ,                              ,                              ,                              ,                              ,                              ,"                                      ","  ",                          2742,"30-Sep-2008" 
"4520080","01","53","01","01","01","01","02","02","01","02","01","33","  ","01","03","01","05","05","05",                               ,"1920","    ","    "," ",                           75.00,"53",                           25.00,"84",                          100.00,"53",                                ,"  ",                                ,"  ",                                ,"  ",                                ,"  ",                                ,"  ",                                ,"  ",                                ,"  ",                           97.84,                           29.91,                          130.45,                                ,                                ,                                ,                                ,                                ,                                ,                                ,                        150480,                         15340,                        267420,                              ,                              ,                              ,                              ,                              ,                              ,                              ,"    ",                              ,                              ,                              ,"    ",                              ,                              ,                              ,"    ",                              ,                              ,                              ,"    ",                              ,                              ,                              ,"    ",                              ,                              ,                              ,                          2050,                              ,                              ,                              ,                              ,                              ,                              ,                              ,                            1.00,"  ",                            40,                              ,                              ,                              ,                              ,                              ,                              ,                              ,                              ,                              ,                              ,"                                      ","  ",                          2743,"30-Sep-2008" 
"4520084","01","34","03","01","01","01","02","02","02","02","01","33","  ","01","03","01","05","05","05",                               ,"1941","    ","    "," ",                           35.00,"34",                                ,"  ",                          100.00,"34",                                ,"  ",                                ,"  ",                                ,"  ",                                ,"  ",                                ,"  ",                                ,"  ",                                ,"  ",                           63.28,                                ,                           84.38,                                ,                                ,                                ,                                ,                                ,                                ,                                ,                        122950,                              ,                        468480,                              ,                              ,                              ,                              ,                              ,                              ,                              ,"    ",                              ,                              ,                              ,"    ",                              ,                              ,                              ,"    ",                              ,                              ,                              ,"    ",                              ,                              ,                              ,"    ",                              ,                              ,                              ,                          5552,                              ,                              ,                              ,                              ,                              ,                              ,                              ,                            1.00,"  ",                            30,                              ,                              ,                              ,                              ,                              ,                              ,                              ,                              ,                              ,                              ,"                                      ","  ",                          2744,"30-Sep-2008" 
"4520375","01","93","02","05","05","01","02","02","  ","  ","02","43","  ","  ","  ","01","05","05","  ",                               ,"1968","    ","    "," ",                                ,"  ",                                ,"  ",                          100.00,"93",                                ,"  ",                           84.00,"93",                                ,"  ",                                ,"  ",                                ,"  ",                                ,"  ",                                ,"  ",                                ,                                ,                          162.50,                                ,                          130.00,                                ,                                ,                                ,                                ,                                ,                              ,                              ,                      13119280,                              ,                       8816210,                              ,                              ,                              ,                              ,                              ,"    ",                              ,                              ,                              ,"    ",                              ,                              ,                              ,"    ",                              ,                              ,                              ,"    ",                              ,                              ,                              ,"    ",                              ,                              ,                              ,                         80734,                              ,                              ,                              ,                              ,                              ,                              ,                              ,                            1.00,"  ",                            25,                              ,                              ,                              ,                              ,                              ,                              ,                              ,                              ,                              ,                              ,"                                      ","  ",                           680,"13-Feb-2001" 
"4520395","01","53","01","01","01","01","02","02","01","02","01","30","  ","01","03","01","05","05","05",                               ,"1978","    ","    "," ",                           70.00,"53",                                ,"  ",                          100.00,"53",                                ,"  ",                           70.00,"53",                                ,"  ",                                ,"  ",                                ,"  ",                                ,"  ",                                ,"  ",                           97.84,                                ,                          130.45,                                ,                          104.36,                                ,                                ,                                ,                                ,                                ,                        285200,                              ,                        543190,                              ,                        304210,                              ,                              ,                              ,                              ,                              ,"EL1 ",                              ,                             1,                              ,"CP7 ",                           207,                              ,                              ,"    ",                              ,                              ,                              ,"    ",                              ,                              ,                              ,"    ",                              ,                              ,                              ,                          4164,                              ,                              ,                              ,                              ,                              ,                              ,                              ,                            1.00,"  ",                            30,                              ,                              ,                              ,                              ,                              ,                              ,                              ,                              ,                              ,                              ,"                                      ","  ",                          2748,"30-Sep-2008" 
"4520395","02","53","01","01","01","01","02","02","01","01","01","30","  ","01","01","01","05","05","05",                               ,"1974","    ","    "," ",                          100.00,"91",                                ,"  ",                          100.00,"53",                                ,"  ",                                ,"  ",                                ,"  ",                                ,"  ",                                ,"  ",                                ,"  ",                                ,"  ",                           29.91,                                ,                          130.45,                                ,                                ,                                ,                                ,                                ,                                ,                                ,                         80760,                              ,                        352220,                              ,                              ,                              ,                              ,                              ,                              ,                              ,"CP7 ",                           650,                              ,                              ,"    ",                              ,                              ,                              ,"    ",                              ,                              ,                              ,"    ",                              ,                              ,                              ,"    ",                              ,                              ,                              ,                          2700,                              ,                              ,                              ,                              ,                              ,                              ,                              ,                            1.00,"  ",                            30,                              ,                              ,                              ,                              ,                              ,                              ,                              ,                              ,                              ,                              ,"                                      ","  ",                          2749,"30-Sep-2008" 
"4520395","03","34","01","01","01","01","02","05","01","01","01","30","  ","01","02","01","05","05","05",                               ,"1970","    ","    "," ",                           50.00,"91",                           50.00,"86",                          100.00,"34",                                ,"  ",                                ,"  ",                                ,"  ",                                ,"  ",                                ,"  ",                                ,"  ",                                ,"  ",                           29.91,                           29.91,                           84.38,                                ,                                ,                                ,                                ,                                ,                                ,                                ,                         35890,                         35890,                        202510,                              ,                              ,                              ,                              ,                              ,                              ,                              ,"CP6 ",                           244,                              ,                              ,"    ",                              ,                              ,                              ,"    ",                              ,                              ,                              ,"    ",                              ,                              ,                              ,"    ",                              ,                              ,                              ,                          2400,                              ,                              ,                              ,                              ,                              ,                              ,                              ,                            1.00,"  ",                            30,                              ,                              ,                              ,                              ,                              ,                              ,                              ,                              ,                              ,                              ,"                                      ","  ",                          2750,"30-Sep-2008" 
"4520395","04","34","01","01","01","01","02","05","01","01","01","30","  ","01","01","01","05","05","05",                               ,"1972","    ","    "," ",                          100.00,"86",                                ,"  ",                          100.00,"34",                                ,"  ",                                ,"  ",                                ,"  ",                                ,"  ",                                ,"  ",                                ,"  ",                                ,"  ",                           29.91,                                ,                           84.38,                                ,                                ,                                ,                                ,                                ,                                ,                                ,                         47860,                              ,                        135010,                              ,                              ,                              ,                              ,                              ,                              ,                              ,"CP6 ",                           448,                              ,                              ,"CP6 ",                           154,                              ,                              ,"    ",                              ,                              ,                              ,"    ",                              ,                              ,                              ,"    ",                              ,                              ,                              ,                          1600,                              ,                              ,                              ,                              ,                              ,                              ,                              ,                            1.00,"  ",                            30,                              ,                              ,                              ,                              ,                              ,                              ,                              ,                              ,                              ,                              ,"                                      ","  ",                          2751,"30-Sep-2008" 
"4520427","01","51","01","01","01","01","02","02","02","02","01","47","99","99","  ","01","05","05","05",                               ,"2009","    ","    "," ",                                ,"  ",                                ,"  ",                          100.00,"51",                                ,"  ",                                ,"  ",                                ,"  ",                                ,"  ",                                ,"  ",                                ,"  ",                                ,"  ",                                ,                                ,                           84.38,                                ,                                ,                                ,                                ,                                ,                                ,                                ,                              ,                              ,                        210950,                              ,                              ,                              ,                              ,                              ,                              ,                              ,"OP1 ",                           450,                              ,                              ,"    ",                              ,                              ,                              ,"    ",                              ,                              ,                              ,"    ",                              ,                              ,                              ,"    ",                              ,                              ,                              ,                          2500,                              ,                              ,                              ,                              ,                              ,                              ,                              ,                            1.00,"  ",                              ,                              ,                              ,                              ,                              ,                              ,                              ,                              ,                              ,                              ,                              ,"                                      ","  ",                          3154,"17-Feb-2010" 
"4520427","02","34","01","01","01","01","02","05","02","02","01","33","99","99","  ","01","05","05","05",                               ,"2008","    ","    "," ",                          100.00,"84",                                ,"  ",                          100.00,"34",                                ,"  ",                                ,"  ",                                ,"  ",                                ,"  ",                                ,"  ",                                ,"  ",                                ,"  ",                           29.91,                                ,                           84.38,                                ,                                ,                                ,                                ,                                ,                                ,                                ,                        149550,                              ,                        421900,                              ,                              ,                              ,                              ,                              ,                              ,                              ,"OP1 ",                           500,                             1,                              ,"    ",                              ,                              ,                              ,"    ",                              ,                              ,                              ,"    ",                              ,                              ,                              ,"    ",                              ,                              ,                              ,                          5000,                              ,                              ,                              ,                              ,                              ,                              ,                              ,                            1.00,"  ",                             5,                              ,                              ,                              ,                              ,                              ,                              ,                              ,                              ,                              ,                              ,"                                      ","  ",                          2780,"30-Sep-2008" 
"4520441","01","38","03","01","01","01","02","05","02","01","01","37","  ","  ","  ","01","05","05","05",                               ,"1989","    ","    "," ",                                ,"  ",                                ,"  ",                          100.00,"38",                                ,"  ",                                ,"  ",                                ,"  ",                                ,"  ",                                ,"  ",                                ,"  ",                                ,"  ",                                ,                                ,                          113.74,                                ,                                ,                                ,                                ,                                ,                                ,                                ,                              ,                              ,                        196880,                              ,                              ,                              ,                              ,                              ,                              ,                              ,"CP8 ",                          1400,                              ,                         49000,"    ",                              ,                              ,                              ,"    ",                              ,                              ,                              ,"    ",                              ,                              ,                              ,"    ",                              ,                              ,                              ,                          1731,                              ,                        172608,                        120826,                              ,                              ,                              ,                              ,                            1.00,"  ",                            40,                              ,                              ,                              ,                              ,                              ,                              ,                              ,                              ,                              ,                              ,"                                      ","  ",                          5611,"19-Oct-2018" 
"4520488","01","44","05","01","01","01","05","01","02","02","01","30","  ","99","  ","  ","  ","  ","  ",                               ,"2009","    ","    "," ",                                ,"  ",                                ,"  ",                          100.00,"44",                                ,"  ",                                ,"  ",                                ,"  ",                                ,"  ",                                ,"  ",                                ,"  ",                                ,"  ",                                ,                                ,                           52.93,                                ,                                ,                                ,                                ,                                ,                                ,                                ,                              ,                              ,                        100360,                              ,                              ,                              ,                              ,                              ,                              ,                              ,"CP5 ",                           234,                              ,                          2870,"    ",                              ,                              ,                              ,"    ",                              ,                              ,                              ,"    ",                              ,                              ,                              ,"    ",                              ,                              ,                              ,                          1896,                              ,                         87750,                         61430,                              ,                              ,                              ,                              ,                            1.00,"  ",                            15,                              ,                              ,                              ,                              ,                              ,                              ,                              ,                              ,                              ,                              ,"                                      ","  ",                          5932,"18-Aug-2020" 
"4520490","01","70","02","01","01","01","05","01","  ","  ","01","40","03","02","03","01","05","05","  ",                               ,"1963","    ","    "," ",                           30.00,"86",                                ,"  ",                           40.00,"70",                           60.00,"82",                                ,"  ",                                ,"  ",                                ,"  ",                                ,"  ",                                ,"  ",                                ,"  ",                           29.91,                                ,                           84.49,                          118.52,                                ,                                ,                                ,                                ,                                ,                                ,                         37450,                              ,                        141010,                        296770,                              ,                              ,                              ,                              ,                              ,                              ,"    ",                              ,                              ,                              ,"    ",                              ,                              ,                              ,"    ",                              ,                              ,                              ,"    ",                              ,                              ,                              ,"    ",                              ,                              ,                              ,                          4173,                              ,                              ,                              ,                              ,                              ,                              ,                              ,                            1.00,"  ",                            15,                              ,                              ,                              ,                              ,                              ,                              ,                              ,                              ,                              ,                              ,"                                      ","  ",                          2783,"30-Sep-2008" 
"4520510","01","93","02","05","05","01","02","02","02","02","02","50","  ","  ","  ","01","06","06","  ",                               ,"1956","    ","    "," ",                                ,"  ",                                ,"  ",                          100.00,"93",                                ,"  ",                           33.60,"93",                                ,"  ",                                ,"  ",                                ,"  ",                                ,"  ",                                ,"  ",                                ,                                ,                          162.50,                                ,                          108.33,                                ,                                ,                                ,                                ,                                ,                              ,                              ,                      27765080,                              ,                       6219230,                              ,                              ,                              ,                              ,                              ,"    ",                              ,                              ,                              ,"    ",                              ,                              ,                              ,"    ",                              ,                              ,                              ,"    ",                              ,                              ,                              ,"    ",                              ,                              ,                              ,                        170862,                              ,                              ,                              ,                              ,                              ,                              ,                              ,                            1.00,"  ",                            10,                              ,                              ,                              ,                              ,                              ,                              ,                              ,                              ,                              ,                              ,"                                      ","  ",                          3340,"28-Jul-2011" 
"4520590","01","53","  ","  ","  ","  ","  ","  ","  ","  ","01","43","  ","  ","  ","  ","  ","  ","  ",                               ,"1981","    ","    "," ",                                ,"  ",                                ,"  ",                          100.00,"53",                                ,"  ",                           16.00,"53",                                ,"  ",                                ,"  ",                                ,"  ",                                ,"  ",                                ,"  ",                                ,                                ,                          130.45,                                ,                          104.36,                                ,                                ,                                ,                                ,                                ,                              ,                              ,                       7327120,                              ,                        937880,                              ,                              ,                              ,                              ,                              ,"2SA ",                         10792,                              ,                              ,"EL1 ",                              ,                             1,                              ,"    ",                              ,                              ,                              ,"    ",                              ,                              ,                              ,"    ",                              ,                              ,                              ,                         56168,                              ,                              ,                              ,                              ,                              ,                              ,                              ,                            1.00,"  ",                            20,                              ,                              ,                              ,                              ,                              ,                              ,                              ,                              ,                              ,                              ,"                                      ","  ",                          2784,"30-Sep-2008" 
"4520635","01","93","03","01","01","01","02","02","02","02","01","60","  ","99","  ","01","06","06","  ",                               ,"    ","    ","    "," ",                                ,"  ",                                ,"  ",                          100.00,"93",                                ,"  ",                                ,"  ",                                ,"  ",                                ,"  ",                                ,"  ",                                ,"  ",                                ,"  ",                                ,                                ,                          146.25,                                ,                                ,                                ,                                ,                                ,                                ,                                ,                              ,                              ,                       1228500,                              ,                              ,                              ,                              ,                              ,                              ,                              ,"    ",                              ,                              ,                              ,"    ",                              ,                              ,                              ,"    ",                              ,                              ,                              ,"    ",                              ,                              ,                              ,"    ",                              ,                              ,                              ,                          8400,                              ,                              ,                              ,                              ,                              ,                              ,                              ,                            1.00,"  ",                            15,                              ,                              ,                              ,                              ,                              ,                              ,                              ,                              ,                              ,                              ,"                                      ","  ",                          1470,"03-Apr-2001" 
"4520652","01","54","02","01","01","01","02","02","01","01","02","37","  ","02","02","01","05","05","05",                               ,"1965","    ","    "," ",                           28.00,"84",                           38.00,"86",                          100.00,"54",                                ,"  ",                                ,"  ",                                ,"  ",                                ,"  ",                                ,"  ",                                ,"  ",                                ,"  ",                           33.23,                           33.23,                          134.81,                                ,                                ,                                ,                                ,                                ,                                ,                                ,                        304420,                        413120,                       4410580,                              ,                              ,                              ,                              ,                              ,                              ,                              ,"AC1 ",                         45150,                              ,                              ,"EL1 ",                              ,                             1,                              ,"SS1 ",                         18872,                              ,                              ,"    ",                              ,                              ,                              ,"    ",                              ,                              ,                              ,                         32717,                              ,                              ,                              ,                              ,                              ,                              ,                              ,                            1.00,"  ",                            33,                              ,                              ,                              ,                              ,                              ,                              ,                              ,                              ,                              ,                              ,"                                      ","  ",                          4805,"10-Dec-2014" 
"4520867","01","92","02","01","01","01","02","02","  ","  ","01","47","  ","01","03","01","05","05","  ",                               ,"1970","    ","    "," ",                           90.00,"53",                                ,"  ",                          100.00,"92",                                ,"  ",                           50.00,"92",                                ,"  ",                                ,"  ",                                ,"  ",                                ,"  ",                                ,"  ",                           97.84,                                ,                          146.25,                                ,                          117.00,                                ,                                ,                                ,                                ,                                ,                        480690,                              ,                        798380,                              ,                        319410,                              ,                              ,                              ,                              ,                              ,"    ",                              ,                              ,                              ,"    ",                              ,                              ,                              ,"    ",                              ,                              ,                              ,"    ",                              ,                              ,                              ,"    ",                              ,                              ,                              ,                          5459,                              ,                              ,                              ,                              ,                              ,                              ,                              ,                            1.00,"  ",                            20,                              ,                              ,                              ,                              ,                              ,                              ,                              ,                              ,                              ,                              ,"                                      ","  ",                          2786,"30-Sep-2008" 
"4540005","01","46","05","04","01","01","02","05","02","02","02","30","99","02","01","01","05","05","05",                               ,"1926","    ","    "," ",                            8.00,"91",                                ,"  ",                           26.00,"46",                           74.00,"47",                                ,"  ",                                ,"  ",                                ,"  ",                                ,"  ",                                ,"  ",                                ,"  ",                           33.23,                                ,                          104.56,                           78.88,                                ,                                ,                                ,                                ,                                ,                                ,                         50910,                              ,                        520500,                       1117570,                              ,                              ,                              ,                              ,                              ,                              ,"    ",                              ,                              ,                              ,"    ",                              ,                              ,                              ,"    ",                              ,                              ,                              ,"    ",                              ,                              ,                              ,"    ",                              ,                              ,                              ,                         19146,                              ,                              ,                              ,                              ,                              ,                              ,                              ,                            1.00,"  ",                            35,                              ,                              ,                              ,                              ,                              ,                              ,                              ,                              ,                              ,                              ,"                                      ","  ",                          3188,"22-Nov-2010" 
"4540006","01","92","01","01","01","03","01","03","01","02","01","53","  ","01","03","01","05","05","  ",                               ,"    ","    ","    "," ",                           28.00,"86",                                ,"  ",                          100.00,"92",                                ,"  ",                           77.00,"92",                                ,"  ",                                ,"  ",                                ,"  ",                                ,"  ",                                ,"  ",                           29.91,                                ,                          146.25,                                ,                          117.00,                                ,                                ,                                ,                                ,                                ,                         72620,                              ,                       1267990,                              ,                        781090,                              ,                              ,                              ,                              ,                              ,"OP1 ",                           152,                              ,                          6540,"OP1 ",                           152,                              ,                          6540,"EL1 ",                              ,                             1,                         50000,"    ",                              ,                              ,                              ,"    ",                              ,                              ,                              ,                          8670,                              ,                       2371580,                       1660110,                              ,                              ,                              ,                              ,                            1.00,"  ",                            35,                              ,                              ,                              ,                              ,                              ,                              ,                              ,                              ,                              ,                              ,"                                      ","  ",                          5856,"12-Feb-2020" 
"4540011","01","53","01","01","01","01","02","02","01","01","01","37","99","01","01","01","05","05","05",                               ,"1890","    ","    "," ",                           63.00,"91",                                ,"  ",                          100.00,"53",                                ,"  ",                           63.00,"53",                                ,"  ",                                ,"  ",                                ,"  ",                                ,"  ",                                ,"  ",                           29.91,                                ,                          130.45,                                ,                          104.36,                                ,                                ,                                ,                                ,                                ,                         20190,                              ,                        139840,                              ,                         70440,                              ,                              ,                              ,                              ,                              ,"    ",                              ,                              ,                              ,"    ",                              ,                              ,                              ,"    ",                              ,                              ,                              ,"    ",                              ,                              ,                              ,"    ",                              ,                              ,                              ,                          1072,                              ,                              ,                              ,                              ,                              ,                              ,                              ,                            1.00,"  ",                            30,                              ,                              ,                              ,                              ,                              ,                              ,                              ,                              ,                              ,                              ,"                                      ","  ",                          7437,"19-Oct-1999" 
"4540012","01","81","01","01","01","03","01","02","01","02","01","30","  ","01","01","  ","03","03","03",                               ,"1830","    ","    "," ",                           75.00,"91",                                ,"  ",                          100.00,"53",                                ,"  ",                           75.00,"11",                                ,"  ",                           75.00,"11",                                ,"  ",                                ,"  ",                                ,"  ",                           29.91,                                ,                          130.45,                                ,                           68.40,                                ,                           68.40,                                ,                                ,                                ,                         48010,                              ,                        279160,                              ,                        109780,                              ,                        109780,                              ,                              ,                              ,"    ",                              ,                              ,                              ,"    ",                              ,                              ,                              ,"    ",                              ,                              ,                              ,"    ",                              ,                              ,                              ,"    ",                              ,                              ,                              ,                          2140,                              ,                        273370,                        191360,                              ,                              ,                              ,                              ,                            1.00,"  ",                            50,                              ,                              ,                              ,                              ,                              ,                              ,                              ,                              ,                              ,                              ,"                                      ","  ",                          5425,"17-Oct-2018" 
"4540014","01","53","01","01","01","03","02","02","01","01","01","33","  ","01","01","01","05","05","05",                               ,"1884","    ","    "," ",                           40.00,"91",                                ,"  ",                          100.00,"53",                                ,"  ",                           93.50,"53",                                ,"  ",                                ,"  ",                                ,"  ",                                ,"  ",                                ,"  ",                           29.91,                                ,                          130.45,                                ,                          104.36,                                ,                                ,                                ,                                ,                                ,                         18600,                              ,                        202980,                              ,                        151840,                              ,                              ,                              ,                              ,                              ,"    ",                              ,                              ,                              ,"    ",                              ,                              ,                              ,"    ",                              ,                              ,                              ,"    ",                              ,                              ,                              ,"    ",                              ,                              ,                              ,                          1556,                              ,                              ,                              ,                              ,                              ,                              ,                              ,                            1.00,"  ",                            35,                              ,                              ,                              ,                              ,                              ,                              ,                              ,                              ,                              ,                              ,"                                      ","  ",                           648,"24-Sep-2003" 
"4540016","01","34","01","01","01","03","01","02","01","01","01","33","  ","01","01","  ","03","03","03",                               ,"1900","    ","    "," ",                           95.00,"91",                                ,"  ",                          100.00,"34",                                ,"  ",                           75.00,"34",                                ,"  ",                                ,"  ",                                ,"  ",                                ,"  ",                                ,"  ",                           29.91,                                ,                           84.38,                                ,                           67.50,                                ,                                ,                                ,                                ,                                ,                         42950,                              ,                        127580,                              ,                         76550,                              ,                              ,                              ,                              ,                              ,"    ",                              ,                              ,                              ,"    ",                              ,                              ,                              ,"    ",                              ,                              ,                              ,"    ",                              ,                              ,                              ,"    ",                              ,                              ,                              ,                          1512,                              ,                              ,                              ,                              ,                              ,                              ,                              ,                            1.00,"  ",                            30,                              ,                              ,                              ,                              ,                              ,                              ,                              ,                              ,                              ,                              ,"                                      ","  ",                          4735,"20-Aug-2014" 
"4540017","01","53","02","01","01","01","01","02","02","02","01","37","99","01","  ","01","05","05","05",                               ,"1932","    ","    "," ",                           90.00,"86",                                ,"  ",                          100.00,"53",                                ,"  ",                                ,"  ",                                ,"  ",                                ,"  ",                                ,"  ",                                ,"  ",                                ,"  ",                           29.91,                                ,                          130.45,                                ,                                ,                                ,                                ,                                ,                                ,                                ,                         75250,                              ,                        364740,                              ,                              ,                              ,                              ,                              ,                              ,                              ,"CP7 ",                           112,                              ,                              ,"    ",                              ,                              ,                              ,"    ",                              ,                              ,                              ,"    ",                              ,                              ,                              ,"    ",                              ,                              ,                              ,                          2796,                              ,                              ,                              ,                              ,                              ,                              ,                              ,                            1.00,"  ",                            35,                              ,                              ,                              ,                              ,                              ,                              ,                              ,                              ,                              ,                              ,"                                      ","  ",                          4418,"11-Dec-2013" 
"4540020","01","34","01","01","01","03","01","02","01","01","01","30","  ","01","01","01","03","03","03",                               ,"1825","    ","    "," ",                           36.00,"91",                                ,"  ",                          100.00,"34",                                ,"  ",                           56.00,"53",                                ,"  ",                                ,"  ",                                ,"  ",                                ,"  ",                                ,"  ",                           29.91,                                ,                           84.38,                                ,                          104.36,                                ,                                ,                                ,                                ,                                ,                         19650,                              ,                        153990,                              ,                        106660,                              ,                              ,                              ,                              ,                              ,"    ",                              ,                              ,                              ,"    ",                              ,                              ,                              ,"    ",                              ,                              ,                              ,"    ",                              ,                              ,                              ,"    ",                              ,                              ,                              ,                          1825,                              ,                              ,                              ,                              ,                              ,                              ,                              ,                            1.00,"  ",                            35,                              ,                              ,                              ,                              ,                              ,                              ,                              ,                              ,                              ,                              ,"                                      ","  ",                           652,"24-Sep-2003" 
"4540026","01","31","01","01","01","01","01","02","02","02","01","37","  ","04","  ","01","05","05","05",                               ,"1994","    ","    "," ",                                ,"  ",                                ,"  ",                          100.00,"31",                                ,"  ",                           13.00,"53",                                ,"  ",                            7.00,"86",                                ,"  ",                                ,"  ",                                ,"  ",                                ,                                ,                          107.89,                                ,                          112.37,                                ,                           31.92,                                ,                                ,                                ,                              ,                              ,                        908870,                              ,                        123050,                              ,                         18830,                              ,                              ,                              ,"    ",                              ,                              ,                              ,"    ",                              ,                              ,                              ,"    ",                              ,                              ,                              ,"    ",                              ,                              ,                              ,"    ",                              ,                              ,                              ,                          8424,                              ,                              ,                              ,                              ,                              ,                              ,                              ,                            1.00,"  ",                            30,                              ,                              ,                              ,                              ,                              ,                              ,                              ,                              ,                              ,                              ,"                                      ","  ",                          4794,"10-Dec-2014" 
"4540029","01","55","01","01","01","03","01","02","01","02","01","  ","  ","  ","  ","01","05","05","05",                               ,"1900","    ","    "," ",                                ,"  ",                                ,"  ",                          100.00,"55",                                ,"  ",                                ,"  ",                                ,"  ",                                ,"  ",                                ,"  ",                                ,"  ",                                ,"  ",                                ,                                ,                          115.00,                                ,                                ,                                ,                                ,                                ,                                ,                                ,                              ,                              ,                        285780,                              ,                              ,                              ,                              ,                              ,                              ,                              ,"    ",                              ,                              ,                              ,"    ",                              ,                              ,                              ,"    ",                              ,                              ,                              ,"    ",                              ,                              ,                              ,"    ",                              ,                              ,                              ,                          2485,                              ,                        285780,                        200050,                              ,                              ,                              ,                              ,                            1.00,"  ",                              ,                              ,                              ,                              ,                              ,                              ,                              ,                              ,                              ,                              ,                              ,"                                      ","  ",                          5591,"19-Oct-2018" 
"4540037","01","53","01","01","01","03","02","01","01","01","01","30","  ","01","01","01","03","03","03",                               ,"1800","    ","    "," ",                           75.00,"91",                                ,"  ",                          100.00,"53",                                ,"  ",                           82.00,"53",                                ,"  ",                                ,"  ",                                ,"  ",                                ,"  ",                                ,"  ",                           29.91,                                ,                          130.45,                                ,                          104.36,                                ,                                ,                                ,                                ,                                ,                         36970,                              ,                        214980,                              ,                        140990,                              ,                              ,                              ,                              ,                              ,"    ",                              ,                              ,                              ,"    ",                              ,                              ,                              ,"    ",                              ,                              ,                              ,"    ",                              ,                              ,                              ,"    ",                              ,                              ,                              ,                          1648,                              ,                              ,                              ,                              ,                              ,                              ,                              ,                            1.00,"  ",                            35,                              ,                              ,                              ,                              ,                              ,                              ,                              ,                              ,                              ,                              ,"                                      ","  ",                          2631,"24-Sep-2008" 
"4540043","01","55","01","01","01","01","02","02","02","02","01","  ","  ","  ","  ","01","05","05","05",                               ,"1983","    ","    "," ",                                ,"  ",                                ,"  ",                          100.00,"55",                                ,"  ",                                ,"  ",                                ,"  ",                                ,"  ",                                ,"  ",                                ,"  ",                                ,"  ",                                ,                                ,                          115.00,                                ,                                ,                                ,                                ,                                ,                                ,                                ,                              ,                              ,                        525320,                              ,                              ,                              ,                              ,                              ,                              ,                              ,"    ",                              ,                              ,                              ,"    ",                              ,                              ,                              ,"    ",                              ,                              ,                              ,"    ",                              ,                              ,                              ,"    ",                              ,                              ,                              ,                          4568,                              ,                        525320,                        367720,                              ,                              ,                              ,                              ,                            1.00,"  ",                              ,                              ,                              ,                              ,                              ,                              ,                              ,                              ,                              ,                              ,                              ,"                                      ","  ",                          5601,"19-Oct-2018" 
"4540045","01","55","01","01","01","01","02","02","02","02","01","  ","  ","  ","  ","01","05","05","05",                               ,"1983","    ","    "," ",                                ,"  ",                                ,"  ",                          100.00,"55",                                ,"  ",                                ,"  ",                                ,"  ",                                ,"  ",                                ,"  ",                                ,"  ",                                ,"  ",                                ,                                ,                          115.00,                                ,                                ,                                ,                                ,                                ,                                ,                                ,                              ,                              ,                        469200,                              ,                              ,                              ,                              ,                              ,                              ,                              ,"    ",                              ,                              ,                              ,"    ",                              ,                              ,                              ,"    ",                              ,                              ,                              ,"    ",                              ,                              ,                              ,"    ",                              ,                              ,                              ,                          4080,                              ,                        469200,                        328440,                              ,                              ,                              ,                              ,                            1.00,"  ",                              ,                              ,                              ,                              ,                              ,                              ,                              ,                              ,                              ,                              ,                              ,"                                      ","  ",                          5603,"19-Oct-2018" 
"4540047","01","55","01","01","01","01","02","02","02","02","01","  ","  ","  ","  ","01","05","05","05",                               ,"1983","    ","    "," ",                                ,"  ",                                ,"  ",                          100.00,"55",                                ,"  ",                                ,"  ",                                ,"  ",                                ,"  ",                                ,"  ",                                ,"  ",                                ,"  ",                                ,                                ,                          115.00,                                ,                                ,                                ,                                ,                                ,                                ,                                ,                              ,                              ,                        535440,                              ,                              ,                              ,                              ,                              ,                              ,                              ,"    ",                              ,                              ,                              ,"    ",                              ,                              ,                              ,"    ",                              ,                              ,                              ,"    ",                              ,                              ,                              ,"    ",                              ,                              ,                              ,                          4656,                              ,                        535440,                        374810,                              ,                              ,                              ,                              ,                            1.00,"  ",                              ,                              ,                              ,                              ,                              ,                              ,                              ,                              ,                              ,                              ,                              ,"                                      ","  ",                          5605,"19-Oct-2018" 
"4540049","01","55","01","01","01","01","02","02","02","02","01","  ","  ","  ","  ","01","05","05","05",                               ,"1983","    ","    "," ",                                ,"  ",                                ,"  ",                          100.00,"55",                                ,"  ",                                ,"  ",                                ,"  ",                                ,"  ",                                ,"  ",                                ,"  ",                                ,"  ",                                ,                                ,                          115.00,                                ,                                ,                                ,                                ,                                ,                                ,                                ,                              ,                              ,                        608580,                              ,                              ,                              ,                              ,                              ,                              ,                              ,"    ",                              ,                              ,                              ,"    ",                              ,                              ,                              ,"    ",                              ,                              ,                              ,"    ",                              ,                              ,                              ,"    ",                              ,                              ,                              ,                          5292,                              ,                        608580,                        426010,                              ,                              ,                              ,                              ,                            1.00,"  ",                              ,                              ,                              ,                              ,                              ,                              ,                              ,                              ,                              ,                              ,                              ,"                                      ","  ",                          5607,"19-Oct-2018" 
"4540060","01","53","13","06","01","03","02","02","02","02","01","33","  ","02","03","01","04","04","  ",                               ,"1890","    ","    "," ",                           75.00,"86",                                ,"  ",                          100.00,"53",                                ,"  ",                                ,"  ",                                ,"  ",                                ,"  ",                                ,"  ",                                ,"  ",                                ,"  ",                           29.91,                                ,                          130.45,                                ,                                ,                                ,                                ,                                ,                                ,                                ,                        103640,                              ,                        602680,                              ,                              ,                              ,                              ,                              ,                              ,                              ,"AC1 ",                          3466,                              ,                              ,"    ",                              ,                              ,                              ,"    ",                              ,                              ,                              ,"    ",                              ,                              ,                              ,"    ",                              ,                              ,                              ,                          4620,                              ,                              ,                              ,                              ,                              ,                              ,                              ,                            1.00,"  ",                            30,                              ,                              ,                              ,                              ,                              ,                              ,                              ,                              ,                              ,                              ,"                                      ","  ",                           882,"20-Feb-2001" 
"4540060","02","53","04","06","01","03","02","02","02","02","01","43","  ","99","  ","01","05","05","  ",                               ,"1910","    ","    "," ",                                ,"  ",                                ,"  ",                          100.00,"53",                                ,"  ",                                ,"  ",                                ,"  ",                                ,"  ",                                ,"  ",                                ,"  ",                                ,"  ",                                ,                                ,                          130.45,                                ,                                ,                                ,                                ,                                ,                                ,                                ,                              ,                              ,                        242120,                              ,                              ,                              ,                              ,                              ,                              ,                              ,"    ",                              ,                              ,                              ,"    ",                              ,                              ,                              ,"    ",                              ,                              ,                              ,"    ",                              ,                              ,                              ,"    ",                              ,                              ,                              ,                          1856,                              ,                              ,                              ,                              ,                              ,                              ,                              ,                            1.00,"  ",                            15,                              ,                              ,                              ,                              ,                              ,                              ,                              ,                              ,                              ,                              ,"                                      ","  ",                           883,"20-Feb-2001" 
"4540060","03","53","13","06","01","03","02","02","02","02","01","43","  ","  ","  ","01","04","04","  ",                               ,"1890","    ","    "," ",                                ,"  ",                                ,"  ",                          100.00,"53",                                ,"  ",                                ,"  ",                                ,"  ",                                ,"  ",                                ,"  ",                                ,"  ",                                ,"  ",                                ,                                ,                          130.45,                                ,                                ,                                ,                                ,                                ,                                ,                                ,                              ,                              ,                        701560,                              ,                              ,                              ,                              ,                              ,                              ,                              ,"    ",                              ,                              ,                              ,"    ",                              ,                              ,                              ,"    ",                              ,                              ,                              ,"    ",                              ,                              ,                              ,"    ",                              ,                              ,                              ,                          5378,                              ,                              ,                              ,                              ,                              ,                              ,                              ,                            1.00,"  ",                            15,                              ,                              ,                              ,                              ,                              ,                              ,                              ,                              ,                              ,                              ,"                                      ","  ",                           884,"20-Feb-2001" 
"4540060","04","53","13","06","01","03","02","02","02","02","01","40","  ","  ","  ","01","04","04","  ",                               ,"1890","    ","    "," ",                                ,"  ",                                ,"  ",                          100.00,"53",                                ,"  ",                                ,"  ",                                ,"  ",                                ,"  ",                                ,"  ",                                ,"  ",                                ,"  ",                                ,                                ,                          130.45,                                ,                                ,                                ,                                ,                                ,                                ,                                ,                              ,                              ,                        554280,                              ,                              ,                              ,                              ,                              ,                              ,                              ,"    ",                              ,                              ,                              ,"    ",                              ,                              ,                              ,"    ",                              ,                              ,                              ,"    ",                              ,                              ,                              ,"    ",                              ,                              ,                              ,                          4249,                              ,                              ,                              ,                              ,                              ,                              ,                              ,                            1.00,"  ",                            15,                              ,                              ,                              ,                              ,                              ,                              ,                              ,                              ,                              ,                              ,"                                      ","  ",                           885,"20-Feb-2001" 
"4540060","05","53","13","06","01","03","02","02","02","02","01","33","  ","02","  ","01","04","04","  ",                               ,"1890","    ","    "," ",                           37.00,"86",                                ,"  ",                          100.00,"53",                                ,"  ",                          100.00,"53",                                ,"  ",                                ,"  ",                                ,"  ",                                ,"  ",                                ,"  ",                           29.91,                                ,                          130.45,                                ,                          104.36,                                ,                                ,                                ,                                ,                                ,                         80280,                              ,                        946410,                              ,                        757130,                              ,                              ,                              ,                              ,                              ,"EL1 ",                              ,                             1,                              ,"SS1 ",                         17215,                              ,                              ,"    ",                              ,                              ,                              ,"    ",                              ,                              ,                              ,"    ",                              ,                              ,                              ,                          7255,                              ,                              ,                              ,                              ,                              ,                              ,                              ,                            1.00,"  ",                            20,                              ,                              ,                              ,                              ,                              ,                              ,                              ,                              ,                              ,                              ,"                                      ","  ",                          2972,"23-Oct-2008" 
"4540060","06","53","13","06","01","03","02","02","02","02","01","33","  ","  ","  ","01","04","04","  ",                               ,"1890","    ","    "," ",                                ,"  ",                                ,"  ",                          100.00,"53",                                ,"  ",                                ,"  ",                                ,"  ",                                ,"  ",                                ,"  ",                                ,"  ",                                ,"  ",                                ,                                ,                          130.45,                                ,                                ,                                ,                                ,                                ,                                ,                                ,                              ,                              ,                        218500,                              ,                              ,                              ,                              ,                              ,                              ,                              ,"    ",                              ,                              ,                              ,"    ",                              ,                              ,                              ,"    ",                              ,                              ,                              ,"    ",                              ,                              ,                              ,"    ",                              ,                              ,                              ,                          1675,                              ,                              ,                              ,                              ,                              ,                              ,                              ,                            1.00,"  ",                            50,                              ,                              ,                              ,                              ,                              ,                              ,                              ,                              ,                              ,                              ,"                                      ","  ",                           889,"20-Feb-2001" 
"4540112","01","53","01","01","01","03","01","02","01","02","01","33","  ","01","01","01","05","04","05",                               ,"1850","    ","    "," ",                           62.00,"84",                                ,"  ",                          100.00,"53",                                ,"  ",                           62.00,"82",                                ,"  ",                                ,"  ",                                ,"  ",                                ,"  ",                                ,"  ",                           24.12,                                ,                          130.45,                                ,                          100.00,                                ,                                ,                                ,                                ,                                ,                         19680,                              ,                        171670,                              ,                         81600,                              ,                              ,                              ,                              ,                              ,"    ",                              ,                              ,                              ,"    ",                              ,                              ,                              ,"    ",                              ,                              ,                              ,"    ",                              ,                              ,                              ,"    ",                              ,                              ,                              ,                          1316,                              ,                              ,                              ,                              ,                              ,                              ,                              ,                            1.00,"  ",                            40,                              ,                              ,                              ,                              ,                              ,                              ,                              ,                              ,                              ,                              ,"                                      ","  ",                          4736,"20-Aug-2014" 
"4540156","01","11","03","01","01","01","02","02","05","03","01","30","  ","01","01","  ","04","04","04",                               ,"1965","    ","    "," ",                          100.00,"91",                                ,"  ",                          100.00,"11",                                ,"  ",                          100.00,"11",                                ,"  ",                                ,"  ",                                ,"  ",                                ,"  ",                                ,"  ",                           29.91,                                ,                           85.50,                                ,                           68.40,                                ,                                ,                                ,                                ,                                ,                        714850,                              ,                       2043450,                              ,                       1634760,                              ,                              ,                              ,                              ,                              ,"    ",                              ,                              ,                              ,"    ",                              ,                              ,                              ,"    ",                              ,                              ,                              ,"    ",                              ,                              ,                              ,"    ",                              ,                              ,                              ,                         23900,                              ,                              ,                              ,                              ,                              ,                              ,                              ,                            1.00,"  ",                            40,                              ,                              ,                              ,                              ,                              ,                              ,                              ,                              ,                              ,                              ,"                                      ","  ",                          2632,"24-Sep-2008" 
"4540166","01","53","01","01","01","01","02","02","02","02","01","30","  ","01","01","01","05","05","05",                               ,"1988","    ","    "," ",                          100.00,"84",                                ,"  ",                          100.00,"53",                                ,"  ",                           60.00,"53",                                ,"  ",                                ,"  ",                                ,"  ",                                ,"  ",                                ,"  ",                           29.91,                                ,                          130.45,                                ,                          104.36,                                ,                                ,                                ,                                ,                                ,                         90900,                              ,                        396440,                              ,                        190250,                              ,                              ,                              ,                              ,                              ,"    ",                              ,                              ,                              ,"    ",                              ,                              ,                              ,"    ",                              ,                              ,                              ,"    ",                              ,                              ,                              ,"    ",                              ,                              ,                              ,                          3039,                              ,                              ,                              ,                              ,                              ,                              ,                              ,                            1.00,"  ",                            35,                              ,                              ,                              ,                              ,                              ,                              ,                              ,                              ,                              ,                              ,"                                      ","  ",                          2633,"24-Sep-2008" 
"4540172","01","53","03","01","01","01","02","02","02","02","01","33","  ","01","02","01","05","05","05",                               ,"1986","    ","    "," ",                           35.00,"84",                           65.00,"53",                          100.00,"53",                                ,"  ",                          100.00,"53",                                ,"  ",                                ,"  ",                                ,"  ",                                ,"  ",                                ,"  ",                           29.91,                           97.84,                          130.45,                                ,                          104.36,                                ,                                ,                                ,                                ,                                ,                         42440,                        257710,                        528710,                              ,                        422970,                              ,                              ,                              ,                              ,                              ,"    ",                              ,                              ,                              ,"    ",                              ,                              ,                              ,"    ",                              ,                              ,                              ,"    ",                              ,                              ,                              ,"    ",                              ,                              ,                              ,                          4053,                              ,                       1013990,                        709790,                              ,                              ,                              ,                              ,                            1.00,"  ",                            25,                              ,                              ,                              ,                              ,                              ,                              ,                              ,                              ,                              ,                              ,"                                      ","  ",                          5453,"17-Oct-2018" 
"4540176","01","34","03","05","05","01","02","02","02","02","01","30","  ","01","02","01","05","05","05",                               ,"1961","    ","    "," ",                          100.00,"84",                                ,"  ",                          100.00,"34",                                ,"  ",                          100.00,"53",                                ,"  ",                                ,"  ",                                ,"  ",                                ,"  ",                                ,"  ",                           29.91,                                ,                           84.38,                                ,                          104.36,                                ,                                ,                                ,                                ,                                ,                        107680,                              ,                        303770,                              ,                        375700,                              ,                              ,                              ,                              ,                              ,"    ",                              ,                              ,                              ,"    ",                              ,                              ,                              ,"    ",                              ,                              ,                              ,"    ",                              ,                              ,                              ,"    ",                              ,                              ,                              ,                          3600,                              ,                              ,                              ,                              ,                              ,                              ,                              ,                            1.00,"  ",                            35,                              ,                              ,                              ,                              ,                              ,                              ,                              ,                              ,                              ,                              ,"                                      ","  ",                          2634,"24-Sep-2008" 
"4540177","01","34","01","01","01","01","02","01","02","02","01","40","99","04","  ","01","05","05","05",                               ,"1987","    ","    "," ",                                ,"  ",                                ,"  ",                          100.00,"34",                                ,"  ",                                ,"  ",                                ,"  ",                                ,"  ",                                ,"  ",                                ,"  ",                                ,"  ",                                ,                                ,                           84.38,                                ,                                ,                                ,                                ,                                ,                                ,                                ,                              ,                              ,                        744230,                              ,                              ,                              ,                              ,                              ,                              ,                              ,"CP7 ",                          1050,                              ,                              ,"    ",                              ,                              ,                              ,"    ",                              ,                              ,                              ,"    ",                              ,                              ,                              ,"    ",                              ,                              ,                              ,                          8820,                              ,                              ,                              ,                              ,                              ,                              ,                              ,                            1.00,"  ",                            20,                              ,                              ,                              ,                              ,                              ,                              ,                              ,                              ,                              ,                              ,"                                      ","  ",                          2635,"24-Sep-2008" 
"4540183","01","34","01","01","01","01","01","02","01","01","01","30","99","01","01","01","05","05","05",                               ,"1930","    ","    "," ",                           38.00,"91",                                ,"  ",                          100.00,"34",                                ,"  ",                           38.00,"34",                                ,"  ",                                ,"  ",                                ,"  ",                                ,"  ",                                ,"  ",                           29.91,                                ,                           84.38,                                ,                           67.50,                                ,                                ,                                ,                                ,                                ,                         28030,                              ,                        208170,                              ,                         63250,                              ,                              ,                              ,                              ,                              ,"CP6 ",                           144,                              ,                              ,"    ",                              ,                              ,                              ,"    ",                              ,                              ,                              ,"    ",                              ,                              ,                              ,"    ",                              ,                              ,                              ,                          2467,                              ,                              ,                              ,                              ,                              ,                              ,                              ,                            1.00,"  ",                            30,                              ,                              ,                              ,                              ,                              ,                              ,                              ,                              ,                              ,                              ,"                                      ","  ",                           663,"24-Sep-2003" 
"4540192","01","34","01","01","01","01","02","02","01","01","01","30","  ","04","  ","01","05","05","05",                               ,"1962","    ","    "," ",                                ,"  ",                                ,"  ",                          100.00,"34",                                ,"  ",                                ,"  ",                                ,"  ",                                ,"  ",                                ,"  ",                                ,"  ",                                ,"  ",                                ,                                ,                           84.38,                                ,                                ,                                ,                                ,                                ,                                ,                                ,                              ,                              ,                        683480,                              ,                              ,                              ,                              ,                              ,                              ,                              ,"    ",                              ,                              ,                              ,"    ",                              ,                              ,                              ,"    ",                              ,                              ,                              ,"    ",                              ,                              ,                              ,"    ",                              ,                              ,                              ,                          8100,                              ,                              ,                              ,                              ,                              ,                              ,                              ,                            1.00,"  ",                            25,                              ,                              ,                              ,                              ,                              ,                              ,                              ,                              ,                              ,                              ,"                                      ","  ",                          4353,"21-Oct-2013" 
"4540195","01","34","02","05","05","01","02","02","02","02","01","30","99","02","01","01","05","05","05",                               ,"1960","    ","    "," ",                           12.00,"84",                                ,"  ",                           88.00,"34",                           12.00,"86",                           28.00,"53",                            4.00,"34",                                ,"  ",                                ,"  ",                                ,"  ",                                ,"  ",                           33.23,                                ,                           93.75,                           39.88,                          104.36,                           67.50,                                ,                                ,                                ,                                ,                        132060,                              ,                       2732440,                        158480,                        967830,                         89440,                              ,                              ,                              ,                              ,"CP6 ",                          3350,                              ,                         51090,"    ",                              ,                              ,                              ,"    ",                              ,                              ,                              ,"    ",                              ,                              ,                              ,"    ",                              ,                              ,                              ,                         33120,                              ,                       1859100,                       1301370,                              ,                              ,                              ,                              ,                            1.00,"  ",                            55,                              ,                              ,                              ,                              ,                              ,                              ,                              ,                              ,                              ,                              ,"                                      ","  ",                          5671,"15-Feb-2019" 
"4540200","01","34","01","01","01","01","02","02","02","02","01","40","  ","04","  ","01","05","05","05",                               ,"1989","    ","    "," ",                                ,"  ",                                ,"  ",                          100.00,"34",                                ,"  ",                                ,"  ",                                ,"  ",                                ,"  ",                                ,"  ",                                ,"  ",                                ,"  ",                                ,                                ,                           84.38,                                ,                                ,                                ,                                ,                                ,                                ,                                ,                              ,                              ,                        425950,                              ,                              ,                              ,                              ,                              ,                              ,                              ,"CP7 ",                           672,                             1,                              ,"    ",                              ,                              ,                              ,"    ",                              ,                              ,                              ,"    ",                              ,                              ,                              ,"    ",                              ,                              ,                              ,                          5048,                              ,                              ,                              ,                              ,                              ,                              ,                              ,                            1.00,"  ",                            20,                              ,                              ,                              ,                              ,                              ,                              ,                              ,                              ,                              ,                              ,"                                      ","  ",                          4340,"10-Oct-2013" 
"4540205","01","51","03","01","02","01","02","02","02","02","01","43","  ","99","  ","01","05","05","  ",                               ,"2005","    ","    "," ",                                ,"  ",                                ,"  ",                          100.00,"51",                                ,"  ",                                ,"  ",                                ,"  ",                                ,"  ",                                ,"  ",                                ,"  ",                                ,"  ",                                ,                                ,                          151.32,                                ,                                ,                                ,                                ,                                ,                                ,                                ,                              ,                              ,                        625860,                              ,                              ,                              ,                              ,                              ,                              ,                              ,"BC1 ",                           540,                              ,                         14740,"BE0 ",                           140,                              ,                         37950,"BE2 ",                              ,                             1,                         25250,"    ",                              ,                              ,                              ,"    ",                              ,                              ,                              ,                          4136,                              ,                        760100,                        532070,                              ,                              ,                              ,                              ,                            1.00,"  ",                            20,                              ,                              ,                              ,                              ,                              ,                              ,                              ,                              ,                              ,                              ,"                                      ","  ",                          5775,"24-May-2019" 
"4540209","01","34","01","01","01","  ","02","02","02","02","01","30","  ","01","01","01","05","05","  ",                               ,"1948","    ","    "," ",                           77.00,"91",                                ,"  ",                          100.00,"34",                                ,"  ",                           57.00,"34",                                ,"  ",                                ,"  ",                                ,"  ",                                ,"  ",                                ,"  ",                           29.91,                                ,                           84.38,                                ,                           67.50,                                ,                                ,                                ,                                ,                                ,                         21000,                              ,                         76950,                              ,                         35100,                              ,                              ,                              ,                              ,                              ,"    ",                              ,                              ,                              ,"    ",                              ,                              ,                              ,"    ",                              ,                              ,                              ,"    ",                              ,                              ,                              ,"    ",                              ,                              ,                              ,                           912,                              ,                              ,                              ,                              ,                              ,                              ,                              ,                            1.00,"  ",                            15,                              ,                              ,                              ,                              ,                              ,                              ,                              ,                              ,                              ,                              ,"                                      ","  ",                          1933,"24-Oct-2006" 
"4540210","01","34","05","01","01","01","02","05","02","02","01","33","  ","04","  ","01","05","05","05",                               ,"1985","    ","    "," ",                                ,"  ",                                ,"  ",                           67.00,"34",                           33.00,"31",                                ,"  ",                                ,"  ",                                ,"  ",                                ,"  ",                                ,"  ",                                ,"  ",                                ,                                ,                           84.38,                          107.89,                                ,                                ,                                ,                                ,                                ,                                ,                              ,                              ,                        254410,                        160220,                              ,                              ,                              ,                              ,                              ,                              ,"CP6 ",                           525,                              ,                              ,"    ",                              ,                              ,                              ,"    ",                              ,                              ,                              ,"    ",                              ,                              ,                              ,"    ",                              ,                              ,                              ,                          4500,                              ,                              ,                              ,                              ,                              ,                              ,                              ,                            1.00,"  ",                            30,                              ,                              ,                              ,                              ,                              ,                              ,                              ,                              ,                              ,                              ,"                                      ","  ",                          3008,"16-Dec-2008" 
"4540213","01","70","  ","01","01","01","  ","01","02","02","02","33","  ","04","  ","  ","05","05","05",                               ,"1955","    ","    "," ",                                ,"  ",                                ,"  ",                          100.00,"70",                                ,"  ",                                ,"  ",                                ,"  ",                                ,"  ",                                ,"  ",                                ,"  ",                                ,"  ",                                ,                                ,                           93.88,                                ,                                ,                                ,                                ,                                ,                                ,                                ,                              ,                              ,                        264740,                              ,                              ,                              ,                              ,                              ,                              ,                              ,"    ",                              ,                              ,                              ,"    ",                              ,                              ,                              ,"    ",                              ,                              ,                              ,"    ",                              ,                              ,                              ,"    ",                              ,                              ,                              ,                          2820,                              ,                        214440,                        150110,                              ,                              ,                              ,                              ,                            1.00,"  ",                            25,                              ,                              ,                              ,                              ,                              ,                              ,                              ,                              ,                              ,                              ,"                                      ","  ",                          5001,"27-Jul-2016" 
"4540214","01","34","01","05","05","01","02","05","02","02","01","33","  ","01","01","01","05","05","05",                               ,"1970","    ","    "," ",                           62.00,"84",                                ,"  ",                          100.00,"34",                                ,"  ",                                ,"  ",                                ,"  ",                                ,"  ",                                ,"  ",                                ,"  ",                                ,"  ",                           29.91,                                ,                           84.38,                                ,                                ,                                ,                                ,                                ,                                ,                                ,                        132290,                              ,                        601970,                              ,                              ,                              ,                              ,                              ,                              ,                              ,"CP6 ",                           455,                              ,                          6940,"    ",                              ,                              ,                              ,"    ",                              ,                              ,                              ,"    ",                              ,                              ,                              ,"    ",                              ,                              ,                              ,                          7134,                              ,                        600380,                        420270,                              ,                              ,                              ,                              ,                            1.00,"  ",                            25,                              ,                              ,                              ,                              ,                              ,                              ,                              ,                              ,                              ,                              ,"                                      ","  ",                          6188,"09-Mar-2022" 
"4540220","01","34","02","05","05","01","02","02","02","02","02","33","  ","  ","  ","01","05","05","05",                               ,"1946","    ","    "," ",                                ,"  ",                                ,"  ",                          100.00,"34",                                ,"  ",                           15.00,"53",                                ,"  ",                                ,"  ",                                ,"  ",                                ,"  ",                                ,"  ",                                ,                                ,                           93.75,                                ,                          115.95,                                ,                                ,                                ,                                ,                                ,                              ,                              ,                        950630,                              ,                        176360,                              ,                              ,                              ,                              ,                              ,"CP6 ",                           610,                              ,                          9300,"    ",                              ,                              ,                              ,"    ",                              ,                              ,                              ,"    ",                              ,                              ,                              ,"    ",                              ,                              ,                              ,                         10140,                              ,                        674960,                        472470,                              ,                              ,                              ,                              ,                            1.00,"  ",                            45,                              ,                              ,                              ,                              ,                              ,                              ,                              ,                              ,                              ,                              ,"                                      ","  ",                          5457,"17-Oct-2018" 
"4540221","01","47","01","01","01","01","02","01","02","01","01","50","34","01","01","01","05","05","05",                               ,"1960","    ","    "," ",                          100.00,"86",                                ,"  ",                          100.00,"47",                                ,"  ",                                ,"  ",                                ,"  ",                                ,"  ",                                ,"  ",                                ,"  ",                                ,"  ",                           29.91,                                ,                           70.99,                                ,                                ,                                ,                                ,                                ,                                ,                                ,                         67840,                              ,                        161010,                              ,                              ,                              ,                              ,                              ,                              ,                              ,"    ",                              ,                              ,                              ,"    ",                              ,                              ,                              ,"    ",                              ,                              ,                              ,"    ",                              ,                              ,                              ,"    ",                              ,                              ,                              ,                          2268,                              ,                        443400,                        310380,                              ,                              ,                              ,                              ,                            1.25,"  ",                              ,                              ,                              ,                              ,                              ,                              ,                              ,                              ,                              ,                              ,                              ,"                                      ","  ",                          6257,"04-Oct-2022" 
"4540224","01","53","01","01","01","01","02","02","02","02","01","40","01","  ","  ","01","05","05","05",                               ,"2008","    ","    "," ",                                ,"  ",                                ,"  ",                           74.00,"53",                           26.00,"47",                                ,"  ",                                ,"  ",                                ,"  ",                                ,"  ",                                ,"  ",                                ,"  ",                                ,                                ,                          126.87,                           70.99,                                ,                                ,                                ,                                ,                                ,                                ,                              ,                              ,                        135370,                         26620,                              ,                              ,                              ,                              ,                              ,                              ,"    ",                              ,                              ,                              ,"    ",                              ,                              ,                              ,"    ",                              ,                              ,                              ,"    ",                              ,                              ,                              ,"    ",                              ,                              ,                              ,                          1442,                              ,                        193910,                        135740,                              ,                              ,                              ,                              ,                            1.00,"  ",                             5,                              ,                              ,                              ,                              ,                              ,                              ,                              ,                              ,                              ,                              ,"                                      ","  ",                          5458,"17-Oct-2018" 
"4540225","01","31","01","01","01","01","02","02","02","02","01","33","99","02","02","01","05","05","05",                               ,"1994","    ","    "," ",                           52.00,"86",                                ,"  ",                          100.00,"31",                                ,"  ",                                ,"  ",                                ,"  ",                                ,"  ",                                ,"  ",                                ,"  ",                                ,"  ",                           29.91,                                ,                          107.89,                                ,                                ,                                ,                                ,                                ,                                ,                                ,                        118470,                              ,                        821910,                              ,                              ,                              ,                              ,                              ,                              ,                              ,"CP7 ",                           420,                              ,                          9350,"    ",                              ,                              ,                              ,"    ",                              ,                              ,                              ,"    ",                              ,                              ,                              ,"    ",                              ,                              ,                              ,                          7618,                              ,                        512860,                        359000,                              ,                              ,                              ,                              ,                            1.00,"  ",                            50,                              ,                              ,                              ,                              ,                              ,                              ,                              ,                              ,                              ,                              ,"                                      ","  ",                          5459,"17-Oct-2018" 
"4540232","01","51","01","01","01","01","02","04","02","02","02","47","  ","04","  ","01","05","05","05",                               ,"1996","    ","    "," ",                                ,"  ",                                ,"  ",                          100.00,"51",                                ,"  ",                                ,"  ",                                ,"  ",                                ,"  ",                                ,"  ",                                ,"  ",                                ,"  ",                                ,                                ,                          119.88,                                ,                                ,                                ,                                ,                                ,                                ,                                ,                              ,                              ,                        315280,                              ,                              ,                              ,                              ,                              ,                              ,                              ,"BC1 ",                           238,                              ,                              ,"BE1 ",                              ,                             1,                              ,"BE2 ",                              ,                             1,                              ,"    ",                              ,                              ,                              ,"    ",                              ,                              ,                              ,                          2630,                              ,                              ,                              ,                              ,                              ,                              ,                              ,                            1.00,"  ",                            10,                              ,                              ,                              ,                              ,                              ,                              ,                              ,                              ,                              ,                              ,"                                      ","  ",                          3519,"10-Aug-2012" 
"4540240","01","51","03","01","02","05","02","02","08","02","01","50","99","99","  ","01","05","05","05",                               ,"1998","    ","    "," ",                                ,"  ",                                ,"  ",                          100.00,"51",                                ,"  ",                                ,"  ",                                ,"  ",                                ,"  ",                                ,"  ",                                ,"  ",                                ,"  ",                                ,                                ,                          151.32,                                ,                                ,                                ,                                ,                                ,                                ,                                ,                              ,                              ,                        956340,                              ,                              ,                              ,                              ,                              ,                              ,                              ,"BC1 ",                           920,                              ,                         25120,"CP7 ",                           228,                              ,                          5070,"BE0 ",                           280,                              ,                         75890,"    ",                              ,                              ,                              ,"    ",                              ,                              ,                              ,                          6320,                              ,                       1564410,                       1095090,                              ,                              ,                              ,                              ,                            1.00,"  ",                             5,                              ,                              ,                              ,                              ,                              ,                              ,                              ,                              ,                              ,                              ,"                                      ","  ",                          5241,"09-Nov-2017" 
"4540248","01","47","02","05","05","05","02","01","02","02","02","40","98","99","  ","02","05","05","05",                               ,"1972","    ","    "," ",                                ,"  ",                                ,"  ",                          100.00,"47",                                ,"  ",                                ,"  ",                                ,"  ",                                ,"  ",                                ,"  ",                                ,"  ",                                ,"  ",                                ,                                ,                           78.88,                                ,                                ,                                ,                                ,                                ,                                ,                                ,                              ,                              ,                        713390,                              ,                              ,                              ,                              ,                              ,                              ,                              ,"AC1 ",                          2880,                              ,                              ,"    ",                              ,                              ,                              ,"    ",                              ,                              ,                              ,"    ",                              ,                              ,                              ,"    ",                              ,                              ,                              ,                          9044,                              ,                              ,                              ,                              ,                              ,                              ,                              ,                            1.00,"  ",                            30,                              ,                              ,                              ,                              ,                              ,                              ,                              ,                              ,                              ,                              ,"                                      ","  ",                          2654,"24-Sep-2008" 
"4540255","01","33","05","05","05","05","02","05","02","02","02","33","99","99","  ","01","05","05","05",                               ,"    ","    ","    "," ",                                ,"  ",                                ,"  ",                          100.00,"33",                                ,"  ",                                ,"  ",                                ,"  ",                                ,"  ",                                ,"  ",                                ,"  ",                                ,"  ",                                ,                                ,                           94.81,                                ,                                ,                                ,                                ,                                ,                                ,                                ,                              ,                              ,                      15397140,                              ,                              ,                              ,                              ,                              ,                              ,                              ,"CP7 ",                         10144,                              ,                        225700,"MZ2 ",                          2720,                              ,                         82420,"1SA ",                          1204,                              ,                         60200,"1SA ",                           112,                              ,                          5600,"1SA ",                          1680,                              ,                         84000,                        162400,                              ,                      11130260,                       7791180,                              ,                              ,                              ,                              ,                            1.00,"  ",                            35,                              ,                              ,                              ,                              ,                              ,                              ,                              ,                              ,                              ,                              ,"                                      ","  ",                          6106,"05-May-2021" 
"4540255","02","51","02","05","05","05","02","05","08","02","02","40","99","99","  ","01","05","05","05",                               ,"1999","    ","    "," ",                                ,"  ",                                ,"  ",                          100.00,"51",                                ,"  ",                                ,"  ",                                ,"  ",                                ,"  ",                                ,"  ",                                ,"  ",                                ,"  ",                                ,                                ,                          168.13,                                ,                                ,                                ,                                ,                                ,                                ,                                ,                              ,                              ,                        485560,                              ,                              ,                              ,                              ,                              ,                              ,                              ,"CP7 ",                           324,                              ,                          7210,"BE0 ",                           144,                              ,                         39030,"BE2 ",                             1,                              ,                              ,"    ",                              ,                              ,                              ,"    ",                              ,                              ,                              ,                          2888,                              ,                        569560,                        398690,                              ,                              ,                              ,                              ,                            1.00,"  ",                            15,                              ,                              ,                              ,                              ,                              ,                              ,                              ,                              ,                              ,                              ,"                                      ","  ",                          3011,"16-Dec-2008" 
"4540260","01","34","02","01","02","05","02","05","02","02","01","40","99","99","  ","01","05","05","05",                               ,"1995","    ","    "," ",                                ,"  ",                                ,"  ",                          100.00,"34",                                ,"  ",                                ,"  ",                                ,"  ",                                ,"  ",                                ,"  ",                                ,"  ",                                ,"  ",                                ,                                ,                           84.38,                                ,                                ,                                ,                                ,                                ,                                ,                                ,                              ,                              ,                       3345670,                              ,                              ,                              ,                              ,                              ,                              ,                              ,"CP7 ",                           434,                              ,                              ,"CP7 ",                           168,                              ,                              ,"    ",                              ,                              ,                              ,"    ",                              ,                              ,                              ,"    ",                              ,                              ,                              ,                         39650,                              ,                              ,                              ,                              ,                              ,                              ,                              ,                            1.00,"  ",                            20,                              ,                              ,                              ,                              ,                              ,                              ,                              ,                              ,                              ,                              ,"                                      ","  ",                          4734,"15-Aug-2014" 
"4540265","01","70","02","01","01","01","98","01","02","02","02","50","  ","99","  ","01","05","05","05",                               ,"2008","    ","    "," ",                                ,"  ",                                ,"  ",                          100.00,"70",                                ,"  ",                                ,"  ",                                ,"  ",                                ,"  ",                                ,"  ",                                ,"  ",                                ,"  ",                                ,                                ,                           93.88,                                ,                                ,                                ,                                ,                                ,                                ,                                ,                              ,                              ,                        635000,                              ,                              ,                              ,                              ,                              ,                              ,                              ,"    ",                              ,                              ,                              ,"    ",                              ,                              ,                              ,"    ",                              ,                              ,                              ,"    ",                              ,                              ,                              ,"    ",                              ,                              ,                              ,                          6764,                              ,                        885830,                        620080,                              ,                              ,                              ,                              ,                            1.00,"  ",                            10,                              ,                              ,                              ,                              ,                              ,                              ,                              ,                              ,                              ,                              ,"                                      ","  ",                          5463,"17-Oct-2018" 
"4540279","01","31","  ","05","05","01","02","02","02","02","01","33","  ","01","02","01","05","05","05",                               ,"1948","    ","    "," ",                           50.00,"36",                           50.00,"86",                          100.00,"31",                                ,"  ",                                ,"  ",                                ,"  ",                                ,"  ",                                ,"  ",                                ,"  ",                                ,"  ",                           80.92,                           29.91,                          107.89,                                ,                                ,                                ,                                ,                                ,                                ,                                ,                        103010,                         38080,                        274690,                              ,                              ,                              ,                              ,                              ,                              ,                              ,"CP7 ",                            77,                              ,                          1710,"    ",                              ,                              ,                              ,"    ",                              ,                              ,                              ,"    ",                              ,                              ,                              ,"    ",                              ,                              ,                              ,                          2546,                              ,                        112720,                         78900,                              ,                              ,                              ,                              ,                            1.00,"  ",                            75,                              ,                              ,                              ,                              ,                              ,                              ,                              ,                              ,                              ,                              ,"                                      ","  ",                          4876,"01-Oct-2015" 
"4540282","01","34","01","01","01","02","02","02","01","01","01","33","  ","01","03","01","04","04","05",                               ,"1954","    ","    "," ",                           50.00,"34",                           50.00,"84",                          100.00,"34",                                ,"  ",                           60.00,"34",                                ,"  ",                                ,"  ",                                ,"  ",                                ,"  ",                                ,"  ",                           63.28,                           29.91,                           84.38,                                ,                           67.50,                                ,                                ,                                ,                                ,                                ,                         36070,                         17050,                         96190,                              ,                         46170,                              ,                              ,                              ,                              ,                              ,"CP6 ",                           120,                              ,                              ,"    ",                              ,                              ,                              ,"    ",                              ,                              ,                              ,"    ",                              ,                              ,                              ,"    ",                              ,                              ,                              ,                          1140,                              ,                              ,                              ,                              ,                              ,                              ,                              ,                            1.00,"  ",                            60,                              ,                              ,                              ,                              ,                              ,                              ,                              ,                              ,                              ,                              ,"                                      ","  ",                          3337,"12-May-2011" 
"4540290","01","34","01","01","01","01","02","02","02","02","01","40","99","01","01","01","05","05","05",                               ,"1985","    ","    "," ",                          100.00,"91",                                ,"  ",                          100.00,"34",                                ,"  ",                                ,"  ",                                ,"  ",                                ,"  ",                                ,"  ",                                ,"  ",                                ,"  ",                           29.91,                                ,                           84.38,                                ,                                ,                                ,                                ,                                ,                                ,                                ,                        320640,                              ,                        904550,                              ,                              ,                              ,                              ,                              ,                              ,                              ,"    ",                              ,                              ,                              ,"    ",                              ,                              ,                              ,"    ",                              ,                              ,                              ,"    ",                              ,                              ,                              ,"    ",                              ,                              ,                              ,                         10720,                              ,                       1003430,                        702400,                              ,                              ,                              ,                              ,                            1.00,"  ",                            35,                              ,                              ,                              ,                              ,                              ,                              ,                              ,                              ,                              ,                              ,"                                      ","  ",                          5635,"19-Dec-2018" 
"4540300","01","31","03","01","01","01","02","02","02","02","01","37","  ","01","03","01","05","05","05",                               ,"1965","    ","2010"," ",                           45.00,"31",                                ,"  ",                          100.00,"31",                                ,"  ",                           40.00,"53",                                ,"  ",                                ,"  ",                                ,"  ",                                ,"  ",                                ,"  ",                           80.92,                                ,                          107.89,                                ,                          104.36,                                ,                                ,                                ,                                ,                                ,                        259670,                              ,                        769470,                              ,                        297740,                              ,                              ,                              ,                              ,                              ,"    ",                              ,                              ,                              ,"    ",                              ,                              ,                              ,"    ",                              ,                              ,                              ,"    ",                              ,                              ,                              ,"    ",                              ,                              ,                              ,                          7132,                              ,                              ,                              ,                              ,                              ,                              ,                              ,                            1.00,"  ",                            35,                              ,                              ,                              ,                              ,                              ,                              ,                              ,                              ,                              ,                              ,"                                      ","  ",                          4818,"16-Mar-2015" 
"4540302","01","53","  ","05","05","01","02","02","02","02","01","33","  ","05","  ","01","05","05","04",                               ,"1987","    ","    "," ",                          100.00,"53",                                ,"  ",                          100.00,"53",                                ,"  ",                                ,"  ",                                ,"  ",                                ,"  ",                                ,"  ",                                ,"  ",                                ,"  ",                           97.84,                                ,                          130.45,                                ,                                ,                                ,                                ,                                ,                                ,                                ,                       1907000,                              ,                       2542600,                              ,                              ,                              ,                              ,                              ,                              ,                              ,"EL1 ",                              ,                             1,                              ,"CP7 ",                           750,                              ,                              ,"    ",                              ,                              ,                              ,"    ",                              ,                              ,                              ,"    ",                              ,                              ,                              ,                         19491,                              ,                              ,                              ,                              ,                              ,                              ,                              ,                            1.00,"  ",                            50,                              ,                              ,                              ,                              ,                              ,                              ,                              ,                              ,                              ,                              ,"                                      ","  ",                          2660,"24-Sep-2008" 
"4540304","01","34","01","01","01","01","02","02","05","03","01","30","99","02","01","01","03","03","03",                               ,"1950","    ","    "," ",                           25.00,"91",                                ,"  ",                          100.00,"34",                                ,"  ",                                ,"  ",                                ,"  ",                                ,"  ",                                ,"  ",                                ,"  ",                                ,"  ",                           29.91,                                ,                           84.38,                                ,                                ,                                ,                                ,                                ,                                ,                                ,                         68050,                              ,                        767860,                              ,                              ,                              ,                              ,                              ,                              ,                              ,"    ",                              ,                              ,                              ,"    ",                              ,                              ,                              ,"    ",                              ,                              ,                              ,"    ",                              ,                              ,                              ,"    ",                              ,                              ,                              ,                          9100,                              ,                              ,                              ,                              ,                              ,                              ,                              ,                            1.00,"  ",                            30,                              ,                              ,                              ,                              ,                              ,                              ,                              ,                              ,                              ,                              ,"                                      ","  ",                          4422,"11-Dec-2013" 
"4540310","01","51","02","01","01","01","02","02","02","02","01","47","  ","01","02","01","05","05","05",                               ,"1985","    ","    "," ",                           66.00,"86",                                ,"  ",                          100.00,"51",                                ,"  ",                                ,"  ",                                ,"  ",                                ,"  ",                                ,"  ",                                ,"  ",                                ,"  ",                           29.91,                                ,                          151.32,                                ,                                ,                                ,                                ,                                ,                                ,                                ,                         42950,                              ,                        329270,                              ,                              ,                              ,                              ,                              ,                              ,                              ,"BE1 ",                              ,                             1,                              ,"BC1 ",                           620,                              ,                              ,"BE0 ",                           432,                              ,                              ,"    ",                              ,                              ,                              ,"    ",                              ,                              ,                              ,                          2176,                              ,                              ,                              ,                              ,                              ,                              ,                              ,                            1.00,"  ",                            25,                              ,                              ,                              ,                              ,                              ,                              ,                              ,                              ,                              ,                              ,"                                      ","  ",                          2662,"24-Sep-2008" 
"4540315","01","33","14","05","05","05","02","05","08","02","02","40","99","99","  ","01","05","05","05",                               ,"1974","    ","    "," ",                                ,"  ",                                ,"  ",                          100.00,"33",                                ,"  ",                                ,"  ",                                ,"  ",                                ,"  ",                                ,"  ",                                ,"  ",                                ,"  ",                                ,                                ,                           94.81,                                ,                                ,                                ,                                ,                                ,                                ,                                ,                              ,                              ,                       7044760,                              ,                              ,                              ,                              ,                              ,                              ,                              ,"LD1 ",                            96,                              ,                          1060,"CP7 ",                          3589,                              ,                         79860,"CP7 ",                          1530,                              ,                         34040,"    ",                              ,                              ,                              ,"    ",                              ,                              ,                              ,                         74304,                              ,                       6765935,                       4736155,                              ,                              ,                              ,                              ,                            1.00,"  ",                            25,                              ,                              ,                              ,                              ,                              ,                              ,                              ,                              ,                              ,                              ,"                                      ","  ",                          5464,"17-Oct-2018" 
"4540315","02","34","02","05","05","05","02","05","08","02","02","43","99","99","  ","01","05","05","05",                               ,"2011","    ","    "," ",                                ,"  ",                                ,"  ",                          100.00,"34",                                ,"  ",                                ,"  ",                                ,"  ",                                ,"  ",                                ,"  ",                                ,"  ",                                ,"  ",                                ,                                ,                           93.75,                                ,                                ,                                ,                                ,                                ,                                ,                                ,                              ,                              ,                       1770000,                              ,                              ,                              ,                              ,                              ,                              ,                              ,"MZ1 ",                          2250,                              ,                         30380,"LD1 ",                           360,                              ,                          3960,"    ",                              ,                              ,                              ,"    ",                              ,                              ,                              ,"    ",                              ,                              ,                              ,                         18880,                              ,                       2314066,                       1619846,                              ,                              ,                              ,                              ,                            1.00,"  ",                             5,                              ,                              ,                              ,                              ,                              ,                              ,                              ,                              ,                              ,                              ,"                                      ","  ",                          3390,"02-Mar-2012" 
"4540315","03","31","  ","  ","  ","  ","  ","  ","  ","  ","01","43","  ","  ","  ","  ","  ","  ","  ",                               ,"1999","    ","    "," ",                                ,"  ",                                ,"  ",                          100.00,"31",                                ,"  ",                                ,"  ",                                ,"  ",                                ,"  ",                                ,"  ",                                ,"  ",                                ,"  ",                                ,                                ,                          107.89,                                ,                                ,                                ,                                ,                                ,                                ,                                ,                              ,                              ,                        852980,                              ,                              ,                              ,                              ,                              ,                              ,                              ,"SS1 ",                          7906,                             1,                         16600,"    ",                              ,                              ,                              ,"    ",                              ,                              ,                              ,"    ",                              ,                              ,                              ,"    ",                              ,                              ,                              ,                          7906,                              ,                        997843,                        698490,                              ,                              ,                              ,                              ,                            1.00,"  ",                            15,                              ,                              ,                              ,                              ,                              ,                              ,                              ,                              ,                              ,                              ,"                                      ","  ",                          2667,"24-Sep-2008" 
"4540320","01","34","02","01","01","01","02","02","02","02","01","37","  ","02","01","01","05","05","05",                               ,"1990","    ","    "," ",                           70.00,"91",                                ,"  ",                          100.00,"34",                                ,"  ",                                ,"  ",                                ,"  ",                                ,"  ",                                ,"  ",                                ,"  ",                                ,"  ",                           29.91,                                ,                           84.38,                                ,                                ,                                ,                                ,                                ,                                ,                                ,                        581870,                              ,                       2345090,                              ,                              ,                              ,                              ,                              ,                              ,                              ,"    ",                              ,                              ,                              ,"    ",                              ,                              ,                              ,"    ",                              ,                              ,                              ,"    ",                              ,                              ,                              ,"    ",                              ,                              ,                              ,                         27792,                              ,                       2225950,                       1558170,                              ,                              ,                              ,                              ,                            1.00,"  ",                            35,                              ,                              ,                              ,                              ,                              ,                              ,                              ,                              ,                              ,                              ,"                                      ","  ",                          5465,"17-Oct-2018" 
"4540328","01","53","03","01","01","01","02","05","01","01","01","30","  ","02","03","01","05","05","05",                               ,"1946","    ","    "," ",                           42.00,"86",                                ,"  ",                           40.00,"53",                           60.00,"45",                           18.00,"53",                                ,"  ",                                ,"  ",                                ,"  ",                                ,"  ",                                ,"  ",                           29.91,                                ,                          130.45,                           49.39,                          104.36,                                ,                                ,                                ,                                ,                                ,                         46720,                              ,                        194110,                        110240,                         69920,                              ,                              ,                              ,                              ,                              ,"    ",                              ,                              ,                              ,"    ",                              ,                              ,                              ,"    ",                              ,                              ,                              ,"    ",                              ,                              ,                              ,"    ",                              ,                              ,                              ,                          3720,                              ,                              ,                              ,                              ,                              ,                              ,                              ,                            1.00,"0 ",                            50,                              ,                              ,                              ,                              ,                              ,                              ,                              ,                              ,                              ,                              ,"                                      ","  ",                          2669,"24-Sep-2008" 
"4540332","01","34","01","01","01","01","02","02","02","02","01","37","  ","01","01","01","05","05","05",                               ,"1997","    ","    "," ",                          100.00,"86",                                ,"  ",                          100.00,"34",                                ,"  ",                           12.00,"34",                                ,"  ",                                ,"  ",                                ,"  ",                                ,"  ",                                ,"  ",                           29.91,                                ,                           84.38,                                ,                           67.50,                                ,                                ,                                ,                                ,                                ,                        135670,                              ,                        382750,                              ,                         36720,                              ,                              ,                              ,                              ,                              ,"    ",                              ,                              ,                              ,"    ",                              ,                              ,                              ,"    ",                              ,                              ,                              ,"    ",                              ,                              ,                              ,"    ",                              ,                              ,                              ,                          4536,                              ,                        454660,                        318260,                              ,                              ,                              ,                              ,                            1.00,"  ",                            30,                              ,                              ,                              ,                              ,                              ,                              ,                              ,                              ,                              ,                              ,"                                      ","  ",                          5466,"17-Oct-2018" 
"4540336","01","31","03","05","05","01","02","02","02","02","01","53","99","99","  ","01","06","06","  ",                               ,"2000","    ","    "," ",                                ,"  ",                                ,"  ",                          100.00,"31",                                ,"  ",                                ,"  ",                                ,"  ",                                ,"  ",                                ,"  ",                                ,"  ",                                ,"  ",                                ,                                ,                          107.89,                                ,                                ,                                ,                                ,                                ,                                ,                                ,                              ,                              ,                        481510,                              ,                              ,                              ,                              ,                              ,                              ,                              ,"SS1 ",                          4500,                              ,                          9450,"    ",                              ,                              ,                              ,"    ",                              ,                              ,                              ,"    ",                              ,                              ,                              ,"    ",                              ,                              ,                              ,                          4463,                              ,                        778910,                        545240,                              ,                              ,                              ,                              ,                            1.00,"  ",                             5,                              ,                              ,                              ,                              ,                              ,                              ,                              ,                              ,                              ,                              ,"                                      ","  ",                          5069,"28-Feb-2017" 
"4540339","01","52","03","05","05","01","02","02","02","02","02","40","  ","  ","  ","01","05","05","05",                               ,"1979","    ","2011"," ",                                ,"  ",                                ,"  ",                          100.00,"52",                                ,"  ",                                ,"  ",                                ,"  ",                                ,"  ",                                ,"  ",                                ,"  ",                                ,"  ",                                ,                                ,                          144.94,                                ,                                ,                                ,                                ,                                ,                                ,                                ,                              ,                              ,                       1906250,                              ,                              ,                              ,                              ,                              ,                              ,                              ,"CP7 ",                          2389,                              ,                              ,"    ",                              ,                              ,                              ,"    ",                              ,                              ,                              ,"    ",                              ,                              ,                              ,"    ",                              ,                              ,                              ,                         13152,                              ,                              ,                              ,                              ,                              ,                              ,                              ,                            1.00,"  ",                            10,                              ,                              ,                              ,                              ,                              ,                              ,                              ,                              ,                              ,                              ,"                                      ","  ",                          3380,"29-Feb-2012" 
"4540347","01","31","  ","05","05","01","02","02","02","02","02","40","  ","  ","  ","01","05","05","05",                               ,"1978","    ","    "," ",                                ,"  ",                                ,"  ",                          100.00,"31",                                ,"  ",                                ,"  ",                                ,"  ",                                ,"  ",                                ,"  ",                                ,"  ",                                ,"  ",                                ,                                ,                          119.88,                                ,                                ,                                ,                                ,                                ,                                ,                                ,                              ,                              ,                        561040,                              ,                              ,                              ,                              ,                              ,                              ,                              ,"    ",                              ,                              ,                              ,"    ",                              ,                              ,                              ,"    ",                              ,                              ,                              ,"    ",                              ,                              ,                              ,"    ",                              ,                              ,                              ,                          4680,                              ,                              ,                              ,                              ,                              ,                              ,                              ,                            1.00,"  ",                            35,                              ,                              ,                              ,                              ,                              ,                              ,                              ,                              ,                              ,                              ,"                                      ","  ",                          2674,"24-Sep-2008" 
"4540353","01","34","03","05","05","01","02","02","02","02","02","33","  ","04","  ","01","05","05","05",                               ,"1976","    ","    "," ",                                ,"  ",                                ,"  ",                          100.00,"34",                                ,"  ",                                ,"  ",                                ,"  ",                                ,"  ",                                ,"  ",                                ,"  ",                                ,"  ",                                ,                                ,                           93.75,                                ,                                ,                                ,                                ,                                ,                                ,                                ,                              ,                              ,                       1187720,                              ,                              ,                              ,                              ,                              ,                              ,                              ,"    ",                              ,                              ,                              ,"    ",                              ,                              ,                              ,"    ",                              ,                              ,                              ,"    ",                              ,                              ,                              ,"    ",                              ,                              ,                              ,                         12669,                              ,                              ,                              ,                              ,                              ,                              ,                              ,                            1.00,"  ",                            25,                              ,                              ,                              ,                              ,                              ,                              ,                              ,                              ,                              ,                              ,"                                      ","  ",                          3030,"17-Dec-2008" 
"4540358","01","34","02","06","02","01","02","02","02","02","02","50","99","04","  ","01","06","06","  ",                               ,"2000","    ","    "," ",                                ,"  ",                                ,"  ",                          100.00,"34",                                ,"  ",                                ,"  ",                                ,"  ",                                ,"  ",                                ,"  ",                                ,"  ",                                ,"  ",                                ,                                ,                           93.75,                                ,                                ,                                ,                                ,                                ,                                ,                                ,                              ,                              ,                        949220,                              ,                              ,                              ,                              ,                              ,                              ,                              ,"MZ1 ",                          1800,                              ,                              ,"SS1 ",                         11925,                              ,                              ,"CP7 ",                           336,                              ,                              ,"LD1 ",                           224,                              ,                              ,"    ",                              ,                              ,                              ,                         10125,                              ,                              ,                              ,                              ,                              ,                              ,                              ,                            1.00,"  ",                            15,                              ,                              ,                              ,                              ,                              ,                              ,                              ,                              ,                              ,                              ,"                                      ","  ",                          4809,"10-Dec-2014" 
"4540369","01","34","05","05","05","01","02","02","01","02","02","30","  ","04","  ","  ","05","05","05",                               ,"1960","    ","    "," ",                                ,"  ",                                ,"  ",                           50.00,"34",                           50.00,"44",                                ,"  ",                                ,"  ",                                ,"  ",                                ,"  ",                                ,"  ",                                ,"  ",                                ,                                ,                           93.75,                           58.81,                                ,                                ,                                ,                                ,                                ,                                ,                              ,                              ,                        766880,                        481070,                              ,                              ,                              ,                              ,                              ,                              ,"MZ2 ",                          1824,                              ,                              ,"    ",                              ,                              ,                              ,"    ",                              ,                              ,                              ,"    ",                              ,                              ,                              ,"    ",                              ,                              ,                              ,                         16360,                              ,                              ,                              ,                              ,                              ,                              ,                              ,                            1.00,"  ",                            45,                              ,                              ,                              ,                              ,                              ,                              ,                              ,                              ,                              ,                              ,"                                      ","  ",                          2676,"24-Sep-2008" 
"4540369","02","44","05","05","05","01","02","02","02","02","02","33","99","  ","  ","01","03","03","03",                               ,"1979","    ","    "," ",                                ,"  ",                                ,"  ",                          100.00,"44",                                ,"  ",                                ,"  ",                                ,"  ",                                ,"  ",                                ,"  ",                                ,"  ",                                ,"  ",                                ,                                ,                           58.81,                                ,                                ,                                ,                                ,                                ,                                ,                                ,                              ,                              ,                        501770,                              ,                              ,                              ,                              ,                              ,                              ,                              ,"    ",                              ,                              ,                              ,"    ",                              ,                              ,                              ,"    ",                              ,                              ,                              ,"    ",                              ,                              ,                              ,"    ",                              ,                              ,                              ,                          8532,                              ,                              ,                              ,                              ,                              ,                              ,                              ,                            1.00,"  ",                            35,                              ,                              ,                              ,                              ,                              ,                              ,                              ,                              ,                              ,                              ,"                                      ","  ",                          2677,"24-Sep-2008" 
"4540380","01","34","02","05","05","01","02","02","02","02","02","53","  ","04","  ","01","05","05","05",                               ,"1994","    ","    "," ",                                ,"  ",                                ,"  ",                           85.00,"34",                           15.00,"31",                                ,"  ",                                ,"  ",                                ,"  ",                                ,"  ",                                ,"  ",                                ,"  ",                                ,                                ,                           93.75,                          119.88,                                ,                                ,                                ,                                ,                                ,                                ,                              ,                              ,                       5603910,                       1264610,                              ,                              ,                              ,                              ,                              ,                              ,"CP7 ",                          4383,                              ,                         97520,"    ",                              ,                              ,                              ,"    ",                              ,                              ,                              ,"    ",                              ,                              ,                              ,"    ",                              ,                              ,                              ,                         70324,                              ,                      12360370,                       8652260,                              ,                              ,                              ,                              ,                            1.25,"  ",                            15,                              ,                              ,                              ,                              ,                              ,                              ,                              ,                              ,                              ,                              ,"                                      ","  ",                          5617,"11-Dec-2018" 
"4540385","01","34","05","05","05","01","02","02","02","02","02","43","  ","04","  ","01","05","05","05",                               ,"1991","    ","    "," ",                                ,"  ",                                ,"  ",                          100.00,"34",                                ,"  ",                                ,"  ",                                ,"  ",                                ,"  ",                                ,"  ",                                ,"  ",                                ,"  ",                                ,                                ,                           93.75,                                ,                                ,                                ,                                ,                                ,                                ,                                ,                              ,                              ,                       2848410,                              ,                              ,                              ,                              ,                              ,                              ,                              ,"CP7 ",                          2508,                              ,                              ,"    ",                              ,                              ,                              ,"    ",                              ,                              ,                              ,"    ",                              ,                              ,                              ,"    ",                              ,                              ,                              ,                         30383,                              ,                              ,                              ,                              ,                              ,                              ,                              ,                            1.00,"  ",                            10,                              ,                              ,                              ,                              ,                              ,                              ,                              ,                              ,                              ,                              ,"                                      ","  ",                           701,"25-Sep-2003" 
"4540392","01","51","02","05","05","01","02","02","02","02","02","43","  ","04","  ","01","05","05","05",                               ,"1971","    ","    "," ",                                ,"  ",                                ,"  ",                          100.00,"51",                                ,"  ",                                ,"  ",                                ,"  ",                                ,"  ",                                ,"  ",                                ,"  ",                                ,"  ",                                ,                                ,                          168.13,                                ,                                ,                                ,                                ,                                ,                                ,                                ,                              ,                              ,                       1337810,                              ,                              ,                              ,                              ,                              ,                              ,                              ,"BE0 ",                           440,                              ,                              ,"BE1 ",                              ,                             2,                              ,"BC1 ",                          1050,                              ,                              ,"BC1 ",                           560,                              ,                              ,"    ",                              ,                              ,                              ,                          7957,                              ,                              ,                              ,                              ,                              ,                              ,                              ,                            1.00,"  ",                            20,                              ,                              ,                              ,                              ,                              ,                              ,                              ,                              ,                              ,                              ,"                                      ","  ",                          4298,"27-Sep-2013" 
"4540395","01","34","  ","05","05","01","02","02","02","02","02","40","  ","  ","  ","01","05","05","05",                               ,"1972","    ","    "," ",                                ,"  ",                                ,"  ",                          100.00,"34",                                ,"  ",                                ,"  ",                                ,"  ",                                ,"  ",                                ,"  ",                                ,"  ",                                ,"  ",                                ,                                ,                           93.75,                                ,                                ,                                ,                                ,                                ,                                ,                                ,                              ,                              ,                       1436250,                              ,                              ,                              ,                              ,                              ,                              ,                              ,"CP6 ",                          1104,                              ,                              ,"    ",                              ,                              ,                              ,"    ",                              ,                              ,                              ,"    ",                              ,                              ,                              ,"    ",                              ,                              ,                              ,                         15320,                              ,                              ,                              ,                              ,                              ,                              ,                              ,                            1.00,"  ",                            25,                              ,                              ,                              ,                              ,                              ,                              ,                              ,                              ,                              ,                              ,"                                      ","  ",                          3001,"16-Dec-2008" 
"4540401","01","34","  ","05","05","01","02","02","02","02","01","40","99","01","  ","01","05","05","05",                               ,"1972","    ","    "," ",                                ,"  ",                                ,"  ",                           42.00,"31",                           58.00,"34",                                ,"  ",                                ,"  ",                                ,"  ",                                ,"  ",                                ,"  ",                                ,"  ",                                ,                                ,                          107.89,                           84.38,                                ,                                ,                                ,                                ,                                ,                                ,                              ,                              ,                        317520,                        342920,                              ,                              ,                              ,                              ,                              ,                              ,"    ",                              ,                              ,                              ,"    ",                              ,                              ,                              ,"    ",                              ,                              ,                              ,"    ",                              ,                              ,                              ,"    ",                              ,                              ,                              ,                          7007,                              ,                        540900,                        378630,                              ,                              ,                              ,                              ,                            1.00,"  ",                            35,                              ,                              ,                              ,                              ,                              ,                              ,                              ,                              ,                              ,                              ,"                                      ","  ",                          5684,"21-Mar-2019" 
"4540411","01","71","03","05","05","01","02","02","02","02","02","50","99","  ","  ","01","05","05","05",                               ,"1993","    ","    "," ",                                ,"  ",                                ,"  ",                          100.00,"71",                                ,"  ",                                ,"  ",                                ,"  ",                                ,"  ",                                ,"  ",                                ,"  ",                                ,"  ",                                ,                                ,                          126.38,                                ,                                ,                                ,                                ,                                ,                                ,                                ,                              ,                              ,                        128910,                              ,                              ,                              ,                              ,                              ,                              ,                              ,"    ",                              ,                              ,                              ,"    ",                              ,                              ,                              ,"    ",                              ,                              ,                              ,"    ",                              ,                              ,                              ,"    ",                              ,                              ,                              ,                          1020,                              ,                              ,                              ,                              ,                              ,                              ,                              ,                            1.00,"  ",                             5,                              ,                              ,                              ,                              ,                              ,                              ,                              ,                              ,                              ,                              ,"                                      ","  ",                          7490,"19-Oct-1999" 
"4541029","01","55","01","01","01","01","02","02","02","02","01","  ","  ","  ","  ","01","05","05","05",                               ,"1990","    ","    "," ",                                ,"  ",                                ,"  ",                          100.00,"55",                                ,"  ",                                ,"  ",                                ,"  ",                                ,"  ",                                ,"  ",                                ,"  ",                                ,"  ",                                ,                                ,                          115.00,                                ,                                ,                                ,                                ,                                ,                                ,                                ,                              ,                              ,                        291640,                              ,                              ,                              ,                              ,                              ,                              ,                              ,"    ",                              ,                              ,                              ,"    ",                              ,                              ,                              ,"    ",                              ,                              ,                              ,"    ",                              ,                              ,                              ,"    ",                              ,                              ,                              ,                          2536,                              ,                        291640,                        204148,                              ,                              ,                              ,                              ,                            1.00,"  ",                              ,                              ,                              ,                              ,                              ,                              ,                              ,                              ,                              ,                              ,                              ,"                                      ","  ",                          5593,"19-Oct-2018" 
"4542029","01","55","01","01","01","01","02","02","02","02","01","  ","  ","  ","  ","01","05","05","05",                               ,"1990","    ","    "," ",                                ,"  ",                                ,"  ",                                ,"  ",                                ,"  ",                          100.00,"55",                                ,"  ",                                ,"  ",                                ,"  ",                                ,"  ",                                ,"  ",                                ,                                ,                                ,                                ,                          115.00,                                ,                                ,                                ,                                ,                                ,                              ,                              ,                              ,                              ,                        291640,                              ,                              ,                              ,                              ,                              ,"    ",                              ,                              ,                              ,"    ",                              ,                              ,                              ,"    ",                              ,                              ,                              ,"    ",                              ,                              ,                              ,"    ",                              ,                              ,                              ,                          2536,                              ,                        291640,                        204148,                              ,                              ,                              ,                              ,                            1.00,"  ",                              ,                              ,                              ,                              ,                              ,                              ,                              ,                              ,                              ,                              ,                              ,"                                      ","  ",                          5595,"19-Oct-2018" 
"4543029","01","55","01","01","01","01","02","02","02","02","01","  ","  ","  ","  ","01","05","05","05",                               ,"1991","    ","    "," ",                                ,"  ",                                ,"  ",                          100.00,"55",                                ,"  ",                          100.00,"55",                                ,"  ",                                ,"  ",                                ,"  ",                                ,"  ",                                ,"  ",                                ,                                ,                          115.00,                                ,                          115.00,                                ,                                ,                                ,                                ,                                ,                              ,                              ,                        307740,                              ,                        307740,                              ,                              ,                              ,                              ,                              ,"    ",                              ,                              ,                              ,"    ",                              ,                              ,                              ,"    ",                              ,                              ,                              ,"    ",                              ,                              ,                              ,"    ",                              ,                              ,                              ,                          2676,                              ,                        461610,                        323127,                              ,                              ,                              ,                              ,                            1.00,"  ",                            25,                              ,                              ,                              ,                              ,                              ,                              ,                              ,                              ,                              ,                              ,"                                      ","  ",                          5599,"19-Oct-2018" 
"4544029","01","55","01","01","01","01","  ","  ","  ","  ","01","  ","  ","  ","  ","  ","  ","  ","  ",                               ,"1991","    ","    "," ",                                ,"  ",                                ,"  ",                          100.00,"55",                                ,"  ",                                ,"  ",                                ,"  ",                                ,"  ",                                ,"  ",                                ,"  ",                                ,"  ",                                ,                                ,                                ,                                ,                                ,                                ,                                ,                                ,                                ,                                ,                              ,                              ,                              ,                              ,                              ,                              ,                              ,                              ,                              ,                              ,"    ",                              ,                              ,                              ,"    ",                              ,                              ,                              ,"    ",                              ,                              ,                              ,"    ",                              ,                              ,                              ,"    ",                              ,                              ,                              ,                          4904,                              ,                              ,                              ,                              ,                              ,                              ,                              ,                            1.00,"  ",                            50,                              ,                              ,                              ,                              ,                              ,                              ,                              ,                              ,                              ,                              ,"                                      ","  ",                          7428,"19-Oct-1999" 
"4590001","01","11","01","01","01","01","02","02","05","03","01","33","  ","04","  ","  ","05","05","05",                               ,"1984","    ","    "," ",                                ,"  ",                                ,"  ",                          100.00,"11",                                ,"  ",                           25.00,"11",                                ,"  ",                                ,"  ",                                ,"  ",                                ,"  ",                                ,"  ",                                ,                                ,                           85.50,                                ,                           68.40,                                ,                                ,                                ,                                ,                                ,                              ,                              ,                       1761300,                              ,                        352260,                              ,                              ,                              ,                              ,                              ,"    ",                              ,                              ,                              ,"    ",                              ,                              ,                              ,"    ",                              ,                              ,                              ,"    ",                              ,                              ,                              ,"    ",                              ,                              ,                              ,                         20600,                              ,                              ,                              ,                              ,                              ,                              ,                              ,                            1.00,"  ",                            15,                              ,                              ,                              ,                              ,                              ,                              ,                              ,                              ,                              ,                              ,"                                      ","  ",                          4370,"24-Oct-2013" 
"4590100","01","11","  ","  ","  ","  ","  ","  ","  ","  ","01","33","  ","  ","  ","  ","  ","  ","  ",                               ,"2000","    ","    "," ",                                ,"  ",                                ,"  ",                          100.00,"11",                                ,"  ",                          100.00,"11",                                ,"  ",                                ,"  ",                                ,"  ",                                ,"  ",                                ,"  ",                                ,                                ,                           85.50,                                ,                           68.40,                                ,                                ,                                ,                                ,                                ,                              ,                              ,                       2054050,                              ,                       1643240,                              ,                              ,                              ,                              ,                              ,"AC1 ",                         48048,                             1,                              ,"    ",                              ,                              ,                              ,"    ",                              ,                              ,                              ,"    ",                              ,                              ,                              ,"    ",                              ,                              ,                              ,                         24024,                              ,                              ,                              ,                              ,                              ,                              ,                              ,                            1.00,"  ",                            45,                              ,                              ,                              ,                              ,                              ,                              ,                              ,                              ,                              ,                              ,"                                      ","  ",                          4373,"03-Dec-2013" 
"5980030","01","53","01","01","01","01","02","02","02","02","01","40","99","99","  ","01","06","06","  ",                               ,"    ","    ","    "," ",                                ,"  ",                                ,"  ",                          100.00,"53",                                ,"  ",                                ,"  ",                                ,"  ",                                ,"  ",                                ,"  ",                                ,"  ",                                ,"  ",                                ,                                ,                          130.45,                                ,                                ,                                ,                                ,                                ,                                ,                                ,                              ,                              ,                        343610,                              ,                              ,                              ,                              ,                              ,                              ,                              ,"OP1 ",                            75,                              ,                              ,"    ",                              ,                              ,                              ,"    ",                              ,                              ,                              ,"    ",                              ,                              ,                              ,"    ",                              ,                              ,                              ,                          2634,                              ,                              ,                              ,                              ,                              ,                              ,                              ,                            1.00,"  ",                            10,                              ,                              ,                              ,                              ,                              ,                              ,                              ,                              ,                              ,                              ,"                                      ","  ",                          2869,"09-Oct-2008" 
